image,screen_type,event_time,actor_server,actor_alliance,opponent_alliance,target_server,x,y,level,terrain,kind_raw,kind_sheet,action,owner_for_sheet,confidence,time_source,source_text
frame_0001.png,history_modal,2026/05/27 00:02:18,#480,CDf8,,#511,949,949,1,,都市,都市,destroy,破壊,medium,visible_datetime,"#480[CDf8]が#511領有中のLV.1都市#511(949,949)を 攻撃し、陣営のために破壊宝箱xを勝ち取りました 2026-5-27 00:02:18"
frame_0001.png,history_modal,2026/05/27 00:11:44,#476,4762,,#509,249,49,1,,都市,都市,destroy,破壊,medium,visible_datetime,"#476[4762]が#509領有中のLV.1都市#509(249,49)を 攻撃し、陣営のために破壊宝箱xをち取りました 2026-5-27 00:11:44"
frame_0001.png,history_modal,2026/05/27 00:35:38,#476,ALj,,#509,349,49,1,,都市,都市,destroy,破壊,medium,visible_datetime,"#476[ALj]が#509領有中のLV.1都市#509(349,49)を攻 撃し、陣営のために破壊宝箱xをち取りました 2026-5-27 00:35:38"
frame_0002.png,history_modal,2026/05/27 00:02:18,#480,CDf8,,#511,949,949,1,,都市,都市,destroy,破壊,medium,visible_datetime,"#480[CDf8が#511領有中のLV.1都市#511(949,949)を 攻撃し、陣営のために破壊宝箱xを勝ち取りました 2026-5-27 00:02:18"
frame_0002.png,history_modal,2026/05/27 00:11:44,#476,476z,,#509,249,49,1,,都市,都市,destroy,破壊,medium,visible_datetime,"#476[476z]が#509領有中のLV.1都市#509(249,49)を 攻撃し、陣営のために破壊宝箱xをち取りました 2026-5-27 00:11:44"
frame_0002.png,history_modal,2026/05/27 00:35:38,#476,ALj,,#509,349,49,1,,都市,都市,destroy,破壊,medium,visible_datetime,"#476[ALj]が#509領有中のLV.1都市#509(349,49)を攻 撃し、陣営のために破壊宝箱xをち取りました 2026-5-27 00:35:38"
frame_0003.png,history_modal,2026/05/27 00:02:18,#480,CDf8,,#511,949,949,1,,都市,都市,destroy,破壊,medium,visible_datetime,"#480[CDf8が#511領有中のLV.1都市#511(949,949)を 攻撃し、陣営のために破壊宝箱xを勝ち取りました 2026-5-27 00:02:18"
frame_0003.png,history_modal,2026/05/27 00:11:44,#476,476z,,#509,249,49,1,,都市,都市,destroy,破壊,medium,visible_datetime,"#476[476z]が#509領有中のLV.1都市#509(249,49)を 攻撃し、陣営のために破壊宝箱xをち取りました 2026-5-27 00:11:44"
frame_0003.png,history_modal,2026/05/27 00:35:38,#476,ALj,,#509,349,49,1,,都市,都市,destroy,破壊,medium,visible_datetime,"#476[ALj]が#509領有中のLV.1都市#509(349,49)を攻 撃し、陣営のために破壊宝箱xをち取りました 2026-5-27 00:35:38"
frame_0004.png,history_modal,2026/05/27 00:02:18,#480,CDf8,,#511,949,949,1,,都市,都市,destroy,破壊,medium,visible_datetime,"#480[CDf8が#511領有中のLV.1都市#511(949,949)を 攻撃し、陣営のために破壊宝箱xを勝ち取りました 2026-5-27 00:02:18"
frame_0004.png,history_modal,2026/05/27 00:11:44,#476,476z,,#509,249,49,1,,都市,都市,destroy,破壊,medium,visible_datetime,"#476[476z]が#509領有中のLV.1都市#509(249,49)を 攻撃し、陣営のために破壊宝箱xをち取りました 2026-5-27 00:11:44"
frame_0004.png,history_modal,2026/05/27 00:35:38,#476,ALj,,#509,349,49,1,,都市,都市,destroy,破壊,medium,visible_datetime,"#476[ALj]が#509領有中のLV.1都市#509(349,49)を攻 撃し、陣営のために破壊宝箱xをち取りました 2026-5-27 00:35:38"
frame_0005.png,history_modal,2026/05/27 00:04:30,#480,CDf8,,#511,949,849,1,,都市,都市,destroy,破壊,medium,visible_datetime,"#480[CDf8]が#511領有中のLV.1都市#511(949,849)を 攻撃し、陣営のために破壊宝箱xを勝ち取りました 2026-5-27 00:04:30"
frame_0005.png,history_modal,2026/05/27 00:11:44,#476,4762,,#509,249,49,1,,都市,都市,destroy,破壊,medium,visible_datetime,"#476[4762]が#509領有中のLV.1都市#509(249,49)を 攻撃し、陣営のために破壊宝箱xを勝ち取りました 2026-5-27 00:11:44"
frame_0005.png,history_modal,2026/05/27 00:17:43,#476,4762,,#509,149,49,1,,都市,都市,destroy,破壊,medium,visible_datetime,"#476[4762]が#509領有中のLV.1都市#509(149,49)を 攻撃し、陣営のために破壊宝箱xを勝ち取りました 2026-5-27 00:17:43"
frame_0005.png,history_modal,2026/05/27 00:35:38,#476,ALj,,#509,349,49,1,,都市,都市,destroy,破壊,medium,visible_datetime,"#476[ALj]が#509領有中のLV.1都市#509(349,49)を攻 撃し、陣営のために破壊宝箱xを勝ち取りました 2026-5-27 00:35:38"
frame_0005.png,history_modal,2026/05/27 00:52:11,#476,ALj,,#509,449,49,1,,都市,都市,destroy,破壊,medium,visible_datetime,"#476[AL]が#509領有中のLV.1都市#509(449,49)を攻 撃し、陣営のために破壊宝箱xを勝ち取りました 2026-5-27 00:52:11"
frame_0006.png,history_modal,2026/05/27 00:11:44,#476,4762,,#509,249,49,1,,都市,都市,destroy,破壊,medium,visible_datetime,"#476[4762]が#509領有中のLV.1都市#509(249,49)を 攻撃し、陣営のために破壊宝箱xを勝ち取りました 2026-5-27 00:11:44"
frame_0006.png,history_modal,2026/05/27 00:17:43,#476,4762,,#509,149,49,1,,都市,都市,destroy,破壊,medium,visible_datetime,"#476[4762]が#509領有中のLV.1都市#509(149,49)を 攻撃し、陣営のために破壊宝箱xを勝ち取りました 2026-5-27 00:17:43"
frame_0006.png,history_modal,2026/05/27 00:35:38,#476,ALj,,#509,349,49,1,,都市,都市,destroy,破壊,medium,visible_datetime,"#476[ALj]が#509領有中のLV.1都市#509(349,49)を攻 撃し、陣営のために破壊宝箱xを勝ち取りました 2026-5-27 00:35:38"
frame_0006.png,history_modal,2026/05/27 00:52:11,#476,ALj,,#509,449,49,1,,都市,都市,destroy,破壊,medium,visible_datetime,"#476[AL]が#509領有中のLV.1都市#509(449,49)を攻 撃し、陣営のために破壊宝箱xを勝ち取りました 2026-5-27 00:52:11"
frame_0006.png,history_modal,2026/05/27 03:04:40,#476,476K,,#509,649,49,1,,都市,都市,destroy,破壊,medium,visible_datetime,"#476[476K]が#509領有中のLV.1都市#509(649,49)を 攻撃し、陣営のために破壊宝箱x2をち取りました 2026-5-27 03:04:40"
frame_0007.png,history_modal,2026/05/27 00:17:43,#476,4762,,#509,149,49,1,,都市,都市,destroy,破壊,medium,visible_datetime,"#476[4762]が#509領有中のLV.1都市#509(149,49)を 攻撃し、陣営のために破壊宝箱x2を勝ち取りました 2026-5-27 00:17:43"
frame_0007.png,history_modal,2026/05/27 00:35:38,#476,ALj,,#509,349,49,1,,都市,都市,destroy,破壊,medium,visible_datetime,"#476[ALj]が#509領有中のLV.1都市#509(349,49)を攻 撃し、陣営のために破壊宝箱xを勝ち取りました 2026-5-27 00:35:38"
frame_0007.png,history_modal,2026/05/27 00:52:11,#476,ALj,,#509,449,49,1,,都市,都市,destroy,破壊,medium,visible_datetime,"#476[ALjが#509領有中のLV.1都市#509(449,49)を攻 撃し、陣営のために破壊宝箱xを勝ち取りました 2026-5-27 00:52:11"
frame_0007.png,history_modal,2026/05/27 03:04:40,#476,476K,,#509,649,49,1,,都市,都市,destroy,破壊,medium,visible_datetime,"#476[476K]が#509領有中のLV.1都市#509(649,49)を 攻撃し、陣営のために破壊宝箱xを勝ち取りました 2026-5-27 03:04:40"
frame_0008.png,history_modal,2026/05/27 00:17:43,#476,4762,,#509,149,49,1,,都市,都市,destroy,破壊,medium,visible_datetime,"#476[4762]が#509領有中のLV.1都市#509(149,49)を 攻撃し、陣営のために破壊宝箱x2を勝ち取りました 2026-5-27 00:17:43"
frame_0008.png,history_modal,2026/05/27 00:35:38,#476,ALj,,#509,349,49,1,,都市,都市,destroy,破壊,medium,visible_datetime,"#476[AL]が#509領有中のLV.1都市#509(349,49)を攻 撃し、陣営のために破壊宝箱xを勝ち取りました 2026-5-27 00:35:38"
frame_0008.png,history_modal,2026/05/27 00:52:11,#476,ALj,,#509,449,49,1,,都市,都市,destroy,破壊,medium,visible_datetime,"#476[ALjが#509領有中のLV.1都市#509(449,49)を攻 撃し、陣営のために破壊宝箱xを勝ち取りました 2026-5-27 00:52:11"
frame_0008.png,history_modal,2026/05/27 03:04:40,#476,476K,,#509,649,49,1,,都市,都市,destroy,破壊,medium,visible_datetime,"#476[476K]が#509領有中のLV.1都市#509(649,49)を 攻撃し、陣営のために破壊宝箱xを勝ち取りました 2026-5-27 03:04:40"
frame_0008.png,history_modal,2026/05/27 03:09:40,#475,476K,,#509,549,49,1,,都市,都市,destroy,破壊,medium,visible_datetime,"#475[476k]が#509領有中のLV.1都市#509(549,49)を 攻撃し、陣営のために破壊宝箱xを勝ち取りました 2026-5-27 03:09:40"
frame_0009.png,history_modal,2026/05/27 00:52:11,#476,ALj,,#509,449,49,1,,都市,都市,destroy,破壊,medium,visible_datetime,"#476[ALj]が#509領有中のLV.1都市#509(449,49)を攻 撃し、陣営のために破壊宝箱xを勝ち取りました 2026-5-27 00:52:11"
frame_0009.png,history_modal,2026/05/27 03:04:40,#476,476K,,#509,649,49,1,,都市,都市,destroy,破壊,medium,visible_datetime,"#476[476K]が#509領有中のLV.1都市#509(649,49)を 攻撃し、陣営のために破壊宝箱xを勝ち取りました 2026-5-27 03:04:40"
frame_0009.png,history_modal,2026/05/27 03:09:40,#476,476K,,#509,549,49,1,,都市,都市,destroy,破壊,medium,visible_datetime,"#476[476K]が#509領有中のLV.1都市#509(549,49)を 攻撃し、陣営のために破壊宝箱xを勝ち取りました 2026-5-27 03:09:40"
frame_0010.png,history_modal,2026/05/27 00:35:38,#476,ALj,,#509,349,49,1,,都市,都市,destroy,破壊,medium,visible_datetime,"#476[AL]が#509領有中のLV.1都市#509(349,49)を攻 撃し、陣営のために破壊宝箱x2を勝ち取りました 2026-5-27 00:35:38"
frame_0010.png,history_modal,2026/05/27 00:52:11,#476,ALj,,#509,449,49,1,,都市,都市,destroy,破壊,medium,visible_datetime,"#476[ALj]が#509領有中のLV.1都市#509(449,49)を攻 撃し、陣営のために破壊宝箱xを勝ち取りました 2026-5-27 00:52:11"
frame_0010.png,history_modal,2026/05/27 03:04:40,#476,476K,,#509,649,49,1,,都市,都市,destroy,破壊,medium,visible_datetime,"#476[476K]が#509領有中のLV.1都市#509(649,49)を 攻撃し、陣営のために破壊宝箱xを勝ち取りました 2026-5-27 03:04:40"
frame_0010.png,history_modal,2026/05/27 03:09:40,#476,476K,,#509,549,49,1,,都市,都市,destroy,破壊,medium,visible_datetime,"#476[476K]が#509領有中のLV.1都市#509(549,49)を 攻撃し、陣営のために破壊宝箱xを勝ち取りました 2026-5-27 03:09:40"
frame_0011.png,history_modal,2026/05/27 00:52:11,#476,ALj,,#509,449,49,1,,都市,都市,destroy,破壊,medium,visible_datetime,"#476[ALjが#509領有中のLV.1都市#509(449,49)を攻 撃し、陣営のために破壊宝箱xを勝ち取りました 2026-5-27 00:52:11"
frame_0011.png,history_modal,2026/05/27 03:09:40,#476,476K,,#509,549,49,1,,都市,都市,destroy,破壊,medium,visible_datetime,"#476[476K]が#509領有中のLV.1都市#509(549,49)を 攻撃し、陣営のために破壊宝箱xを勝ち取りました 2026-5-27 03:09:40"
frame_0011.png,history_modal,2026/05/27 04:37:22,#440,GoDs,PmP,#480,249,149,1,,都市,都市,destroy,破壊,medium,visible_datetime,"#440[GoDs]が#480[PmP]領有中のLV.1都市 #480(249,149)を攻撃し、陣営のために破壊宝箱x2を勝 ち取りました 2026-5-27 04:37:22"
frame_0011.png,history_modal,2026/05/27 10:36:13,#523,50U,,#511,149,249,1,,都市,都市,destroy,破壊,medium,visible_datetime,"#523[50Uが#511領有中のLV.1都市#511(149,249)を 攻撃し、陣営のために破壊宝箱x2を勝ち取りました 2026-5-27 10:36:13"
frame_0012.png,history_modal,2026/05/27 03:04:40,#476,476K,,#509,649,49,1,,都市,都市,destroy,破壊,medium,visible_datetime,"#476[476K]が#509領有中のLV.1都市#509(649,49)を 攻撃し、陣営のために破壊宝箱xを勝ち取りました 2026-5-27 03:04:40"
frame_0012.png,history_modal,2026/05/27 03:09:40,#476,476K,,#509,549,49,1,,都市,都市,destroy,破壊,medium,visible_datetime,"#476[476K]が#509領有中のLV.1都市#509(549,49)を 攻撃し、陣営のために破壊宝箱xを勝ち取りました 2026-5-27 03:09:40"
frame_0012.png,history_modal,2026/05/27 04:37:22,#440,GoDs,PmP,#480,249,149,1,,都市,都市,destroy,破壊,medium,visible_datetime,"#440[GoDs]が#480[PmP]領有中のLV.1都市 #480(249,149)を攻撃し、陣営のために破壊宝箱x2を勝 ち取りました 2026-5-27 04:37:22"
frame_0012.png,history_modal,2026/05/27 12:01:52,#440,GoDs,BgNa,#480,349,149,1,,都市,都市,destroy,破壊,medium,visible_datetime,"#440[GoDs]が#480[BgNa]領有中のLV.1都市 #480(349,149)を攻撃し、陣営のために破壊宝箱xを勝 ち取りました 2026-5-27 12:01:52"
frame_0013.png,history_modal,2026/05/27 03:09:40,#476,476K,,#509,549,49,1,,都市,都市,destroy,破壊,medium,visible_datetime,"#476[476k]が#509領有中のLV.1都市#509(549,49)を 攻撃し、陣営のために破壊宝箱x2を勝ち取りました 2026-5-27 03:09:40"
frame_0013.png,history_modal,2026/05/27 04:37:22,#440,GoDs,PmP,#480,249,149,1,,都市,都市,destroy,破壊,medium,visible_datetime,"#440[GoDs]が#480[PmP]領有中のLV.1都市 #480(249,149)を攻撃し、陣営のために破壊宝箱x2を勝 ち取りました 2026-5-27 04:37:22"
frame_0013.png,history_modal,2026/05/27 10:36:13,#523,5DU,,#511,149,249,1,,都市,都市,destroy,破壊,medium,visible_datetime,"#523[5DUが#511領有中のLV.1都市#511(149,249)を 攻撃し、陣営のために破壊宝箱xを勝ち取りました 2026-5-27 10:36:13"
frame_0014.png,history_modal,2026/05/27 03:09:40,#476,476K,,#509,549,49,1,,都市,都市,destroy,破壊,medium,visible_datetime,"#476[476k]が#509領有中のLV.1都市#509(549,49)を 攻撃し、陣営のために破壊宝箱xを勝ち取りました 2026-5-27 03:09:40"
frame_0014.png,history_modal,2026/05/27 04:37:22,#440,GoDs,PmP,#480,249,149,1,,都市,都市,destroy,破壊,medium,visible_datetime,"#440[GoDs]が#480[PmP]領有中のLV.1都市 #480(249,149)を攻撃し、陣営のために破壊宝箱xを勝 ち取りました 2026-5-27 04:37:22"
frame_0014.png,history_modal,2026/05/27 10:36:13,#523,50U,,#511,149,249,1,,都市,都市,destroy,破壊,medium,visible_datetime,"#523[50Uが#511領有中のLV.1都市#511(149,249)を 攻撃し、陣営のために破壊宝箱xを勝ち取りました 2026-5-27 10:36:13"
frame_0014.png,history_modal,2026/05/27 12:01:56,#503,GX99,FHX,#509,749,549,2,,都市,都市,destroy,破壊,medium,visible_datetime,"#503[GX99]が#509[FHX]領有中のLV.2都市 #509(749,549)を攻撃し、陣営のために破壊宝箱x5を勝 ち取りました 2026-5-27 12:01:56"
frame_0015.png,history_modal,2026/05/27 03:09:40,#476,476K,,#509,549,49,1,,都市,都市,destroy,破壊,medium,visible_datetime,"#476[476K]が#509領有中のLV.1都市#509(549,49)を 攻撃し、陣営のために破壊宝箱xを勝ち取りました 2026-5-27 03:09:40"
frame_0015.png,history_modal,2026/05/27 10:36:13,#523,5DU,,#511,149,249,1,,都市,都市,destroy,破壊,medium,visible_datetime,"#523[5DU]が#511領有中のLV.1都市#511(149,249)を 攻撃し、陣営のために破壊宝箱xを勝ち取りました 2026-5-27 10:36:13"
frame_0015.png,history_modal,2026/05/27 12:01:52,#440,GoDs,BgNa,#480,349,149,1,,都市,都市,destroy,破壊,medium,visible_datetime,"#440[GoDs]が#480[BgNa]領有中のLV.1都市 #480(349,149)を攻撃し、陣営のために破壊宝箱xを勝 ち取りました 2026-5-27 12:01:52"
frame_0016.png,history_modal,2026/05/27 10:36:13,#523,5DU,,#511,149,249,1,,都市,都市,destroy,破壊,medium,visible_datetime,"#523[5DUが#511領有中のLV.1都市#511(149,249)を 攻撃し、陣営のために破壊宝箱xを勝ち取りました 2026-5-27 10:36:13"
frame_0016.png,history_modal,2026/05/27 12:01:52,#440,GoDs,BgNa,#480,349,149,1,,都市,都市,destroy,破壊,medium,visible_datetime,"#440[GoDs]が#480[BgNa]領有中のLV.1都市 #480(349,149)を攻撃し、陣営のために破壊宝箱x2を勝 ち取りました 2026-5-27 12:01:52"
frame_0016.png,history_modal,2026/05/27 12:02:34,#503,Bye,FHX,#509,849,549,1,,都市,都市,destroy,破壊,medium,visible_datetime,"#503[Bye]が#509[FHX]領有中のLV.1都市 #509(849,549)を攻撃し、陣営のために破壊宝箱xを勝 ち取りました 2026-5-27 12:02:34"
frame_0017.png,history_modal,2026/05/27 12:03:31,#476,476X,DaNG,#511,549,749,2,,都市,都市,destroy,破壊,medium,visible_datetime,"#476[476X]が#511[DaNG]領有中のLv.2都市 #511(549,749)を攻撃し、陣営のために破壊宝箱x5を勝 ち取りました 2026-5-27 12:03:31"
frame_0018.png,history_modal,2026/05/27 12:02:34,#503,Bye,FHX,#509,849,549,1,,都市,都市,destroy,破壊,medium,visible_datetime,"#503[Bye]が#509[FHX]領有中のLV.1都市 #509(849,549)を攻撃し、陣営のために破壊宝箱＊2を勝 ち取りました 2026-5-27 12:02:34"
frame_0019.png,history_modal,2026/05/27 12:02:34,#503,Bye,FHX,#509,849,549,1,,都市,都市,destroy,破壊,medium,visible_datetime,"#503[Bye]が#509[FHX]領有中のLV.1都市 #509(849,549)を攻撃し、陣営のために破壊宝箱x2を勝 ち取りました 2026-5-27 12:02:34"
frame_0019.png,history_modal,2026/05/27 12:07:38,#480,BgNa,,#511,849,649,1,,都市,都市,destroy,破壊,medium,visible_datetime,"#480[BgNa]が#511領有中のLV.1都市#511(849,649)を 攻撃し、陣営のために破壊宝箱xを勝ち取りました 2026-5-27 12:07:38"
frame_0020.png,history_modal,2026/05/27 12:06:12,#476,476X,DaNG,#511,649,749,2,,都市,都市,destroy,破壊,medium,visible_datetime,"#476[476X]が#511[DaNG]領有中のLV.2都市 #511(649,749)を攻撃し、陣営のために破壊宝箱x5を勝 ち取りました 2026-5-27 12:06:12"
frame_0020.png,history_modal,2026/05/27 12:07:38,#480,BgNa,,#511,849,649,1,,都市,都市,destroy,破壊,medium,visible_datetime,"#480[BgNa]が#511領有中のLV.1都市#511(849,649)を 攻撃し、陣営のために破壊宝箱xを勝ち取りました 2026-5-27 12:07:38"
frame_0021.png,history_modal,2026/05/27 12:03:31,#476,476X,DaNG,#511,549,749,2,,都市,都市,destroy,破壊,medium,visible_datetime,"#476[476X]が#511[DaNG]領有中のLv.2都市 #511(549,749)を攻撃し、陣営のために破壊宝箱x5を勝 ち取りました 2026-5-27 12:03:31"
frame_0021.png,history_modal,2026/05/27 12:06:12,#476,476X,DaNG,#511,649,749,2,,都市,都市,destroy,破壊,medium,visible_datetime,"#476[476X]が#511[DaNG]領有中のLV.2都市 #511(649,749)を攻撃し、陣営のために破壊宝箱x5を勝 ち取りました 2026-5-27 12:06:12"
frame_0021.png,history_modal,2026/05/27 12:07:38,#480,BgNa,,#511,849,649,1,,都市,都市,destroy,破壊,medium,visible_datetime,"#480[BgNa]が#511領有中のLV.1都市#511(849,649)を 攻撃し、陣営のために破壊宝箱x2を勝ち取りました 2026-5-27 12:07:38"
frame_0022.png,history_modal,2026/05/27 12:03:31,#476,476X,DaNG,#511,549,749,2,,都市,都市,destroy,破壊,medium,visible_datetime,"#476[476X]が#511[DaNG]領有中のLV.2都市 #511(549,749)を攻撃し、陣営のために破壊宝箱x5を勝 ち取りました 2026-5-27 12:03:31"
frame_0022.png,history_modal,2026/05/27 12:06:12,#476,476X,DaNG,#511,649,749,2,,都市,都市,destroy,破壊,medium,visible_datetime,"#476[476X]が#511[DaNG]領有中のLv.2都市 #511(649,749)を攻撃し、陣営のために破壊宝箱x5を勝 ち取りました 2026-5-27 12:06:12"
frame_0022.png,history_modal,2026/05/27 12:07:38,#480,BgNa,,#511,849,649,1,,都市,都市,destroy,破壊,medium,visible_datetime,"#480[BgNa]が#511領有中のLV.1都市#511(849,649)を 攻撃し、陣営のために破壊宝箱xを勝ち取りました 2026-5-27 12:07:38"
frame_0022.png,history_modal,2026/05/27 12:11:30,#440,BAJ,BgNa,#480,249,249,2,,都市,都市,destroy,破壊,medium,visible_datetime,"#440[BAが#480[BgNa]領有中のLv.2都市 #480(249,249)を攻撃し、陣営のために破壊宝箱x5を勝 ち取りました 2026-5-27 12:11:30"
frame_0023.png,history_modal,2026/05/27 12:06:12,#476,476X,DaNG,#511,649,749,2,,都市,都市,destroy,破壊,medium,visible_datetime,"#476[476X]が#511[DaNG]領有中のLV.2都市 #511(649,749)を攻撃し、陣営のために破壊宝箱x5を勝 ち取りました 2026-5-27 12:06:12"
frame_0023.png,history_modal,2026/05/27 12:07:38,#480,BgNa,,#511,849,649,1,,都市,都市,destroy,破壊,medium,visible_datetime,"#480[BgNa]が#511領有中のLV.1都市#511(849,649)を 攻撃し、陣営のために破壊宝箱xを勝ち取りました 2026-5-27 12:07:38"
frame_0023.png,history_modal,2026/05/27 12:07:41,#523,K4TR,2N7,#511,149,149,1,,都市,都市,destroy,破壊,medium,visible_datetime,"#523[K4TR]が#511[2N7]領有中のLV.1都市#511(149,149)を 攻撃し、陣営のために破壊宝箱xを勝ち取りました 2026-5-27 12:07:41"
frame_0023.png,history_modal,2026/05/27 12:11:39,#476,476C,SHA,#534,449,249,2,,都市,都市,destroy,破壊,medium,visible_datetime,"#476[476C]が#534[SHA]領有中のLV.2都市 #534(449,249)を攻撃し、陣営のために破壊宝箱★5を勝 ち取りました 2026-5-27 12:11:39"
frame_0024.png,history_modal,2026/05/27 12:07:41,#523,K4TR,2N7,#511,149,149,1,,都市,都市,destroy,破壊,medium,visible_datetime,"#523[K4TR]が#511[2N7]領有中のLV.1都市#511(149,149)を 攻撃し、陣営のために破壊宝箱xを勝ち取りました 2026-5-27 12:07:41"
frame_0024.png,history_modal,2026/05/27 12:11:39,#476,476C,SHA,#534,449,249,2,,都市,都市,destroy,破壊,medium,visible_datetime,"#476[476c]が#534[5HA]領有中のLV.2都市 #534(449,249)を攻撃し、陣営のために破壊宝箱x5を勝 ち取りました 2026-5-27 12:11:39"
frame_0024.png,history_modal,2026/05/27 12:13:53,#476,476C,SHA,#534,349,249,2,,都市,都市,destroy,破壊,medium,visible_datetime,"#476[476c]が#534[SHA]領有中のLV.2都市 #534(349,249)を攻撃し、陣営のために破壊宝箱x5を勝 ち取りました 2026-5-27 12:13:53"
frame_0025.png,history_modal,2026/05/27 12:07:38,#480,BgNa,,#511,849,649,1,,都市,都市,destroy,破壊,medium,visible_datetime,"#480[BgNa]が#511領有中のLV.1都市#511(849,649)を 攻撃し、陣営のために破壊宝箱xを勝ち取りました 2026-5-27 12:07:38"
frame_0025.png,history_modal,2026/05/27 12:07:41,#523,K4TR,2N7,#511,149,149,1,,都市,都市,destroy,破壊,medium,visible_datetime,"#523[K4TR]が#511[2N7]領有中のLV.1都市#511(149,149)を 攻撃し、陣営のために破壊宝箱xを勝ち取りました 2026-5-27 12:07:41"
frame_0025.png,history_modal,2026/05/27 12:11:30,#440,BAJ,BgNa,#480,249,249,2,,都市,都市,destroy,破壊,medium,visible_datetime,"#440[BAが#480[BgNa]領有中のLv.2都市 #480(249,249)を攻撃し、陣営のために破壊宝箱x5を勝 ち取りました 2026-5-27 12:11:30"
frame_0025.png,history_modal,2026/05/27 12:13:53,#476,4764,SHA,#534,349,249,2,,都市,都市,destroy,破壊,medium,visible_datetime,"#476[4764]が#534[SHA]領有中のLV.2都市 #534(349,249)を攻撃し、陣営のために破壊宝箱x5を勝 ち取りました 2026-5-27 12:13:53"
frame_0026.png,history_modal,2026/05/27 12:07:41,#523,K4TR,2N7,#511,149,149,1,,都市,都市,destroy,破壊,medium,visible_datetime,"#523[K4TR]が#511[2N7]領有中のLV.1都市#511(149,149)を 攻撃し、陣営のために破壊宝箱xを勝ち取りました 2026-5-27 12:07:41"
frame_0026.png,history_modal,2026/05/27 12:13:53,#476,476C,SHA,#534,349,249,2,,都市,都市,destroy,破壊,medium,visible_datetime,"#476[476c]が#534[5HA]領有中のLV.2都市 #534(349,249)を攻撃し、陣営のために破壊宝箱x5を勝 ち取りました 2026-5-27 12:13:53"
frame_0027.png,history_modal,2026/05/27 12:11:39,#476,476C,SHA,#534,449,249,2,,都市,都市,destroy,破壊,medium,visible_datetime,"#476[476c]が#534[SHA]領有中のLV.2都市 #534(449,249)を攻撃し、陣営のために破壊宝箱x5を勝 ち取りました 2026-5-27 12:11:39"
frame_0027.png,history_modal,2026/05/27 12:13:53,#476,476C,SHA,#534,349,249,2,,都市,都市,destroy,破壊,medium,visible_datetime,"#476[476C]が#534[SHA]領有中のLV.2都市 #534(349,249)を攻撃し、陣営のために破壊宝箱x5を勝 ち取りました 2026-5-27 12:13:53"
frame_0027.png,history_modal,2026/05/27 12:14:39,#523,u3o,,#511,249,49,1,,都市,都市,destroy,破壊,medium,visible_datetime,"#523[u30が#511領有中のLV.1都市#511(249,49)を攻 撃し、陣営のために破壊宝箱xを勝ち取りました 2026-5-27 12:14:39"
frame_0027.png,history_modal,2026/05/27 12:17:15,#503,5t,MOn,#509,849,749,1,,都市,都市,destroy,破壊,medium,visible_datetime,"#503[5t]が#509[MOn]領有中のLV.1都市#509(849,749)を 攻撃し、陣営のために破壊宝箱xを勝ち取りました 2026-5-27 12:17:15"
frame_0028.png,history_modal,2026/05/27 12:11:39,#476,476C,SHA,#534,449,249,2,,都市,都市,destroy,破壊,medium,visible_datetime,"#476[476c]が#534[5HA]領有中のLV.2都市 #534(449,249)を攻撃し、陣営のために破壊宝箱x5を勝 ち取りました 2026-5-27 12:11:39"
frame_0028.png,history_modal,2026/05/27 12:14:39,#523,u3d,,#511,249,49,1,,都市,都市,destroy,破壊,medium,visible_datetime,"#523[u3dが#511領有中のLV.1都市#511(249,49)を攻 撃し、陣営のために破壊宝箱xを勝ち取りました 2026-5-27 12:14:39"
frame_0028.png,history_modal,2026/05/27 12:17:15,#503,Stj,MOn,#509,849,749,1,,都市,都市,destroy,破壊,medium,visible_datetime,"#503[5tj]が#509[MOn]領有中のLV.1都市#509(849,749)を 攻撃し、陣営のために破壊宝箱x2を勝ち取りました 2026-5-27 12:17:15"
frame_0028.png,history_modal,2026/05/27 12:17:50,#509,SsQ,CDf8,#480,749,249,2,,都市,都市,destroy,破壊,medium,visible_datetime,"#509[5s0]が#480[CDf8]領有中のLV.2都市 #480(749,249)を攻撃し、陣営のために破壊宝箱x5を勝 ち取りました 2026-5-27 12:17:50"
frame_0029.png,history_modal,2026/05/27 12:13:53,#476,476C,SHA,#534,349,249,2,,都市,都市,destroy,破壊,medium,visible_datetime,"#476[476C]が#534[SHA]領有中のLV.2都市 #534(349,249)を攻撃し、陣営のために破壊宝箱x5を勝 ち取りました 2026-5-27 12:13:53"
frame_0029.png,history_modal,2026/05/27 12:14:39,#523,u3o,,#511,249,49,1,,都市,都市,destroy,破壊,medium,visible_datetime,"#523[u30]が#511領有中のLV.1都市#511(249,49)を攻 撃し、陣営のために破壊宝箱xを勝ち取りました 2026-5-27 12:14:39"
frame_0029.png,history_modal,2026/05/27 12:17:15,#503,5t,MOn,#509,849,749,1,,都市,都市,destroy,破壊,medium,visible_datetime,"#503[5t]が#509[MOn]領有中のLV.1都市#509(849,749)を 攻撃し、陣営のために破壊宝箱xを勝ち取りました 2026-5-27 12:17:15"
frame_0029.png,history_modal,2026/05/27 12:17:50,#509,SsQ,cDf8,#480,749,249,2,,都市,都市,destroy,破壊,medium,visible_datetime,"#509[5s0]が#480[cDf8]領有中のLV.2都市 #480(749,249)を攻撃し、陣営のために破壊宝箱x5を勝 ち取りました 2026-5-27 12:17:50"
frame_0029.png,history_modal,2026/05/27 12:19:24,#523,K4TR,,#511,349,149,1,,都市,都市,destroy,破壊,medium,visible_datetime,"#523[K4TR]が#511領有中のLV.1都市#511(349,149)を 攻撃し、陣営のために破壊宝箱xを勝ち取りました 2026-5-27 12:19:24"
frame_0030.png,history_modal,2026/05/27 12:13:53,#476,476C,SHA,#534,349,249,2,,都市,都市,destroy,破壊,medium,visible_datetime,"#476[476c]が#534[5HA]領有中のLV.2都市 #534(349,249)を攻撃し、陣営のために破壊宝箱x5を勝 ち取りました 2026-5-27 12:13:53"
frame_0030.png,history_modal,2026/05/27 12:14:39,#523,u3o,,#511,249,49,1,,都市,都市,destroy,破壊,medium,visible_datetime,"#523[u30]が#511領有中のLV.1都市#511(249,49)を攻 撃し、陣営のために破壊宝箱xを勝ち取りました 2026-5-27 12:14:39"
frame_0030.png,history_modal,2026/05/27 12:17:15,#503,Stj,MOn,#509,849,749,1,,都市,都市,destroy,破壊,medium,visible_datetime,"#503[5tj]が#509[MOn]領有中のLV.1都市#509(849,749)を 攻撃し、陣営のために破壊宝箱xを勝ち取りました 2026-5-27 12:17:15"
frame_0030.png,history_modal,2026/05/27 12:17:50,#509,SsQ,CDf8,#480,749,249,2,,都市,都市,destroy,破壊,medium,visible_datetime,"#509[5s0]が#480[CDf8]領有中のLV.2都市 #480(749,249)を攻撃し、陣営のために破壊宝箱x5を勝 ち取りました 2026-5-27 12:17:50"
frame_0030.png,history_modal,2026/05/27 12:19:24,#523,K4TR,,#511,349,149,1,,都市,都市,destroy,破壊,medium,visible_datetime,"#523[K4TRが#511領有中のLV.1都市#511(349,149)を 攻撃し、陣営のために破壊宝箱xを勝ち取りました 2026-5-27 12:19:24"
frame_0031.png,history_modal,2026/05/27 12:14:39,#523,u3o,,#511,249,49,1,,都市,都市,destroy,破壊,medium,visible_datetime,"#523[u30が#511領有中のLV.1都市#511(249,49)を攻 撃し、陣営のために破壊宝箱xを勝ち取りました 2026-5-27 12:14:39"
frame_0031.png,history_modal,2026/05/27 12:17:15,#503,Stj,MOn,#509,849,749,1,,都市,都市,destroy,破壊,medium,visible_datetime,"#503[5tj]が#509[MOn]領有中のLV.1都市#509(849,749)を 攻撃し、陣営のために破壊宝額xを勝ち取りました 2026-5-27 12:17:15"
frame_0031.png,history_modal,2026/05/27 12:19:24,#523,K4TR,,#511,349,149,1,,都市,都市,destroy,破壊,medium,visible_datetime,"#523[K4TR]が#511領有中のLV.1都市#511(349,149)を 攻撃し、陣営のために破壊宝箱xを勝ち取りました 2026-5-27 12:19:24"
frame_0032.png,history_modal,2026/05/27 12:17:15,#503,Stj,MOn,#509,849,749,1,,都市,都市,destroy,破壊,medium,visible_datetime,"#503[5tj]が#509[MOn]領有中のLV.1都市#509(849,749)を 攻撃し、陣営のために破壊宝箱xを勝ち取りました 2026-5-27 12:17:15"
frame_0032.png,history_modal,2026/05/27 12:17:50,#509,SsQ,cDf8,#480,749,249,2,,都市,都市,destroy,破壊,medium,visible_datetime,"#509[5s0]が#480[cDf8]領有中のLv.2都市 #480(749,249)を攻撃し、陣営のために破壊宝箱x5を勝 ち取りました 2026-5-27 12:17:50"
frame_0032.png,history_modal,2026/05/27 12:19:24,#523,K4TR,,#511,349,149,1,,都市,都市,destroy,破壊,medium,visible_datetime,"#523[K4TR]が#511領有中のLV.1都市#511(349,149)を 攻撃し、陣営のために破壊宝箱xを勝ち取りました 2026-5-27 12:19:24"
frame_0032.png,history_modal,2026/05/27 12:19:52,#480,RCON,5SQ,#509,849,249,1,,都市,都市,destroy,破壊,medium,visible_datetime,"#480[RCONが#509[5SQ]領有中のLV.1都市 #509(849,249)を攻撃し、陣営のために破壊宝箱＊を勝 ち取りました 2026-5-27 12:19:52"
frame_0033.png,history_modal,2026/05/27 12:19:24,#523,K4TR,,#511,349,149,1,,都市,都市,destroy,破壊,medium,visible_datetime,"#523[K4TR]が#511領有中のLV.1都市#511(349,149)を 攻撃し、陣営のために破壊宝箱x2を勝ち取りました 2026-5-27 12:19:24"
frame_0033.png,history_modal,2026/05/27 12:19:34,#523,EDFS,,#511,149,449,1,,都市,都市,destroy,破壊,medium,visible_datetime,"#523[EDFSが#511領有中のLV.1都市#511(149,449)を 攻撃し、陣営のために破壊宝箱xを勝ち取りました 2026-5-27 12:19:34"
frame_0033.png,history_modal,2026/05/27 12:20:01,#509,SsQ,cDf8,#480,649,249,2,,都市,都市,destroy,破壊,medium,visible_datetime,"#509[5s0]が#480[cDf8]領有中のLv.2都市 #480(649,249)を攻撃し、陣営のために破壊宝箱x5を勝 ち取りました 2026-5-27 12:20:01"
frame_0034.png,history_modal,2026/05/27 12:19:24,#523,K4TR,,#511,349,149,1,,都市,都市,destroy,破壊,medium,visible_datetime,"#523[K4TRが#511領有中のLV.1都市#511(349,149)を 攻撃し、陣営のために破壊宝箱xを勝ち取りました 2026-5-27 12:19:24"
frame_0034.png,history_modal,2026/05/27 12:19:34,#523,EDFS,,#511,149,449,1,,都市,都市,destroy,破壊,medium,visible_datetime,"#523[EDFS]が#511領有中のLV.1都市#511(149,449)を 攻撃し、陣営のために破壊宝箱xを勝ち取りました 2026-5-27 12:19:34"
frame_0034.png,history_modal,2026/05/27 12:20:43,#503,Lghs,FHX,#509,749,449,2,,都市,都市,destroy,破壊,medium,visible_datetime,"#503[Lghsが#509[FHX]領有中のLv.2都市 #509(749,449)を攻撃し、陣営のために破壊宝箱★5を勝 ち取りました 2026-5-27 12:20:43"
frame_0035.png,history_modal,2026/05/27 12:19:24,#523,K4TR,,#511,349,149,1,,都市,都市,destroy,破壊,medium,visible_datetime,"#523[K4TR]が#511領有中のLV.1都市#511(349,149)を 攻撃し、陣営のために破壊宝箱xを勝ち取りました 2026-5-27 12:19:24"
frame_0035.png,history_modal,2026/05/27 12:19:34,#523,EDFS,,#511,149,449,1,,都市,都市,destroy,破壊,medium,visible_datetime,"#523[EDFS]が#511領有中のLV.1都市#511(149,449)を 攻撃し、陣営のために破壊宝箱※を勝ち取りました 2026-5-27 12:19:34"
frame_0035.png,history_modal,2026/05/27 12:19:52,#480,RCON,5S0,#509,849,249,1,,都市,都市,destroy,破壊,medium,visible_datetime,"#480[RCONが#509[5S0]領有中のLV.1都市 #509(849,249)を攻撃し、陣営のために破壊宝箱xを勝 ち取りました 2026-5-27 12:19:52"
frame_0035.png,history_modal,2026/05/27 12:20:01,#509,SsQ,cDf8,#480,649,249,2,,都市,都市,destroy,破壊,medium,visible_datetime,"#509[5s0]が#480[cDf8]領有中のLV.2都市 #480(649,249)を攻撃し、陣営のために破壊宝箱x5を勝 ち取りました 2026-5-27 12:20:01"
frame_0036.png,history_modal,2026/05/27 12:19:34,#523,EDFS,,#511,149,449,1,,都市,都市,destroy,破壊,medium,visible_datetime,"#523[EDFS]が#511領有中のLV.1都市#511(149,449)を 攻撃し、陣営のために破壊宝箱xを勝ち取りました 2026-5-27 12:19:34"
frame_0036.png,history_modal,2026/05/27 12:19:52,#480,RCON,550,#509,849,249,1,,都市,都市,destroy,破壊,medium,visible_datetime,"#480[RCONが#509[550]領有中のLV.1都市 #509(849,249)を攻撃し、陣営のために破壊宝箱x2を勝 ち取りました 2026-5-27 12:19:52"
frame_0036.png,history_modal,2026/05/27 12:20:01,#509,SsQ,CDf8,#480,649,249,2,,都市,都市,destroy,破壊,medium,visible_datetime,"#509[5s0]が#480[CDf8]領有中のLv.2都市 #480(649,249)を攻撃し、陣営のために破壊宝箱x5を勝 ち取りました 2026-5-27 12:20:01"
frame_0036.png,history_modal,2026/05/27 12:20:43,#503,Lghs,FHX,#509,749,449,2,,都市,都市,destroy,破壊,medium,visible_datetime,"#503[Lghs]が#509[FHX]領有中のLV.2都市 #509(749,449)を攻撃し、陣営のために破壊宝箱x5を勝 ち取りました 2026-5-27 12:20:43"
frame_0037.png,history_modal,2026/05/27 12:19:52,#480,RCON,5S0,#509,849,249,1,,都市,都市,destroy,破壊,medium,visible_datetime,"#480[RCONが#509[5S0]領有中のLV.1都市 #509(849,249)を攻撃し、陣営のために破壊宝箱x2を勝 ち取りました 2026-5-27 12:19:52"
frame_0037.png,history_modal,2026/05/27 12:21:12,#503,Stj,M0n,#509,749,749,2,,都市,都市,destroy,破壊,medium,visible_datetime,"#503[5tj]が#509[M0n]領有中のLv.2都市#509(749,749)を 攻撃し、陣営のために破壊宝箱x5を勝ち取りました 2026-5-27 12:21:12"
frame_0038.png,history_modal,2026/05/27 12:21:12,#503,Stj,MOn,#509,749,749,2,,都市,都市,destroy,破壊,medium,visible_datetime,"#503[5tj]が#509[MOn]領有中のLv.2都市#509(749,749)を 攻撃し、陣営のために破壊宝箱x5をち取りました 2026-5-27 12:21:12"
frame_0038.png,history_modal,2026/05/27 12:23:26,#523,u3o,,#511,249,149,1,,都市,都市,destroy,破壊,medium,visible_datetime,"#523[u30が#511領有中のLV.1都市#511(249,149)を攻 撃し、陣営のために破壊宝箱xを勝ち取りました 2026-5-27 12:23:26"
frame_0039.png,history_modal,2026/05/27 12:20:43,#503,Lghs,FHX,#509,749,449,2,,都市,都市,destroy,破壊,medium,visible_datetime,"#503[Lghsが#509[FHX]領有中のLV.2都市 #509(749,449)を攻撃し、陣営のために破壊宝箱x5を勝 ち取りました 2026-5-27 12:20:43"
frame_0039.png,history_modal,2026/05/27 12:21:12,#503,Stj,MOn,#509,749,749,2,,都市,都市,destroy,破壊,medium,visible_datetime,"#503[5tj]が#509[MOn]領有中のLV.2都市#509(749,749)を 攻撃し、陣営のために破壊宝箱＊5を勝ち取りました 2026-5-27 12:21:12"
frame_0039.png,history_modal,2026/05/27 12:22:48,#503,Lghs,VEX,#509,449,249,2,,都市,都市,destroy,破壊,medium,visible_datetime,"#503[Lghsが#509[VEX]領有中のLV.2都市 #509(449,249)を攻撃し、陣営のために破壊宝箱x5を勝 ち取りました 2026-5-27 12:22:48"
frame_0039.png,history_modal,2026/05/27 12:23:26,#523,u3o,,#511,249,149,1,,都市,都市,destroy,破壊,medium,visible_datetime,"#523[u30]が#511領有中のLV.1都市#511(249,149)を攻 撃し、陣営のために破壊宝箱xを勝ち取りました 2026-5-27 12:23:26"
frame_0040.png,history_modal,2026/05/27 12:20:43,#503,Lghs,FHX,#509,749,449,2,,都市,都市,destroy,破壊,medium,visible_datetime,"#503[Lghsが#509[FHX]領有中のLv.2都市 #509(749,449)を攻撃し、陣営のために破壊宝箱x5を勝 ち取りました 2026-5-27 12:20:43"
frame_0040.png,history_modal,2026/05/27 12:21:12,#503,Stj,M0n,#509,749,749,2,,都市,都市,destroy,破壊,medium,visible_datetime,"#503[5tj]が#509[M0n]領有中のLv.2都市#509(749,749)を 攻撃し、陣宮のために破壊宝額＊5を勝ち取りました 2026-5-27 12:21:12"
frame_0040.png,history_modal,2026/05/27 12:23:26,#523,u3o,,#511,249,149,1,,都市,都市,destroy,破壊,medium,visible_datetime,"#523[u30]が#511領有中のLv.1都市#511(249,149)を攻 撃し、陣営のために破壊宝箱xを勝ち取りました 2026-5-27 12:23:26"
frame_0040.png,history_modal,2026/05/27 12:25:14,#480,BgNa,5Va,#511,649,449,3,,都市,都市,destroy,破壊,medium,visible_datetime,"#480[BgNa]が#511[5Va]領有中のLv.3都市 #511(649,449)を攻撃し、陣営のために破壊宝箱x10を 勝ち取りました 2026-5-27 12:25:14"
frame_0041.png,history_modal,2026/05/27 12:20:43,#503,Lghs,FHX,#509,749,449,2,,都市,都市,destroy,破壊,medium,visible_datetime,"#503[Lghsが#509[FHX]領有中のLv.2都市 #509(749,449)を攻撃し、陣営のために破壊宝箱x5を勝 ち取りました 2026-5-27 12:20:43"
frame_0041.png,history_modal,2026/05/27 12:21:12,#503,Stj,MOn,#509,749,749,2,,都市,都市,destroy,破壊,medium,visible_datetime,"#503[5tj]が#509[MOn]領有中のLV.2都市#509(749,749)を 攻撃し、陣営のために破壊宝箱x5を勝ち取りました 2026-5-27 12:21:12"
frame_0041.png,history_modal,2026/05/27 12:22:48,#503,Lghs,VEX,#509,449,249,2,,都市,都市,destroy,破壊,medium,visible_datetime,"#503[Lghs]が#509[VEX]領有中のLv.2都市 #509(449,249)を攻撃し、陣営のために破壊宝箱x5を勝 ち取りました 2026-5-27 12:22:48"
frame_0041.png,history_modal,2026/05/27 12:25:14,#480,BgNa,5Va,#511,649,449,3,,都市,都市,destroy,破壊,medium,visible_datetime,"#480[BgNa]が#511[5Va]領有中のLV.3都市 #511(649,449)を攻撃し、陣営のために破壊宝箱x10を 勝ち取りました 2026-5-27 12:25:14"
frame_0042.png,history_modal,2026/05/27 12:23:26,#523,u3o,,#511,249,149,1,,都市,都市,destroy,破壊,medium,visible_datetime,"#523[u30]が#511領有中のLV.1都市#511(249,149)を攻 撃し、陣営のために破壊宝箱xを勝ち取りました 2026-5-27 12:23:26"
frame_0042.png,history_modal,2026/05/27 12:28:41,#480,AADA,,#511,849,949,1,,都市,都市,destroy,破壊,medium,visible_datetime,"#480[AADAが#511領有中のLv.1都市#511(849,949)を ⑦ 攻撃し、陣営のために破壊宝箱xを勝ち取りました 2026-5-27 12:28:41"
frame_0043.png,history_modal,2026/05/27 12:23:26,#523,u3o,,#511,249,149,1,,都市,都市,destroy,破壊,medium,visible_datetime,"#523[u30]が#511領有中のLV.1都市#511(249,149)を攻 撃し、陣営のために破壊宝箱x2を勝ち取りました 2026-5-27 12:23:26"
frame_0043.png,history_modal,2026/05/27 12:28:41,#480,AADA,,#511,849,949,1,,都市,都市,destroy,破壊,medium,visible_datetime,"#480[AADAが#511領有中のLV.1都市#511(849,949)を 攻撃し、陣営のために破壊宝箱xを勝ち取りました 2026-5-27 12:28:41"
frame_0043.png,history_modal,2026/05/27 12:29:10,#523,fIrE,,#511,249,749,2,,都市,都市,destroy,破壊,medium,visible_datetime,"#523[fIrE]が#511領有中のLV.2都市#511(249,749)を攻 撃し、陣営のために破壊宝箱x5を勝ち取りました 2026-5-27 12:29:10"
frame_0043.png,history_modal,2026/05/27 12:30:02,#503,xjR,0TT,#509,649,849,1,,都市,都市,destroy,破壊,medium,visible_datetime,"#503[xjR]が#509[OTT]領有中のLV.1都市#509(649,849)を 攻撃し、陣営のために破壊宝箱xを勝ち取りました 2026-5-27 12:30:02"
frame_0044.png,history_modal,2026/05/27 12:25:14,#480,BgNa,5Va,#511,649,449,3,,都市,都市,destroy,破壊,medium,visible_datetime,"#480[BgNa]が#511[5Va]領有中のLv.3都市 #511(649,449)を攻撃し、陣営のために破壊宝箱x10を 勝ち取りました 2026-5-27 12:25:14"
frame_0044.png,history_modal,2026/05/27 12:28:41,#480,AADA,,#511,849,949,1,,都市,都市,destroy,破壊,medium,visible_datetime,"#480[AADAが#511領有中のLV.1都市#511(849,949)を 攻撃し、陣営のために破壊宝箱xを勝ち取りました 2026-5-27 12:28:41"
frame_0044.png,history_modal,2026/05/27 12:29:10,#523,fIrE,,#511,249,749,2,,都市,都市,destroy,破壊,medium,visible_datetime,"#523[fIrE]が#511領有中のLV.2都市#511(249,749)を攻 撃し、陣営のために破壊宝箱x5を勝ち取りました 2026-5-27 12:29:10"
frame_0044.png,history_modal,2026/05/27 12:30:02,#503,xjR,0TT,#509,649,849,1,,都市,都市,destroy,破壊,medium,visible_datetime,"#503[xjR]が#509[OTT]領有中のLV.1都市#509(649,849)を 攻撃し、陣営のために破壊宝箱xを勝ち取りました 2026-5-27 12:30:02"
frame_0044.png,history_modal,2026/05/27 12:33:26,#523,NBNH,DaNG,#511,449,749,2,,都市,都市,destroy,破壊,medium,visible_datetime,"#523[NBNH]が#511[DaNG]領有中のLv.2都市 #511(449,749)を攻撃し、陣営のために破壊宝箱x5を勝 ち取りました 2026-5-27 12:33:26"
frame_0045.png,history_modal,2026/05/27 12:25:14,#480,BgNa,5Va,#511,649,449,3,,都市,都市,destroy,破壊,medium,visible_datetime,"#480[BgNa]が#511[5Va]領有中のLv.3都市 #511(649,449)を攻撃し、陣営のために破壊宝箱＊10を 勝ち取りました 2026-5-27 12:25:14"
frame_0045.png,history_modal,2026/05/27 12:28:41,#480,AADA,,#511,849,949,1,,都市,都市,destroy,破壊,medium,visible_datetime,"#480[AADAが#511領有中のLV.1都市#511(849,949)を 攻撃し、陣営のために破壊宝箱xを勝ち取りました 2026-5-27 12:28:41"
frame_0045.png,history_modal,2026/05/27 12:30:02,#503,xjR,0TT,#509,649,849,1,,都市,都市,destroy,破壊,medium,visible_datetime,"#503[xjR]が#509[OTT]領有中のLV.1都市#509(649,849)を 攻撃し、陣営のために破壊宝箱xを勝ち取りました 2026-5-27 12:30:02"
frame_0045.png,history_modal,2026/05/27 12:33:26,#523,NBNH,DaNG,#511,449,749,2,,都市,都市,destroy,破壊,medium,visible_datetime,"#523[NBNH]が#511[DaNG]領有中のLv.2都市 #511(449,749)を攻撃し、陣営のために破壊宝箱x5を勝 ち取りました 2026-5-27 12:33:26"
frame_0046.png,history_modal,2026/05/27 12:28:41,#480,AAOA,,#511,849,949,1,,都市,都市,destroy,破壊,medium,visible_datetime,"#480[AAOAが#511領有中のLV.1都市#511(849,949)を 攻撃し、陣営のために破壊宝箱xを勝ち取りました 2026-5-27 12:28:41"
frame_0046.png,history_modal,2026/05/27 12:29:10,#523,fIrE,,#511,249,749,2,,都市,都市,destroy,破壊,medium,visible_datetime,"#523[fIrE]が#511領有中のLV.2都市#511(249,749)を攻 撃し、陣営のために破壊宝箱x5を勝ち取りました 2026-5-27 12:29:10"
frame_0046.png,history_modal,2026/05/27 12:30:02,#503,xjR,0TT,#509,649,849,1,,都市,都市,destroy,破壊,medium,visible_datetime,"#503[xjR]が#509[OTT]領有中のLV.1都市#509(649,849)を 攻撃し、陣営のために破壊宝額xを勝ち取りました 2026-5-27 12:30:02"
frame_0047.png,history_modal,2026/05/27 12:29:10,#523,fIrE,,#511,249,749,2,,都市,都市,destroy,破壊,medium,visible_datetime,"#523[fIrE]が#511領有中のLV.2都市#511(249,749)を攻 撃し、陣営のために破壊宝箱x5を勝ち取りました 2026-5-27 12:29:10"
frame_0047.png,history_modal,2026/05/27 12:35:01,#480,WbW,5Va,#511,649,349,3,,都市,都市,destroy,破壊,medium,visible_datetime,"#480[WbWが#511[5Va]領有中のLV.3都市 #511(649,349)を攻撃し、陣営のために破壊宝箱＊10を 勝ち取りました 2026-5-27 12:35:01"
frame_0048.png,history_modal,2026/05/27 12:30:02,#503,xjR,0TT,#509,649,849,1,,都市,都市,destroy,破壊,medium,visible_datetime,"#503[xjRが#509[OTT]領有中のLV.1都市#509(649,849)を ⑦ 攻撃し、陣営のために破壊宝箱xを勝ち取りました 2026-5-27 12:30:02"
frame_0048.png,history_modal,2026/05/27 12:33:26,#523,NBNH,DaNG,#511,449,749,2,,都市,都市,destroy,破壊,medium,visible_datetime,"#523[NBNH]が#511[DaNG]領有中のLv.2都市 #511(449,749)を攻撃し、陣営のために破壊宝箱x5を勝 ち取りました 2026-5-27 12:33:26"
frame_0048.png,history_modal,2026/05/27 12:35:01,#480,WbW,5Va,#511,649,349,3,,都市,都市,destroy,破壊,medium,visible_datetime,"#480[WbWが#511[5Va]領有中のLV.3都市 #511(649,349)を攻撃し、陣営のために破壊宝箱x10を 勝ち取りました 2026-5-27 12:35:01"
frame_0048.png,history_modal,2026/05/27 12:35:10,#503,xjR,MOn,#509,749,549,2,,都市,都市,destroy,破壊,medium,visible_datetime,"#503[xjR]が#509[MOn]領有中のLV.2都市#509(749,549)を ⑦ 攻撃し、陣営のために破壊宝箱x5を勝ち取りました 2026-5-27 12:35:10"
frame_0050.png,history_modal,2026/05/27 12:33:25,#523,NBNH,DaNG,#511,449,749,2,,都市,都市,destroy,破壊,medium,visible_datetime,"#523[NBNH]が#511[DaNG]領有中のLv.2都市 #511(449,749)を攻撃し、陣営のために破壊宝箱x5を勝 ち取りました 2026-5-27 12:33:25"
frame_0050.png,history_modal,2026/05/27 12:35:01,#480,Wbu,5Va,#511,649,349,3,,都市,都市,destroy,破壊,medium,visible_datetime,"#480[Wbuが#511[5Va]領有中のLV.3都市 #511(649,349)を攻撃し、陣営のために破壊宝箱＊10を 勝ち取りました 2026-5-27 12:35:01"
frame_0050.png,history_modal,2026/05/27 12:35:10,#503,xjR,MOn,#509,749,649,2,,都市,都市,destroy,破壊,medium,visible_datetime,"#503[xjR]が#509[MOn]領有中のLV.2都市#509(749,649)を 攻撃し、陣営のために破壊宝箱x5を勝ち取りました 2026-5-27 12:35:10"
frame_0050.png,history_modal,2026/05/27 12:38:18,#476,476M,,#511,949,749,1,,都市,都市,destroy,破壊,medium,visible_datetime,"#476[476M]が#511領有中のLV.1都市#511(949,749)を 攻撃し、陣営のために破壊宝箱xをち取りました 2026-5-27 12:38:18"
frame_0050.png,history_modal,2026/05/27 12:56:27,#503,UMN,MOn,#509,849,649,1,,都市,都市,destroy,破壊,medium,visible_datetime,"#503[UMNが#509[MOn]領有中のLV.1都市 #509(849,649)を攻撃し、陣営のために破壊宝箱xを勝 ち取りました 2026-5-27 12:56:27"
frame_0051.png,history_modal,2026/05/27 12:33:26,#523,NBNH,DaNG,#511,449,749,2,,都市,都市,destroy,破壊,medium,visible_datetime,"#523[NBNH]が#511[DaNG]領有中のLv.2都市 #511(449,749)を攻撃し、陣営のために破壊宝箱x5を勝 ち取りました 2026-5-27 12:33:26"
frame_0051.png,history_modal,2026/05/27 12:35:10,#503,xjR,MOn,#509,749,649,2,,都市,都市,destroy,破壊,medium,visible_datetime,"#503[xjR]が#509[MOn]領有中のLV.2都市#509(749,649)を 攻撃し、陣営のために破壊宝箱x5を勝ち取りました 2026-5-27 12:35:10"
frame_0052.png,history_modal,2026/05/27 12:35:10,#503,xjR,MOn,#509,749,649,2,,都市,都市,destroy,破壊,medium,visible_datetime,"#503[xjR]が#509[MOn]領有中のLV.2都市#509(749,649)を 攻撃し、陣営のために破壊宝箱x5を勝ち取りました 2026-5-27 12:35:10"
frame_0052.png,history_modal,2026/05/27 12:38:18,#476,476M,,#511,949,749,1,,都市,都市,destroy,破壊,medium,visible_datetime,"#476[476M]が#511領有中のLV.1都市#511(949,749)を 攻撃し、陣営のために破壊宝箱xを勝ち取りました 2026-5-27 12:38:18"
frame_0052.png,history_modal,2026/05/27 12:56:27,#503,UMN,MOn,#509,849,649,1,,都市,都市,destroy,破壊,medium,visible_datetime,"#503[UMNが#509[MOn]領有中のLV.1都市 #509(849,649)を攻撃し、陣営のために破壊宝箱x2を勝 ち取りました 2026-5-27 12:56:27"
frame_0052.png,history_modal,2026/05/27 13:05:47,#480,AAOA,,#511,749,949,1,,都市,都市,destroy,破壊,medium,visible_datetime,"#480[AAOAが#511領有中のLV.1都市#511(749,949)を 攻撃し、陣営のために破壊宝箱xを勝ち取りました 2026-5-27 13:05:47"
frame_0052.png,history_modal,2026/05/27 13:24:45,#534,89M,,#476,49,649,1,,都市,都市,destroy,破壊,medium,visible_datetime,"#534[89M]が#476領有中のLV.1都市#476(49,649)を 攻撃し、陣営のために破壊宝箱xを勝ち取りました 2026-5-27 13:24:45"
frame_0053.png,history_modal,2026/05/27 12:38:18,#476,476M,,#511,949,749,1,,都市,都市,destroy,破壊,medium,visible_datetime,"#476[476M]が#511領有中のLV.1都市#511(949,749)を 攻撃し、陣営のために破壊宝箱xを勝ち取りました 2026-5-27 12:38:18"
frame_0053.png,history_modal,2026/05/27 12:56:27,#503,UMN,MOn,#509,849,649,1,,都市,都市,destroy,破壊,medium,visible_datetime,"#503[UMNが#509[MOn]領有中のLV.1都市 #509(849,649)を攻撃し、陣営のために破壊宝箱x2を勝 ち取りました 2026-5-27 12:56:27"
frame_0053.png,history_modal,2026/05/27 13:05:47,#480,AADA,,#511,749,949,1,,都市,都市,destroy,破壊,medium,visible_datetime,"#480[AADAが#511領有中のLV.1都市#511(749,949)を 攻撃し、陣営のために破壊宝箱xを勝ち取りました 2026-5-27 13:05:47"
frame_0053.png,history_modal,2026/05/27 13:24:45,#534,89M,,#476,49,649,1,,都市,都市,destroy,破壊,medium,visible_datetime,"#534[89M]が#476領有中のLV.1都市#476(49,649)を 攻撃し、陣営のために破壊宝箱xを勝ち取りました 2026-5-27 13:24:45"
frame_0053.png,history_modal,2026/05/27 15:32:53,#476,476M,,#511,549,949,1,,都市,都市,destroy,破壊,medium,visible_datetime,"#476[476M]が#511領有中のLV.1都市#511(549,949)を 攻撃し、陣営のために破壊宝箱xを勝ち取りました 2026-5-27 15:32:53"
frame_0054.png,history_modal,2026/05/27 12:56:27,#503,UMN,MOn,#509,849,649,1,,都市,都市,destroy,破壊,medium,visible_datetime,"#503[UMNが#509[MOn]領有中のLV.1都市 #509(849,649)を攻撃し、陣営のために破壊宝箱xを勝 ち取りました 2026-5-27 12:56:27"
frame_0054.png,history_modal,2026/05/27 13:05:47,#480,AAOA,,#511,749,949,1,,都市,都市,destroy,破壊,medium,visible_datetime,"#480[AAOAが#511領有中のLV.1都市#511(749,949)を 攻撃し、陣営のために破壊宝箱xを勝ち取りました 2026-5-27 13:05:47"
frame_0054.png,history_modal,2026/05/27 15:32:53,#476,476M,,#511,549,949,1,,都市,都市,destroy,破壊,medium,visible_datetime,"#476[476M]が#511領有中のLV.1都市#511(549,949)を 攻撃し、陣営のために破壊宝箱xを勝ち取りました 2026-5-27 15:32:53"
frame_0054.png,history_modal,2026/05/27 19:02:21,#523,NBNH,,#511,149,849,1,,都市,都市,destroy,破壊,medium,visible_datetime,"#523[NBNH]が#511領有中のLV.1都市#511(149,849)を 攻撃し、陣営のために破壊宝箱xを勝ち取りました 2026-5-27 19:02:21"
frame_0055.png,history_modal,2026/05/27 13:05:47,#480,AAOA,,#511,749,949,1,,都市,都市,destroy,破壊,medium,visible_datetime,"#480[AAOAが#511領有中のLV.1都市#511(749,949)を 攻撃し、陣営のために破壊宝箱xを勝ち取りました 2026-5-27 13:05:47"
frame_0055.png,history_modal,2026/05/27 13:24:45,#534,89M,,#476,49,649,1,,都市,都市,destroy,破壊,medium,visible_datetime,"#534[89M]が#476領有中のLV.1都市#476(49,649)を 攻撃し、陣営のために破壊宝箱xを勝ち取りました 2026-5-27 13:24:45"
frame_0055.png,history_modal,2026/05/27 15:32:53,#476,476M,,#511,549,949,1,,都市,都市,destroy,破壊,medium,visible_datetime,"#476[476M]が#511領有中のLV.1都市#511(549,949)を 攻撃し、陣営のために破壊宝箱xを勝ち取りました 2026-5-27 15:32:53"
frame_0055.png,history_modal,2026/05/27 19:02:21,#523,NBNH,,#511,149,849,1,,都市,都市,destroy,破壊,medium,visible_datetime,"#523[NBNH]が#511領有中のLV.1都市#511(149,849)を 攻撃し、陣営のために破壊宝箱xを勝ち取りました 2026-5-27 19:02:21"
frame_0056.png,history_modal,2026/05/27 13:24:45,#534,89M,,#476,49,649,1,,都市,都市,destroy,破壊,medium,visible_datetime,"#534[89M]が#476領有中のLV.1都市#476(49,649)を 攻撃し、陣営のために破壊宝箱x2を勝ち取りました 2026-5-27 13:24:45"
frame_0056.png,history_modal,2026/05/27 15:32:53,#476,476M,,#511,549,949,1,,都市,都市,destroy,破壊,medium,visible_datetime,"#476[476M]が#511領有中のLV.1都市#511(549,949)を 攻撃し、陣営のために破壊宝箱xを勝ち取りました 2026-5-27 15:32:53"
frame_0056.png,history_modal,2026/05/27 19:02:21,#523,NBNH,,#511,149,849,1,,都市,都市,destroy,破壊,medium,visible_datetime,"#523[NBNH]が#511領有中のLV.1都市#511(149,849)を 攻撃し、陣営のために破壊宝箱xを勝ち取りました 2026-5-27 19:02:21"
frame_0056.png,history_modal,2026/05/27 20:01:40,#440,BAJ,Wbu,#480,349,349,3,,都市,都市,destroy,破壊,medium,visible_datetime,"#440[BA]が#480[Wbu]領有中のLV.3都市 #480(349,349)を攻撃し、陣営のために破壊宝箱＊10を 勝ち取りました 2026-5-27 20:01:40"
frame_0057.png,history_modal,2026/05/27 19:02:21,#523,NBNH,,#511,149,849,1,,都市,都市,destroy,破壊,medium,visible_datetime,"#523[NBNH]が#511領有中のLV.1都市#511(149,849)を 攻撃し、陣営のために破壊宝箱xを勝ち取りました 2026-5-27 19:02:21"
frame_0057.png,history_modal,2026/05/27 20:01:40,#440,BAJ,WbW,#480,349,349,3,,都市,都市,destroy,破壊,medium,visible_datetime,"#440[BAJが#480[WbW]領有中のLv.3都市 #480(349,349)を攻撃し、陣営のために破壊宝箱＊10を 勝ち取りました 2026-5-27 20:01:40"
frame_0057.png,history_modal,2026/05/27 20:02:15,#476,476,JDX,#534,549,349,3,,都市,都市,destroy,破壊,medium,visible_datetime,"#476[476が#534[JDX]領有中のLV3都市 #534(549,349)を攻撃し、陣営のために破壊宝箱x10を 勝ち取りました 2026-5-27 20:02:15"
frame_0058.png,history_modal,2026/05/27 19:02:21,#523,NBNH,,#511,149,849,1,,都市,都市,destroy,破壊,medium,visible_datetime,"#523[NBNH]が#511領有中のLV.1都市#511(149,849)を 攻撃し、陣営のために破壊宝箱xをち取りました 2026-5-27 19:02:21"
frame_0058.png,history_modal,2026/05/27 20:01:40,#440,BAJ,WbW,#480,349,349,3,,都市,都市,destroy,破壊,medium,visible_datetime,"#440[BA]が#480[WbW]領有中のLV.3都市 #480(349,349)を攻撃し、陣営のために破壊宝箱＊10を 勝ち取りました 2026-5-27 20:01:40"
frame_0058.png,history_modal,2026/05/27 20:02:38,#534,nO9,476H,#476,49,849,1,,都市,都市,destroy,破壊,medium,visible_datetime,"#534[n09]が#476[476H]領有中のLV.1都市#476(49,849)を 攻撃し、陣営のために破壊宝額＊を勝ち取りました 2026-5-27 20:02:38"
frame_0059.png,history_modal,2026/05/27 20:02:38,#534,nO9,476H,#476,49,849,1,,都市,都市,destroy,破壊,medium,visible_datetime,"#534[n09が#476[476H]領有中のLV.1都市#476(49,849)を 攻撃し、陣営のために破壊宝額＊2を勝ち取りました 2026-5-27 20:02:38"
frame_0060.png,history_modal,2026/05/27 20:01:40,#440,BAJ,Wbu,#480,349,349,3,,都市,都市,destroy,破壊,medium,visible_datetime,"#440[BAJが#480[Wbu]領有中のLV.3都市 #480(349,349)を攻撃し、陣営のために破壊宝箱x10を 勝ち取りました 2026-5-27 20:01:40"
frame_0060.png,history_modal,2026/05/27 20:02:15,#476,476B,JDX,#534,549,349,3,,都市,都市,destroy,破壊,medium,visible_datetime,"#476[476B]が#534[JDX]領有中のLV.3都市 #534(549,349)を攻撃し、陣営のために破壊宝箱x10を 勝ち取りました 2026-5-27 20:02:15"
frame_0060.png,history_modal,2026/05/27 20:02:38,#534,nO9,476H,#476,49,849,1,,都市,都市,destroy,破壊,medium,visible_datetime,"#534[n09が#476[476H]領有中のLV.1都市#476(49,849)を 攻撃し、陣宮のために破壊宝箱xを勝ち取りました 2026-5-27 20:02:38"
frame_0061.png,history_modal,2026/05/27 20:01:40,#440,BAJ,WbW,#480,349,349,3,,都市,都市,destroy,破壊,medium,visible_datetime,"#440[BAが#480[WbW]領有中のLV.3都市 #480(349,349)を攻撃し、陣営のために破壊宝箱＊10を 勝ち取りました 2026-5-27 20:01:40"
frame_0061.png,history_modal,2026/05/27 20:02:15,#476,476B,JDX,#534,549,349,3,,都市,都市,destroy,破壊,medium,visible_datetime,"#476[476B]が#534[DX]領有中のLv.3都市 #534(549,349)を攻撃し、陣営のために破壊宝箱x10を 勝ち取りました 2026-5-27 20:02:15"
frame_0061.png,history_modal,2026/05/27 20:04:04,#476,476A,5S0,#509,549,349,3,,都市,都市,destroy,破壊,medium,visible_datetime,"#476[476A]が#509[5S0]領有中のLV.3都市 #509(549,349)を攻撃し、陣営のために破壊宝箱x10を 勝ち取りました 2026-5-27 20:04:04"
frame_0061.png,history_modal,2026/05/27 20:04:34,#476,476B,JDX,#534,649,349,3,,都市,都市,destroy,破壊,medium,visible_datetime,"#476[476B]が#534[JDX]領有中のLV.3都市 #534(649,349)を攻撃し、陣営のために破壊宝額*10を 勝ち取りました 2026-5-27 20:04:34"
frame_0062.png,history_modal,2026/05/27 20:02:15,#476,476B,JDX,#534,549,349,3,,都市,都市,destroy,破壊,medium,visible_datetime,"#476[476B]が#534[JDX]領有中のLV.3都市 #534(549,349)を攻撃し、陣営のために破壊宝箱*10を 勝ち取りました 2026-5-27 20:02:15"
frame_0062.png,history_modal,2026/05/27 20:02:38,#534,nO9,476H,#476,49,849,1,,都市,都市,destroy,破壊,medium,visible_datetime,"#534[n09]が#476[476H]領有中のLV.1都市#476(49,849)を 攻撃し、陣営のために破壊宝箱xを勝ち取りました 2026-5-27 20:02:38"
frame_0062.png,history_modal,2026/05/27 20:04:34,#476,476B,JDX,#534,649,349,3,,都市,都市,destroy,破壊,medium,visible_datetime,"#476[476B]が#534[JDX]領有中のLV.3都市 #534(649,349)を攻撃し、陣営のために破壊宝箱*10を 勝ち取りました 2026-5-27 20:04:34"
frame_0062.png,history_modal,2026/05/27 20:12:18,#440,GcC,BgNa,#480,449,349,3,,都市,都市,destroy,破壊,medium,visible_datetime,"#440[Gcc]が#480[BgNa]領有中のLV.3都市 #480(449,349)を攻撃し、陣営のために破壊宝箱x10を 勝ち取りました 2026-5-27 20:12:18"
frame_0063.png,history_modal,2026/05/27 20:12:18,#440,GcC,BgNa,#480,449,349,3,,都市,都市,destroy,破壊,medium,visible_datetime,"#440[Gcc]が#480[BgNa]領有中のLV.3都市 #480(449,349)を攻撃し、陣営のために破壊宝箱x10を 勝ち取りました 2026-5-27 20:12:18"
frame_0063.png,history_modal,2026/05/27 20:17:55,#476,476A,550,#509,449,349,3,,都市,都市,destroy,破壊,medium,visible_datetime,"#476[476A]が#509[550]領有中のLv.3都市 #509(449,349)を攻撃し、陣営のために破壊宝箱x10を 勝ち取りました 2026-5-27 20:17:55"
frame_0064.png,history_modal,2026/05/27 20:04:34,#476,476B,JDX,#534,649,349,3,,都市,都市,destroy,破壊,medium,visible_datetime,"#476[476B]が#534[JDX]領有中のLV.3都市 #534(649,349)を攻撃し、陣営のために破壊宝箱x10を 勝ち取りました 2026-5-27 20:04:34"
frame_0064.png,history_modal,2026/05/27 20:12:18,#440,GcC,BgNa,#480,449,349,3,,都市,都市,destroy,破壊,medium,visible_datetime,"#440[Gcc]が#480[BgNa]領有中のLV.3都市 #480(449,349)を攻撃し、陣営のために破壊宝箱x10を 勝ち取りました 2026-5-27 20:12:18"
frame_0064.png,history_modal,2026/05/27 20:17:55,#476,476A,550,#509,449,349,3,,都市,都市,destroy,破壊,medium,visible_datetime,"#476[476A]が#509[550]領有中のLV.3都市 #509(449,349)を攻撃し、陣営のために破壊宝箱x10を 勝ち取りました 2026-5-27 20:17:55"
frame_0065.png,history_modal,2026/05/27 20:12:18,#440,GcC,BgNa,#480,449,349,3,,都市,都市,destroy,破壊,medium,visible_datetime,"#440[Gcc]が#480[BgNa]領有中のLV.3都市 #480(449,349)を攻撃し、陣営のために破壊宝箱x10を 勝ち取りました 2026-5-27 20:12:18"
frame_0065.png,history_modal,2026/05/27 20:23:12,#523,WUG,JL0,#511,349,449,3,,都市,都市,destroy,破壊,medium,visible_datetime,"#523[WUG]が#511[JL0]領有中のLV.3都市#511(349,449)を ⑦ 攻撃し、陣営のために破壊宝箱※10を勝ち取りました 2026-5-27 20:23:12"
frame_0066.png,history_modal,2026/05/27 20:12:18,#440,GcC,BgNa,#480,449,349,3,,都市,都市,destroy,破壊,medium,visible_datetime,"#440[Gcc]が#480[BgNa]領有中のLV.3都市 #480(449,349)を攻撃し、陣営のために破壊宝箱＊10を 勝ち取りました 2026-5-27 20:12:18"
frame_0066.png,history_modal,2026/05/27 20:17:55,#476,476A,5SQ,#509,449,349,3,,都市,都市,destroy,破壊,medium,visible_datetime,"#476[476Aが#509[5SQ]領有中のLV.3都市 #509(449,349)を攻撃し、陣営のために破壊宝箱x10を 勝ち取りました 2026-5-27 20:17:55"
frame_0066.png,history_modal,2026/05/27 20:20:19,#480,WbW,DaNG,#511,449,649,3,,都市,都市,destroy,破壊,medium,visible_datetime,"#480[WbWが#511[DaNG]領有中のLv.3都市 #511(449,649)を攻撃し、陣営のために破壊宝箱x10を 勝ち取りました 2026-5-27 20:20:19"
frame_0066.png,history_modal,2026/05/27 20:23:12,#523,WUG,JL0,#511,349,449,3,,都市,都市,destroy,破壊,medium,visible_datetime,"#523[WUG]が#511[JL0]領有中のLV.3都市#511(349,449)を 攻撃し、陣営のために破壊宝額＊10を勝ち取りました 2026-5-27 20:23:12"
frame_0067.png,history_modal,2026/05/27 20:17:55,#476,476A,550,#509,449,349,3,,都市,都市,destroy,破壊,medium,visible_datetime,"#476[476Aが#509[550]領有中のLV.3都市 #509(449,349)を攻撃し、陣営のために破壊宝箱※10を 勝ち取りました 2026-5-27 20:17:55"
frame_0067.png,history_modal,2026/05/27 20:23:12,#523,WUG,JL0,#511,349,449,3,,都市,都市,destroy,破壊,medium,visible_datetime,"#523[WUG]が#511[JL0]領有中のLV.3都市#511(349,449)を 攻撃し、陣営のために破壊宝箱x10を勝ち取りました 2026-5-27 20:23:12"
frame_0067.png,history_modal,2026/05/27 20:23:18,#503,UMN,0TT,#509,749,849,1,,都市,都市,destroy,破壊,medium,visible_datetime,"#503[UMNが#509[OTT]領有中のLV.1都市 #509(749,849)を攻撃し、陣営のために破壊宝箱x2を勝 ち取りました 2026-5-27 20:23:18"
frame_0068.png,history_modal,2026/05/27 20:20:19,#480,WbW,DaNG,#511,449,649,3,,都市,都市,destroy,破壊,medium,visible_datetime,"#480[WbWが#511[DaNG]領有中のLV.3都市 #511(449,649)を攻撃し、陣営のために破壊宝箱x10を 勝ち取りました 2026-5-27 20:20:19"
frame_0069.png,history_modal,2026/05/27 20:23:18,#503,UMN,0TT,#509,749,849,1,,都市,都市,destroy,破壊,medium,visible_datetime,"#503[UMNが#509[OTT]領有中のLV.1都市 #509(749,849)を攻撃し、陣営のために破壊宝箱xを勝 ち取りました 2026-5-27 20:23:18"
frame_0069.png,history_modal,2026/05/27 20:25:53,#523,WUG,JL0,#511,249,649,2,,都市,都市,destroy,破壊,medium,visible_datetime,"#523[WUG]が#511[JL0]領有中のLv.2都市#511(249,649)を 攻撃し、陣営のために破壊宝額x5を勝ち取りました 2026-5-27 20:25:53"
frame_0069.png,history_modal,2026/05/30 00:08:17,#480,cDf8,,#511,949,649,1,,都市,都市,destroy,破壊,medium,visible_datetime,"#480[cDf8]が#511領有中のLV.1都市#511(949,649)を 攻撃し、陣営のために破壊宝箱xを勝ち取りました 2026-5-30 00:08:17"
frame_0070.png,history_modal,2026/05/27 20:23:18,#503,UMN,0TT,#509,749,849,1,,都市,都市,destroy,破壊,medium,visible_datetime,"#503[UMNが#509[OTT]領有中のLV.1都市 #509(749,849)を攻撃し、陣営のために破壊宝箱x2を勝 ち取りました 2026-5-27 20:23:18"
frame_0070.png,history_modal,2026/05/27 20:23:21,#440,GcC,Wbu,#480,549,349,3,,都市,都市,destroy,破壊,medium,visible_datetime,"#440[Gcc]が#480[Wbu]領有中のLV.3都市 #480(549,349)を攻撃し、陣営のために破壊宝額*10を 勝ち取りました 2026-5-27 20:23:21"
frame_0070.png,history_modal,2026/05/30 00:08:17,#480,C0f8,,#511,949,649,1,,都市,都市,destroy,破壊,medium,visible_datetime,"#480[C0f8]が#511領有中のLV.1都市#511(949,649)を 攻撃し、陣営のために破壊宝箱xを勝ち取りました 2026-5-30 00:08:17"
frame_0070.png,history_modal,2026/05/30 04:02:33,#476,476d,VEX,#509,349,249,2,,都市,都市,destroy,破壊,medium,visible_datetime,"#476[476dが#509[VEX]領有中のLV.2都市 #509(349,249)を攻撃し、陣営のために破壊宝箱★5を勝 ち取りました 2026-5-30 04:02:33"
frame_0071.png,history_modal,2026/05/30 00:08:17,#480,CDf8,,#511,949,649,1,,都市,都市,destroy,破壊,medium,visible_datetime,"#480[CDf8]が#511領有中のLV.1都市#511(949,649)を 攻撃し、陣営のために破壊宝箱x2を勝ち取りました 2026-5-30 00:08:17"
frame_0071.png,history_modal,2026/05/30 04:02:33,#476,476d,VEX,#509,349,249,2,,都市,都市,destroy,破壊,medium,visible_datetime,"#476[476d]が#509[VEX]領有中のLV.2都市 #509(349,249)を攻撃し、陣営のために破壊宝箱x5を勝 ち取りました 2026-5-30 04:02:33"
frame_0072.png,history_modal,2026/05/27 20:25:53,#523,WUG,JL0,#511,249,649,2,,都市,都市,destroy,破壊,medium,visible_datetime,"#523[WUG]が#511[JL0]領有中のLV.2都市#511(249,649)を 攻撃し、陣営のために破壊宝箱＊5を勝ち取りました 2026-5-27 20:25:53"
frame_0072.png,history_modal,2026/05/30 00:08:17,#480,C0f8,,#511,949,649,1,,都市,都市,destroy,破壊,medium,visible_datetime,"#480[C0f8]が#511領有中のLV.1都市#511(949,649)を 攻撃し、陣営のために破壊宝箱x2を勝ち取りました 2026-5-30 00:08:17"
frame_0073.png,history_modal,2026/05/30 00:08:17,#480,CDf8,,#511,949,649,1,,都市,都市,destroy,破壊,medium,visible_datetime,"#480[CDf8]が#511領有中のLV.1都市#511(949,649)を 攻撃し、陣営のために破壊宝箱xを勝ち取りました 2026-5-30 00:08:17"
frame_0073.png,history_modal,2026/05/30 04:07:43,#523,u3o,5Vh,#511,149,49,1,,都市,都市,destroy,破壊,medium,visible_datetime,"#523[u30]が#511[5Vh]領有中のLV.1都市#511(149,49)を 攻撃し、陣営のために破壊宝箱xを勝ち取りました 2026-5-30 04:07:43"
frame_0074.png,history_modal,2026/05/30 04:02:33,#476,476d,VEX,#509,349,249,2,,都市,都市,destroy,破壊,medium,visible_datetime,"#476[476d]が#509[VEX]領有中のLV.2都市 #509(349,249)を攻撃し、陣宮のために破壊宝額x5を勝 ち取りました 2026-5-30 04:02:33"
frame_0074.png,history_modal,2026/05/30 04:07:43,#523,u3o,SVh,#511,149,49,1,,都市,都市,destroy,破壊,medium,visible_datetime,"#523[u30]が#511[SVh]領有中のLV.1都市#511(149,49)を 攻撃し、陣営のために破壊宝箱xを勝ち取りました 2026-5-30 04:07:43"
frame_0074.png,history_modal,2026/05/30 04:11:00,#523,WUG,JL0,#511,349,649,3,,都市,都市,destroy,破壊,medium,visible_datetime,"#523[WUG]が#511[JL0]領有中のLV.3都市#511(349,649)を 攻撃し、陣営のために破壊宝箱＊10を勝ち取りました 2026-5-30 04:11:00"
frame_0075.png,history_modal,2026/05/30 04:03:49,#440,G0Ds,TkTk,#480,249,449,2,,都市,都市,destroy,破壊,medium,visible_datetime,"#440[G0Ds]が#480[TkTk]領有中のLV.2都市 #480(249,449)を攻撃し、陣営のために破壊宝箱x5を勝 ち取りました 2026-5-30 04:03:49"
frame_0075.png,history_modal,2026/05/30 04:07:43,#523,u3o,5Vh,#511,149,49,1,,都市,都市,destroy,破壊,medium,visible_datetime,"#523[u30]が#511[5Vh]領有中のLV.1都市#511(149,49)を 攻撃し、陣営のために破壊宝箱xを勝ち取りました 2026-5-30 04:07:43"
frame_0075.png,history_modal,2026/05/30 04:31:10,#503,one,OUM,#509,749,149,1,,都市,都市,destroy,破壊,medium,visible_datetime,"#503[one]が#509[OUM]領有中のLV.1都市 #509(749,149)を攻撃し、陣営のために破壊宝箱x2を勝 ち取りました 2026-5-30 04:31:10"
frame_0076.png,history_modal,2026/05/30 04:43:19,#503,fzn,BHE,#509,349,749,2,,都市,都市,destroy,破壊,medium,visible_datetime,"#503[fznが#509[BHE]領有中のLV.2都市#509(349,749)を 攻撃し、陣営のために破壊宝箱x5を勝ち取りました 2026-5-30 04:43:19"
frame_0077.png,history_modal,2026/05/30 04:07:43,#523,u3o,5Vh,#511,149,49,1,,都市,都市,destroy,破壊,medium,visible_datetime,"#523[u30が#511[5Vh]領有中のLV.1都市#511(149,49)を 攻撃し、陣営のために破壊宝箱xを勝ち取りました 2026-5-30 04:07:43"
frame_0077.png,history_modal,2026/05/30 04:43:19,#503,fzn,BHE,#509,349,749,2,,都市,都市,destroy,破壊,medium,visible_datetime,"#503[fzn]が#509[BHE]領有中のLv.2都市#509(349,749)を 攻撃し、陣営のために破壊宝箱x5を勝ち取りました 2026-5-30 04:43:19"
frame_0077.png,history_modal,2026/05/30 04:48:18,#523,K4TR,,#511,549,49,1,,都市,都市,destroy,破壊,medium,visible_datetime,"#523[K4TRが#511領有中のLV.1都市#511(549,49)を 攻撃し、陣営のために破壊宝箱xを勝ち取りました 2026-5-30 04:48:18"
frame_0078.png,history_modal,2026/05/30 04:43:19,#503,fzn,BHE,#509,349,749,2,,都市,都市,destroy,破壊,medium,visible_datetime,"#503[fzn]が#509[BHE]領有中のLv.2都市#509(349,749)を 攻撃し、陣営のために破壊宝箱x5を勝ち取りました 2026-5-30 04:43:19"
frame_0078.png,history_modal,2026/05/30 04:48:18,#523,K4TR,,#511,549,49,1,,都市,都市,destroy,破壊,medium,visible_datetime,"#523[K4TRが#511領有中のLV.1都市#511(549,49)を 攻撃し、陣営のために破壊宝箱※を勝ち取りました 2026-5-30 04:48:18"
frame_0079.png,history_modal,2026/05/30 04:43:19,#503,fzn,BHE,#509,349,749,2,,都市,都市,destroy,破壊,medium,visible_datetime,"#503[fzn]が#509[BHE]領有中のLv.2都市#509(349,749)を 攻撃し、陣営のために破壊宝箱x5を勝ち取りました 2026-5-30 04:43:19"
frame_0079.png,history_modal,2026/05/30 04:48:18,#523,K4TR,,#511,549,49,1,,都市,都市,destroy,破壊,medium,visible_datetime,"#523[K4TR]が#511領有中のLV.1都市#511(549,49)を 攻撃し、陣営のために破壊宝箱xを勝ち取りました 2026-5-30 04:48:18"
frame_0079.png,history_modal,2026/05/30 12:01:48,#476,476d,VEX,#509,549,249,2,,都市,都市,destroy,破壊,medium,visible_datetime,"#476[476d]が#509[VEX]領有中のLV.2都市 #509(549,249)を攻撃し、陣営のために破壊宝箱x5を勝 ち取りました 2026-5-30 12:01:48"
frame_0079.png,history_modal,2026/05/30 12:02:19,#509,SsQ,cDf8,#480,649,449,3,,都市,都市,destroy,破壊,medium,visible_datetime,"#509[5s0]が#480[cDf8]領有中のLV.3都市 #480(649,449)を攻撃し、陣営のために破壊宝箱x10を 勝ち取りました 2026-5-30 12:02:19"
frame_0080.png,history_modal,2026/05/30 04:48:18,#523,K4TR,,#511,549,49,1,,都市,都市,destroy,破壊,medium,visible_datetime,"#523[K4TR]が#511領有中のLV.1都市#511(549,49)を ⑦ 攻撃し、陣営のために破壊宝箱xを勝ち取りました 2026-5-30 04:48:18"
frame_0080.png,history_modal,2026/05/30 12:01:48,#476,476d,VEX,#509,549,249,2,,都市,都市,destroy,破壊,medium,visible_datetime,"#476[476d]が#509[VEX]領有中のLV.2都市 #509(549,249)を攻撃し、陣営のために破壊宝箱x5を勝 ち取りました 2026-5-30 12:01:48"
frame_0080.png,history_modal,2026/05/30 12:02:19,#509,SsQ,CDf8,#480,649,449,3,,都市,都市,destroy,破壊,medium,visible_datetime,"#509[5s0]が#480[CDf8]領有中のLV.3都市 #480(649,449)を攻撃し、陣営のために破壊宝箱x10を 勝ち取りました 2026-5-30 12:02:19"
frame_0080.png,history_modal,2026/05/30 12:03:03,#476,476C,4tH,#534,349,349,3,,都市,都市,destroy,破壊,medium,visible_datetime,"#476[476C]が#534[4tH]領有中のLV.3都市 #534(349,349)を攻撃し、陣営のために破壊宝箱x10を 勝ち取りました 2026-5-30 12:03:03"
frame_0081.png,history_modal,2026/05/30 04:48:18,#523,K4TR,,#511,549,49,1,,都市,都市,destroy,破壊,medium,visible_datetime,"#523[K4TR]が#511領有中のLV.1都市#511(549,49)を 攻撃し、陣営のために破壊宝箱x2を勝ち取りました 2026-5-30 04:48:18"
frame_0081.png,history_modal,2026/05/30 12:01:48,#476,476d,VEX,#509,549,249,2,,都市,都市,destroy,破壊,medium,visible_datetime,"#476[476d]が#509[VEX]領有中のLV.2都市 #509(549,249)を攻撃し、陣営のために破壊宝箱x5を勝 ち取りました 2026-5-30 12:01:48"
frame_0081.png,history_modal,2026/05/30 12:02:19,#509,5sq,cDf8,#480,649,449,3,,都市,都市,destroy,破壊,medium,visible_datetime,"#509[5sq]が#480[cDf8]領有中のLV.3都市 #480(649,449)を攻撃し、陣営のために破壊宝箱x10を 勝ち取りました 2026-5-30 12:02:19"
frame_0081.png,history_modal,2026/05/30 12:03:03,#476,476C,4tH,#534,349,349,3,,都市,都市,destroy,破壊,medium,visible_datetime,"#476[476c]が#534[4tH]領有中のLV.3都市 #534(349,349)を攻撃し、陣営のために破壊宝箱x10を 勝ち取りました 2026-5-30 12:03:03"
frame_0082.png,history_modal,2026/05/30 12:02:19,#509,SsQ,cDf8,#480,649,449,3,,都市,都市,destroy,破壊,medium,visible_datetime,"#509[5s0]が#480[cDf8]領有中のLV.3都市 #480(649,449)を攻撃し、陣営のために破壊宝箱x10を 勝ち取りました 2026-5-30 12:02:19"
frame_0082.png,history_modal,2026/05/30 12:03:03,#476,476C,4tH,#534,349,349,3,,都市,都市,destroy,破壊,medium,visible_datetime,"#476[476c]が#534[4tH]領有中のLV.3都市 #534(349,349)を攻撃し、陣営のために破壊宝箱x10を 勝ち取りました 2026-5-30 12:03:03"
frame_0082.png,history_modal,2026/05/30 12:03:15,#476,476B,SHA,#534,649,449,3,,都市,都市,destroy,破壊,medium,visible_datetime,"#476[476B]が#534[SHA]領有中のLV.3都市 #534(649,449)を攻撃し、陣営のために破壊宝箱x10を 勝ち取りました 2026-5-30 12:03:15"
frame_0082.png,history_modal,2026/05/30 12:03:46,#440,GoDs,WbW,#480,249,349,2,,都市,都市,destroy,破壊,medium,visible_datetime,"#440[GoDs]が#480[WbW]領有中のLV.2都市 #480(249,349)を攻撃し、陣営のために破壊宝箱x5を勝 ち取りました 2026-5-30 12:03:46"
frame_0083.png,history_modal,2026/05/30 12:03:03,#476,476C,4tH,#534,349,349,3,,都市,都市,destroy,破壊,medium,visible_datetime,"#476[476c]が#534[4tH]領有中のLV.3都市 #534(349,349)を攻撃し、陣営のために破壊宝箱＊10を 勝ち取りました 2026-5-30 12:03:03"
frame_0083.png,history_modal,2026/05/30 12:03:15,#476,4768,SHA,#534,649,449,3,,都市,都市,destroy,破壊,medium,visible_datetime,"#476[4768が#534[SHA]領有中のLV.3都市 #534(649,449)を攻撃し、陣営のために破壊宝箱x10を 勝ち取りました 2026-5-30 12:03:15"
frame_0083.png,history_modal,2026/05/30 12:03:55,#476,476X,5Va,#511,749,749,2,,都市,都市,destroy,破壊,medium,visible_datetime,"#476[476X]が#511[5Va]領有中のLV.2都市#511(749,749)を 攻撃し、陣営のために破壊宝箱x5を勝ち取りました 2026-5-30 12:03:55"
frame_0084.png,history_modal,2026/05/30 12:03:15,#476,476,SHA,#534,649,449,3,,都市,都市,destroy,破壊,medium,visible_datetime,"#476[476]が#534[SHA]領有中のLV.3都市 #534(649,449)を攻撃し、陣営のために破壊宝箱*10を 勝ち取りました 2026-5-30 12:03:15"
frame_0084.png,history_modal,2026/05/30 12:03:55,#476,476X,5Va,#511,749,749,2,,都市,都市,destroy,破壊,medium,visible_datetime,"#476[476X]が#511[5Va]領有中のLV.2都市#511(749,749)を 攻撃し、陣営のために破壊宝箱x5を勝ち取りました 2026-5-30 12:03:55"
frame_0085.png,history_modal,2026/05/30 12:03:15,#476,476B,SHA,#534,649,449,3,,都市,都市,destroy,破壊,medium,visible_datetime,"#476[476B]が#534[SHA]領有中のLV.3都市 #534(649,449)を攻撃し、陣宮のために破壊宝額★10を 勝ち取りました 2026-5-30 12:03:15"
frame_0085.png,history_modal,2026/05/30 12:03:55,#476,476X,5Va,#511,749,749,2,,都市,都市,destroy,破壊,medium,visible_datetime,"#476[476X]が#511[5Va]領有中のLv.2都市#511(749,749)を 攻撃し、陣営のために破壊宝箱x5を勝ち取りました 2026-5-30 12:03:55"
frame_0086.png,history_modal,2026/05/30 12:04:51,#509,SsQ,BgNa,#480,649,349,3,,都市,都市,destroy,破壊,medium,visible_datetime,"#509[5s0]が#480[BgNa]領有中のLV.3都市 #480(649,349)を攻撃し、陣営のために破壊宝箱x10を 勝ち取りました 2026-5-30 12:04:51"
frame_0087.png,history_modal,2026/05/30 12:04:15,#503,GX99,SsQ,#509,649,249,2,,都市,都市,destroy,破壊,medium,visible_datetime,"#503[GX99が#509[5s0]領有中のLV.2都市 #509(649,249)を攻撃し、陣営のために破壊宝箱x5を勝 ち取りました 2026-5-30 12:04:15"
frame_0087.png,history_modal,2026/05/30 12:04:51,#509,SsQ,BgNa,#480,649,349,3,,都市,都市,destroy,破壊,medium,visible_datetime,"#509[5s0]が#480[BgNa]領有中のLV.3都市 #480(649,349)を攻撃し、陣営のために破壊宝額x10を 勝ち取りました 2026-5-30 12:04:51"
frame_0087.png,history_modal,2026/05/30 12:04:53,#476,476C,JDX,#534,549,249,2,,都市,都市,destroy,破壊,medium,visible_datetime,"#476[476c]が#534[JDX]領有中のLv.2都市 #534(549,249)を攻撃し、陣営のために破壊宝額★5を勝 ち取りました 2026-5-30 12:04:53"
frame_0088.png,history_modal,2026/05/30 12:04:15,#503,GX99,550,#509,649,249,2,,都市,都市,destroy,破壊,medium,visible_datetime,"#503[GX99が#509[550]領有中のLV.2都市 #509(649,249)を攻撃し、陣営のために破壊宝箱x5を勝 ち取りました 2026-5-30 12:04:15"
frame_0088.png,history_modal,2026/05/30 12:04:51,#509,SsQ,BgNa,#480,649,349,3,,都市,都市,destroy,破壊,medium,visible_datetime,"#509[5s0]が#480[BgNa]領有中のLV.3都市 #480(649,349)を攻撃し、陣営のために破壊宝箱x10を 勝ち取りました 2026-5-30 12:04:51"
frame_0088.png,history_modal,2026/05/30 12:04:53,#476,476C,JDX,#534,549,249,2,,都市,都市,destroy,破壊,medium,visible_datetime,"#476[476c]が#534[JDX]領有中のLV.2都市 #534(549,249)を攻撃し、陣営のために破壊宝箱x5を勝 ち取りました 2026-5-30 12:04:53"
frame_0088.png,history_modal,2026/05/30 12:05:50,#503,fzn,OUM,#509,349,849,1,,都市,都市,destroy,破壊,medium,visible_datetime,"#503[fznが#509[OUM]領有中のLV.1都市 #509(349,849)を攻撃し、陣営のために破壊宝箱xを勝 ち取りました 2026-5-30 12:05:50"
frame_0089.png,history_modal,2026/05/30 12:04:51,#509,SsQ,BgNa,#480,649,349,3,,都市,都市,destroy,破壊,medium,visible_datetime,"#509[5s0]が#480[BgNa]領有中のLV.3都市 #480(649,349)を攻撃し、陣営のために破壊宝箱★10を 勝ち取りました 2026-5-30 12:04:51"
frame_0089.png,history_modal,2026/05/30 12:04:53,#476,476C,JDX,#534,549,249,2,,都市,都市,destroy,破壊,medium,visible_datetime,"#476[476c]が#534[JDX]領有中のLv.2都市 #534(549,249)を攻撃し、陣営のために破壊宝箱x5を勝 ち取りました 2026-5-30 12:04:53"
frame_0089.png,history_modal,2026/05/30 12:04:58,#503,Lghs,FHX,#509,649,449,3,,都市,都市,destroy,破壊,medium,visible_datetime,"#503[Lghsが#509[FHX]領有中のLv.3都市 #509(649,449)を攻撃し、陣営のために破壊宝箱x10を 勝ち取りました 2026-5-30 12:04:58"
frame_0089.png,history_modal,2026/05/30 12:05:50,#503,fzn,OWM,#509,349,849,1,,都市,都市,destroy,破壊,medium,visible_datetime,"#503[fzn]が#509[OWM]領有中のLV.1都市 #509(349,849)を攻撃し、陣営のために破壊宝箱x2を勝 ち取りました 2026-5-30 12:05:50"
frame_0090.png,history_modal,2026/05/30 12:04:58,#503,Lghs,FHX,#509,649,449,3,,都市,都市,destroy,破壊,medium,visible_datetime,"#503[Lghsが#509[FHX]領有中のLv.3都市 #509(649,449)を攻撃し、陣営のために破壊宝箱x10を 勝ち取りました 2026-5-30 12:04:58"
frame_0090.png,history_modal,2026/05/30 12:05:50,#503,fzn,OWM,#509,349,849,1,,都市,都市,destroy,破壊,medium,visible_datetime,"#503[fzn]が#509[OWM]領有中のLV.1都市 #509(349,849)を攻撃し、陣営のために破壊宝箱xを勝 ち取りました 2026-5-30 12:05:50"
frame_0090.png,history_modal,2026/05/30 12:07:03,#476,476,SHA,#534,449,349,3,,都市,都市,destroy,破壊,medium,visible_datetime,"#476[476]が#534[SHA]領有中のLV.3都市 #534(449,349)を攻撃し、陣営のために破壊宝箱x10を 勝ち取りました 2026-5-30 12:07:03"
frame_0091.png,history_modal,2026/05/30 12:04:58,#503,Lghs,FHX,#509,649,449,3,,都市,都市,destroy,破壊,medium,visible_datetime,"#503[Lghsが#509[FHX]領有中のLV.3都市 #509(649,449)を攻撃し、陣営のために破壊宝箱x10を 勝ち取りました 2026-5-30 12:04:58"
frame_0091.png,history_modal,2026/05/30 12:05:50,#503,fzn,OUM,#509,349,849,1,,都市,都市,destroy,破壊,medium,visible_datetime,"#503[fzn]が#509[OUM]領有中のLV.1都市 #509(349,849)を攻撃し、陣営のために破壊宝箱xを勝 ち取りました 2026-5-30 12:05:50"
frame_0091.png,history_modal,2026/05/30 12:07:03,#476,476B,SHA,#534,449,349,3,,都市,都市,destroy,破壊,medium,visible_datetime,"#476[476B]が#534[SHA]領有中のLV.3都市 #534(449,349)を攻撃し、陣営のために破壊宝箱*10を 勝ち取りました 2026-5-30 12:07:03"
frame_0091.png,history_modal,2026/05/30 12:07:08,#503,xjR,BHE,#509,149,749,1,,都市,都市,destroy,破壊,medium,visible_datetime,"#503[xjRが#509[BHE]領有中のLV.1都市#509(149,749)を 攻撃し、陣営のために破壊宝箱x2を勝ち取りました 2026-5-30 12:07:08"
frame_0092.png,history_modal,2026/05/30 12:07:03,#476,476B,SHA,#534,449,349,3,,都市,都市,destroy,破壊,medium,visible_datetime,"#476[476B]が#534[SHA]領有中のLV.3都市 #534(449,349)を攻撃し、陣営のために破壊宝箱x10を 勝ち取りました 2026-5-30 12:07:03"
frame_0092.png,history_modal,2026/05/30 12:07:08,#503,xjR,BHE,#509,149,749,1,,都市,都市,destroy,破壊,medium,visible_datetime,"#503[xjR]が#509[BHE]領有中のLV.1都市#509(149,749)を 攻撃し、陣営のために破壊宝箱xを勝ち取りました 2026-5-30 12:07:08"
frame_0092.png,history_modal,2026/05/30 12:08:03,#523,fIrE,2N7,#511,349,349,3,,都市,都市,destroy,破壊,medium,visible_datetime,"#523[fIrE]が#511[2N7]領有中のLV.3都市#511(349,349)を 攻撃し、陣営のために破壊宝箱x10をち取りました 2026-5-30 12:08:03"
frame_0093.png,history_modal,2026/05/30 12:05:50,#503,fzn,OUM,#509,349,849,1,,都市,都市,destroy,破壊,medium,visible_datetime,"#503[fzn]が#509[OUM]領有中のLV.1都市 #509(349,849)を攻撃し、陣営のために破壊宝箱xを勝 ち取りました 2026-5-30 12:05:50"
frame_0093.png,history_modal,2026/05/30 12:07:03,#476,476B,SHA,#534,449,349,3,,都市,都市,destroy,破壊,medium,visible_datetime,"#476[476B]が#534[SHA]領有中のLV.3都市 #534(449,349)を攻撃し、陣営のために破壊宝箱*10を 勝ち取りました 2026-5-30 12:07:03"
frame_0093.png,history_modal,2026/05/30 12:07:08,#503,xjR,BHE,#509,149,749,1,,都市,都市,destroy,破壊,medium,visible_datetime,"#503[xjR]が#509[BHE]領有中のLV.1都市#509(149,749)を 攻撃し、陣営のために破壊宝額xを勝ち取りました 2026-5-30 12:07:08"
frame_0093.png,history_modal,2026/05/30 12:08:03,#523,fIrE,2N7,#511,349,349,3,,都市,都市,destroy,破壊,medium,visible_datetime,"#523[fIrE]が#511[2N7]領有中のLV.3都市#511(349,349)を 攻撃し、陣営のために破壊宝箱x10をち取りました 2026-5-30 12:08:03"
frame_0093.png,history_modal,2026/05/30 12:14:27,#440,GcC,BgNa,#480,449,249,2,,都市,都市,destroy,破壊,medium,visible_datetime,"#440[Gcc]が#480[BgNa]領有中のLV.2都市 #480(449,249)を攻撃し、陣営のために破壊宝箱x5を勝 ち取りました 2026-5-30 12:14:27"
frame_0094.png,history_modal,2026/05/30 12:05:50,#503,fzn,OWM,#509,349,849,1,,都市,都市,destroy,破壊,medium,visible_datetime,"#503[fzn]が#509[OWM]領有中のLV.1都市 #509(349,849)を攻撃し、陣営のために破壊宝箱xを勝 ち取りました 2026-5-30 12:05:50"
frame_0094.png,history_modal,2026/05/30 12:07:03,#476,476,SHA,#534,449,349,3,,都市,都市,destroy,破壊,medium,visible_datetime,"#476[476]が#534[SHA]領有中のLV.3都市 #534(449,349)を攻撃し、陣営のために破壊宝箱x10を 勝ち取りました 2026-5-30 12:07:03"
frame_0094.png,history_modal,2026/05/30 12:07:08,#503,xjR,BHE,#509,149,749,1,,都市,都市,destroy,破壊,medium,visible_datetime,"#503[xjR]が#509[BHE]領有中のLV.1都市#509(149,749)を 攻撃し、陣営のために破壊宝箱＊を勝ち取りました 2026-5-30 12:07:08"
frame_0094.png,history_modal,2026/05/30 12:08:03,#523,fIrE,2N7,#511,349,349,3,,都市,都市,destroy,破壊,medium,visible_datetime,"#523[fIrE]が#511[2N7]領有中のLV.3都市#511(349,349)を 攻撃し、陣営のために破壊宝箱x10を勝ち取りました 2026-5-30 12:08:03"
frame_0095.png,history_modal,2026/05/30 12:07:08,#503,xjR,BHE,#509,149,749,1,,都市,都市,destroy,破壊,medium,visible_datetime,"#503[xjR]が#509[BHE]領有中のLV.1都市#509(149,749)を 攻撃し、陣営のために破壊宝箱xを勝ち取りました 2026-5-30 12:07:08"
frame_0095.png,history_modal,2026/05/30 12:08:03,#523,fIrE,2N7,#511,349,349,3,,都市,都市,destroy,破壊,medium,visible_datetime,"#523[fIrE]が#511[2N7]領有中のLV.3都市#511(349,349)を 攻撃し、陣営のために破壊宝箱x10を勝ち取りました 2026-5-30 12:08:03"
frame_0096.png,history_modal,2026/05/30 12:08:03,#523,fIrE,2N7,#511,349,349,3,,都市,都市,destroy,破壊,medium,visible_datetime,"#523[fIrE]が#511[2N7]領有中のLV.3都市#511(349,349)を 攻撃し、陣営のために破壊宝箱*10を勝ち取りました 2026-5-30 12:08:03"
frame_0096.png,history_modal,2026/05/30 12:14:27,#440,GcC,BgNa,#480,449,249,2,,都市,都市,destroy,破壊,medium,visible_datetime,"#440[Gcc]が#480[BgNa]領有中のLv.2都市 #480(449,249)を攻撃し、陣営のために破壊宝箱x5を勝 ち取りました 2026-5-30 12:14:27"
frame_0096.png,history_modal,2026/05/30 12:15:26,#503,GX99,tWD,#509,249,349,2,,都市,都市,destroy,破壊,medium,visible_datetime,"#503[GX99が#509[tWD]領有中のLv.2都市 #509(249,349)を攻撃し、陣宮のために破壊宝額x5を勝 ち取りました 2026-5-30 12:15:26"
frame_0096.png,history_modal,2026/05/30 12:16:10,#440,GcC,WbW,#480,549,249,2,,都市,都市,destroy,破壊,medium,visible_datetime,"#440[Gcc]が#480[WbW]領有中のLV.2都市 #480(549,249)を攻撃し、陣営のために破壊宝額★5を勝 ち取りました 2026-5-30 12:16:10"
frame_0097.png,history_modal,2026/05/30 12:14:27,#440,GcC,BgNa,#480,449,249,2,,都市,都市,destroy,破壊,medium,visible_datetime,"#440[Gcc]が#480[BgNa]領有中のLV.2都市 #480(449,249)を攻撃し、陣営のために破壊宝箱x5を勝 ち取りました 2026-5-30 12:14:27"
frame_0097.png,history_modal,2026/05/30 12:15:33,#503,Lghs,tWD,#509,249,449,2,,都市,都市,destroy,破壊,medium,visible_datetime,"#503[Lghsが#509[tWD]領有中のLv.2都市 #509(249,449)を攻撃し、陣営のために破壊宝箱x5を勝 ち取りました 2026-5-30 12:15:33"
frame_0097.png,history_modal,2026/05/30 12:17:52,#534,JDX,MtG,#480,49,749,1,,都市,都市,destroy,破壊,medium,visible_datetime,"#534[JDX]が#480[MtG]領有中のLV.1都市#480(49,749)を 攻撃し、陣営のために破壊宝箱xを勝ち取りました 2026-5-30 12:17:52"
frame_0098.png,history_modal,2026/05/30 12:15:26,#503,GX99,tWD,#509,249,349,2,,都市,都市,destroy,破壊,medium,visible_datetime,"#503[GX99]が#509[tWD]領有中のLv.2都市 #509(249,349)を攻撃し、陣営のために破壊宝額x5を勝 ち取りました 2026-5-30 12:15:26"
frame_0098.png,history_modal,2026/05/30 12:16:10,#440,GcC,Wbu,#480,549,249,2,,都市,都市,destroy,破壊,medium,visible_datetime,"#440[Gcc]が#480[Wbu]領有中のLv.2都市 #480(549,249)を攻撃し、陣営のために破壊宝箱x5を勝 ち取りました 2026-5-30 12:16:10"
frame_0098.png,history_modal,2026/05/30 12:17:52,#534,JDX,MtG,#480,49,749,1,,都市,都市,destroy,破壊,medium,visible_datetime,"#534[JDX]が#480[MtG]領有中のLV.1都市#480(49,749)を 攻撃し、陣営のために破壊宝箱x2をち取りました 2026-5-30 12:17:52"
frame_0099.png,history_modal,2026/05/30 12:17:52,#534,JDX,MtG,#480,49,749,1,,都市,都市,destroy,破壊,medium,visible_datetime,"#534[JDX]が#480[MtG]領有中のLV.1都市#480(49,749)を 攻撃し、陣営のために破壊宝箱xを勝ち取りました 2026-5-30 12:17:52"
frame_0099.png,history_modal,2026/05/30 12:18:07,#503,xjR,0WM,#509,249,849,1,,都市,都市,destroy,破壊,medium,visible_datetime,"#503[xjR]が#509[0WM]領有中のLV.1都市 #509(249,849)を攻撃し、陣営のために破壊宝箱xを勝 ち取りました 2026-5-30 12:18:07"
frame_0100.png,history_modal,2026/05/30 12:16:10,#440,GcC,WbW,#480,549,249,2,,都市,都市,destroy,破壊,medium,visible_datetime,"#440[Gcc]が#480[WbW]領有中のLV.2都市 #480(549,249)を攻撃し、陣営のために破壊宝額＊5を勝 ち取りました 2026-5-30 12:16:10"
frame_0100.png,history_modal,2026/05/30 12:17:52,#534,JDX,MtG,#480,49,749,1,,都市,都市,destroy,破壊,medium,visible_datetime,"#534[JDX]が#480[MtG]領有中のLV.1都市#480(49,749)を 攻撃し、陣営のために破壊宝箱xを勝ち取りました 2026-5-30 12:17:52"
frame_0100.png,history_modal,2026/05/30 12:19:06,#509,FHX,RCON,#480,49,849,1,,都市,都市,destroy,破壊,medium,visible_datetime,"#509[FHX]が#480[RCON]領有中のLV.1都市 #480(49,849)を攻撃し、陣営のために破壊宝箱x2を勝 ち取りました 2026-5-30 12:19:06"
frame_0101.png,history_modal,2026/05/30 12:17:52,#534,JDX,MtG,#480,49,749,1,,都市,都市,destroy,破壊,medium,visible_datetime,"#534[JDX]が#480[MtG]領有中のLV.1都市#480(49,749)を 攻撃し、陣営のために破壊宝箱xを勝ち取りました 2026-5-30 12:17:52"
frame_0101.png,history_modal,2026/05/30 12:19:06,#509,FHX,RCON,#480,49,849,1,,都市,都市,destroy,破壊,medium,visible_datetime,"#509[FHXが#480[RCON]領有中のLV.1都市 #480(49,849)を攻撃し、陣営のために破壊宝箱xを勝 ち取りました 2026-5-30 12:19:06"
frame_0101.png,history_modal,2026/05/30 12:19:44,#503,one,SsQ,#509,749,249,2,,都市,都市,destroy,破壊,medium,visible_datetime,"#503[one]が#509[5s0]領有中のLV.2都市#509(749,249)を 攻撃し、陣営のために破壊宝箱x5を勝ち取りました 2026-5-30 12:19:44"
frame_0102.png,history_modal,2026/05/30 12:18:07,#503,xjR,OUM,#509,249,849,1,,都市,都市,destroy,破壊,medium,visible_datetime,"#503[xjR]が#509[OUM]領有中のLV.1都市 #509(249,849)を攻撃し、陣営のために破壊宝箱x2を勝 ち取りました 2026-5-30 12:18:07"
frame_0102.png,history_modal,2026/05/30 12:19:54,#480,RCON,SsQ,#509,749,349,2,,都市,都市,destroy,破壊,medium,visible_datetime,"#480[RCONが#509[5s0]領有中のLV.2都市 #509(749,349)を攻撃し、陣営のために破壊宝箱x5を勝 ち取りました 2026-5-30 12:19:54"
frame_0103.png,history_modal,2026/05/30 12:19:06,#509,FHX,RCON,#480,49,849,1,,都市,都市,destroy,破壊,medium,visible_datetime,"#509[FHX]が#480[RCON]領有中のLV.1都市 #480(49,849)を攻撃し、陣営のために破壊宝箱xを勝 ち取りました 2026-5-30 12:19:06"
frame_0103.png,history_modal,2026/05/30 12:19:44,#503,one,SsQ,#509,749,249,2,,都市,都市,destroy,破壊,medium,visible_datetime,"#503[one]が#509[5s0]領有中のLV.2都市#509(749,249)を 攻撃し、陣営のために破壊宝箱＊5を勝ち取りました 2026-5-30 12:19:44"
frame_0103.png,history_modal,2026/05/30 12:19:54,#480,RCON,SsQ,#509,749,349,2,,都市,都市,destroy,破壊,medium,visible_datetime,"#480[RCON]が#509[5s0]領有中のLV.2都市 #509(749,349)を攻撃し、陣営のために破壊宝箱x5を勝 ち取りました 2026-5-30 12:19:54"
frame_0103.png,history_modal,2026/05/30 12:20:32,#509,FHX,RCON,#480,149,849,1,,都市,都市,destroy,破壊,medium,visible_datetime,"#509[FHX]が#480[RCON]領有中のLV.1都市 #480(149,849)を攻撃し、陣営のために破壊宝額xを勝 ち取りました 2026-5-30 12:20:32"
frame_0104.png,history_modal,2026/05/30 12:20:49,#523,50U,2N7,#511,249,449,2,,都市,都市,destroy,破壊,medium,visible_datetime,"#523[50Uが#511[2N7]領有中のLv.2都市#511(249,449)を 攻撃し、陣営のために破壊宝箱x5を勝ち取りました 2026-5-30 12:20:49"
frame_0105.png,history_modal,2026/05/30 12:19:54,#480,RCON,550,#509,749,349,2,,都市,都市,destroy,破壊,medium,visible_datetime,"#480[RCON]が#509[550]領有中のLv.2都市 #509(749,349)を攻撃し、陣営のために破壊宝箱x5を勝 ち取りました 2026-5-30 12:19:54"
frame_0105.png,history_modal,2026/05/30 12:20:32,#509,FHX,RCON,#480,149,849,1,,都市,都市,destroy,破壊,medium,visible_datetime,"#509[FHX]が#480[RCON]領有中のLV.1都市 #480(149,849)を攻撃し、陣営のために破壊宝箱xを勝 ち取りました 2026-5-30 12:20:32"
frame_0105.png,history_modal,2026/05/30 12:20:49,#523,50U,2N7,#511,249,449,2,,都市,都市,destroy,破壊,medium,visible_datetime,"#523[50Uが#511[2N7]領有中のLv.2都市#511(249,449)を 攻撃し、陣営のために破壊宝箱x5を勝ち取りました 2026-5-30 12:20:49"
frame_0105.png,history_modal,2026/05/30 12:21:20,#480,RCON,SsQ,#509,849,349,1,,都市,都市,destroy,破壊,medium,visible_datetime,"#480[RCONが#509[5s0]領有中のLV.1都市 #509(849,349)を攻撃し、陣営のために破壊宝箱x2を勝 ち取りました 2026-5-30 12:21:20"
frame_0105.png,history_modal,2026/05/30 12:22:46,#480,TkTk,AoW,#509,549,849,1,,都市,都市,destroy,破壊,medium,visible_datetime,"#480[TkTk]が#509[AoW]領有中のLV.1都市 #509(549,849)を攻撃し、陣営のために破壊宝箱x2を勝 ち取りました 2026-5-30 12:22:46"
frame_0106.png,history_modal,2026/05/30 12:20:32,#509,FHX,RCON,#480,149,849,1,,都市,都市,destroy,破壊,medium,visible_datetime,"#509[FHX]が#480[RCON]領有中のLV.1都市 #480(149,849)を攻撃し、陣営のために破壊宝箱x2を勝 ち取りました 2026-5-30 12:20:32"
frame_0106.png,history_modal,2026/05/30 12:20:49,#523,5DU,2N7,#511,249,449,2,,都市,都市,destroy,破壊,medium,visible_datetime,"#523[5DUが#511[2N7]領有中のLV.2都市#511(249,449)を 攻撃し、陣営のために破壊宝箱x5を勝ち取りました 2026-5-30 12:20:49"
frame_0106.png,history_modal,2026/05/30 12:21:20,#480,RCON,5S0,#509,849,349,1,,都市,都市,destroy,破壊,medium,visible_datetime,"#480[RCONが#509[5S0]領有中のLV.1都市 #509(849,349)を攻撃し、陣営のために破壊宝箱xを勝 ち取りました 2026-5-30 12:21:20"
frame_0106.png,history_modal,2026/05/30 12:22:46,#480,TKTH,AoW,#509,549,849,1,,都市,都市,destroy,破壊,medium,visible_datetime,"#480[TKTHが#509[AoW]領有中のLV.1都市 #509(549,849)を攻撃し、陣営のために破壊宝箱x2を勝 ち取りました 2026-5-30 12:22:46"
frame_0106.png,history_modal,2026/05/30 12:23:36,#534,JDX,MtG,#480,149,749,1,,都市,都市,destroy,破壊,medium,visible_datetime,"#534[DX]が#480[MtG]領有中のLV.1都市#480(149,749)を 攻撃し、陣営のために破壊宝箱xを勝ち取りました 2026-5-30 12:23:36"
frame_0107.png,history_modal,2026/05/30 12:20:49,#523,50U,2N7,#511,249,449,2,,都市,都市,destroy,破壊,medium,visible_datetime,"#523[50U]が#511[2N7]領有中のLV.2都市#511(249,449)を 攻撃し、陣営のために破壊宝箱x5を勝ち取りました 2026-5-30 12:20:49"
frame_0107.png,history_modal,2026/05/30 12:21:20,#480,RCON,SsQ,#509,849,349,1,,都市,都市,destroy,破壊,medium,visible_datetime,"#480[RCON]が#509[5sQ]領有中のLV.1都市 #509(849,349)を攻撃し、陣営のために破壊宝箱x2を勝 ち取りました 2026-5-30 12:21:20"
frame_0108.png,history_modal,2026/05/30 12:21:20,#480,RCON,550,#509,849,349,1,,都市,都市,destroy,破壊,medium,visible_datetime,"#480[RCONが#509[550]領有中のLV.1都市 #509(849,349)を攻撃し、陣営のために破壊宝箱x2を勝 ち取りました 2026-5-30 12:21:20"
frame_0108.png,history_modal,2026/05/30 12:22:46,#480,TkTk,AoW,#509,549,849,1,,都市,都市,destroy,破壊,medium,visible_datetime,"#480[TkTk]が#509[AoW]領有中のLV.1都市 #509(549,849)を攻撃し、陣営のために破壊宝額＊2を勝 ち取りました 2026-5-30 12:22:46"
frame_0108.png,history_modal,2026/05/30 12:23:36,#534,JDX,MtG,#480,149,749,1,,都市,都市,destroy,破壊,medium,visible_datetime,"#534[JDX]が#480[MtG]領有中のLV.1都市#480(149,749)を 攻撃し、陣営のために破壊宝額x2を勝ち取りました 2026-5-30 12:23:36"
frame_0108.png,history_modal,2026/05/30 12:24:14,#480,AAOA,sbM,#511,749,249,2,,都市,都市,destroy,破壊,medium,visible_datetime,"#480[AAOAが#511[sbM]領有中のLV.2都市 #511(749,249)を攻撃し、陣営のために破壊宝箱x5を勝 ち取りました 2026-5-30 12:24:14"
frame_0109.png,history_modal,2026/05/30 12:23:36,#534,JDX,MtG,#480,149,749,1,,都市,都市,destroy,破壊,medium,visible_datetime,"#534[JDX]が#480[MtG]領有中のLV.1都市#480(149,749)を 攻撃し、陣営のために破壊宝箱xを勝ち取りました 2026-5-30 12:23:36"
frame_0109.png,history_modal,2026/05/30 12:25:17,#523,5DU,,#511,149,349,1,,都市,都市,destroy,破壊,medium,visible_datetime,"#523[5DUが#511領有中のLV.1都市#511(149,349)を 攻撃し、陣営のために破壊宝箱xを勝ち取りました 2026-5-30 12:25:17"
frame_0109.png,history_modal,2026/05/30 12:30:00,#476,476A,5S0,#509,349,449,3,,都市,都市,destroy,破壊,medium,visible_datetime,"#476[476Aが#509[5S0]領有中のLV.3都市 #509(349,449)を攻撃し、陣営のために破壊宝箱x10を 勝ち取りました 2026-5-30 12:30:00"
frame_0110.png,history_modal,2026/05/30 12:24:14,#480,AADA,sbM,#511,749,249,2,,都市,都市,destroy,破壊,medium,visible_datetime,"#480[AADA]が#511[sbM]領有中のLV.2都市 #511(749,249)を攻撃し、陣宮のために破壊宝箱x5を勝 ち取りました 2026-5-30 12:24:14"
frame_0110.png,history_modal,2026/05/30 12:25:17,#523,5DU,,#511,149,349,1,,都市,都市,destroy,破壊,medium,visible_datetime,"#523[5DUが#511領有中のLV.1都市#511(149,349)を 攻撃し、陣営のために破壊宝箱xを勝ち取りました 2026-5-30 12:25:17"
frame_0110.png,history_modal,2026/05/30 12:30:00,#476,476A,5S0,#509,349,449,3,,都市,都市,destroy,破壊,medium,visible_datetime,"#476[476Aが#509[5S0]領有中のLV.3都市 #509(349,449)を攻撃し、陣営のために破壊宝箱x10を 勝ち取りました 2026-5-30 12:30:00"
frame_0110.png,history_modal,2026/05/30 12:32:51,#503,UMN,0TT,#509,749,949,1,,都市,都市,destroy,破壊,medium,visible_datetime,"#503[UMNが#509[OTT]領有中のLV.1都市 #509(749,949)を攻撃し、陣営のために破壊宝箱xを勝 ち取りました 2026-5-30 12:32:51"
frame_0111.png,history_modal,2026/05/30 12:25:17,#523,50U,,#511,149,349,1,,都市,都市,destroy,破壊,medium,visible_datetime,"#523[50Uが#511領有中のLV.1都市#511(149,349)を 攻撃し、陣営のために破壊宝箱xをち取りました 2026-5-30 12:25:17"
frame_0111.png,history_modal,2026/05/30 12:30:00,#476,476A,5S0,#509,349,449,3,,都市,都市,destroy,破壊,medium,visible_datetime,"#476[476Aが#509[5S0]領有中のLV.3都市 #509(349,449)を攻撃し、陣営のために破壊宝額＊10を 勝ち取りました 2026-5-30 12:30:00"
frame_0111.png,history_modal,2026/05/30 12:32:25,#476,476A,VEX,#509,349,349,3,,都市,都市,destroy,破壊,medium,visible_datetime,"#476[476A]が#509[VEX]領有中のLV.3都市 #509(349,349)を攻撃し、陣営のために破壊宝箱*10を 勝ち取りました 2026-5-30 12:32:25"
frame_0112.png,history_modal,2026/05/30 12:30:00,#476,476A,SsQ,#509,349,449,3,,都市,都市,destroy,破壊,medium,visible_datetime,"#476[476A]が#509[5s0]領有中のLV.3都市 #509(349,449)を攻撃し、陣営のために破壊宝箱x10を 勝ち取りました 2026-5-30 12:30:00"
frame_0112.png,history_modal,2026/05/30 12:32:25,#476,476A,VEX,#509,349,349,3,,都市,都市,destroy,破壊,medium,visible_datetime,"#476[476Aが#509[VEX]領有中のLV.3都市 #509(349,349)を攻撃し、陣営のために破壊宝箱＊10を 勝ち取りました 2026-5-30 12:32:25"
frame_0112.png,history_modal,2026/05/30 12:32:51,#503,UMN,0TT,#509,749,949,1,,都市,都市,destroy,破壊,medium,visible_datetime,"#503[UMNが#509[OTT]領有中のLV.1都市 #509(749,949)を攻撃し、陣営のために破壊宝箱xを勝 ち取りました 2026-5-30 12:32:51"
frame_0112.png,history_modal,2026/05/30 12:34:40,#440,BAJ,BgNa,#480,349,449,3,,都市,都市,destroy,破壊,medium,visible_datetime,"#440[BAJが#480[BgNa]領有中のLV.3都市 #480(349,449)を攻撃し、陣営のために破壊宝箱x10を 勝ち取りました 2026-5-30 12:34:40"
frame_0113.png,history_modal,2026/05/30 12:32:51,#503,UMN,0TT,#509,749,949,1,,都市,都市,destroy,破壊,medium,visible_datetime,"#503[UMNが#509[OTT]領有中のLV.1都市 #509(749,949)を攻撃し、陣営のために破壊宝箱xを勝 ち取りました 2026-5-30 12:32:51"
frame_0113.png,history_modal,2026/05/30 12:34:40,#440,BAJ,BgNa,#480,349,449,3,,都市,都市,destroy,破壊,medium,visible_datetime,"#440[BAJが#480[BgNa]領有中のLV.3都市 #480(349,449)を攻撃し、陣営のために破壊宝額x10を 勝ち取りました 2026-5-30 12:34:40"
frame_0113.png,history_modal,2026/05/30 12:42:58,#480,BgNa,DaNG,#511,549,649,3,,都市,都市,destroy,破壊,medium,visible_datetime,"#480[BgNa]が#511[DaNG]領有中のLv.3都市 #511(549,649)を攻撃し、陣営のために破壊宝額＊10を 勝ち取りました 2026-5-30 12:42:58"
frame_0114.png,history_modal,2026/05/30 12:34:40,#440,BAJ,BgNa,#480,349,449,3,,都市,都市,destroy,破壊,medium,visible_datetime,"#440[BAJが#480[BgNa]領有中のLV.3都市 #480(349,449)を攻撃し、陣営のために破壊宝額★10を 勝ち取りました 2026-5-30 12:34:40"
frame_0114.png,history_modal,2026/05/30 12:41:08,#503,TIKW,VEX,#509,549,149,1,,都市,都市,destroy,破壊,medium,visible_datetime,"#503[TIKWが#509[VEX]領有中のLV.1都市 #509(549,149)を攻撃し、陣営のために破壊宝額＊を勝 ち取りました 2026-5-30 12:41:08"
frame_0114.png,history_modal,2026/05/30 12:43:32,#476,476X,IMP,#440,149,449,1,,都市,都市,destroy,破壊,medium,visible_datetime,"#476[476X]が#440[IMp]領有中のLV.1都市 #440(149,449)を攻撃し、陣営のために破壊宝額*を勝 ち取りました 2026-5-30 12:43:32"
frame_0115.png,history_modal,2026/05/30 12:41:08,#503,TIKW,VEX,#509,549,149,1,,都市,都市,destroy,破壊,medium,visible_datetime,"#503[TIKWが#509[VEX]領有中のLV.1都市 #509(549,149)を攻撃し、陣営のために破壊宝箱xを勝 ち取りました 2026-5-30 12:41:08"
frame_0115.png,history_modal,2026/05/30 12:43:32,#476,476X,IMP,#440,149,449,1,,都市,都市,destroy,破壊,medium,visible_datetime,"#476[476X]が#440[IMp]領有中のLV.1都市 #440(149,449)を攻撃し、陣営のために破壊宝箱xを勝 ち取りました 2026-5-30 12:43:32"
frame_0116.png,history_modal,2026/05/30 12:41:08,#503,TIKW,VEX,#509,549,149,1,,都市,都市,destroy,破壊,medium,visible_datetime,"#503[TIKWが#509[VEX]領有中のLV.1都市 #509(549,149)を攻撃し、陣営のために破壊宝額＊を勝 ち取りました 2026-5-30 12:41:08"
frame_0116.png,history_modal,2026/05/30 12:42:58,#480,BgNa,DaNG,#511,549,649,3,,都市,都市,destroy,破壊,medium,visible_datetime,"#480[BgNa]が#511[DaNG]領有中のLV.3都市 #511(549,649)を攻撃し、陣営のために破壊宝箱x10を 勝ち取りました 2026-5-30 12:42:58"
frame_0116.png,history_modal,2026/05/30 12:43:32,#476,476X,IMP,#440,149,449,1,,都市,都市,destroy,破壊,medium,visible_datetime,"#476[476X]が#440[IMp]領有中のLV.1都市 #440(149,449)を攻撃し、陣営のために破壊宝額xを勝 ち取りました 2026-5-30 12:43:32"
frame_0117.png,history_modal,2026/05/30 12:42:58,#480,BgNa,DaNG,#511,549,649,3,,都市,都市,destroy,破壊,medium,visible_datetime,"#480[BgNa]が#511[DaNG]領有中のLV.3都市 #511(549,649)を攻撃し、陣営のために破壊宝箱＊10を 勝ち取りました 2026-5-30 12:42:58"
frame_0117.png,history_modal,2026/05/30 12:43:32,#476,476X,IMP,#440,149,449,1,,都市,都市,destroy,破壊,medium,visible_datetime,"#476[476X]が#440[IMp]領有中のLV.1都市 #440(149,449)を攻撃し、陣営のために破壊宝箱x2を勝 ち取りました 2026-5-30 12:43:32"
frame_0117.png,history_modal,2026/05/30 12:43:58,#476,476M,IMP,#440,149,549,1,,都市,都市,destroy,破壊,medium,visible_datetime,"#476[476M]が#440[IMp]領有中のLV.1都市 #440(149,549)を攻撃し、陣営のために破壊宝箱x2を勝 ち取りました 2026-5-30 12:43:58"
frame_0117.png,history_modal,2026/05/30 12:50:17,#503,hMt,0TT,#509,849,949,1,,都市,都市,destroy,破壊,medium,visible_datetime,"#503[hMt]が#509[0TT]領有中のLV.1都市#509(849,949)を 攻撃し、陣営のために破壊宝箱x2を勝ち取りました 2026-5-30 12:50:17"
frame_0118.png,history_modal,2026/05/30 12:43:58,#476,476M,IMP,#440,149,549,1,,都市,都市,destroy,破壊,medium,visible_datetime,"#476[476M]が#440[IMp]領有中のLV.1都市 #440(149,549)を攻撃し、陣営のために破壊宝箱xを勝 ち取りました 2026-5-30 12:43:58"
frame_0118.png,history_modal,2026/05/30 12:46:46,#476,476M,,#440,49,549,1,,都市,都市,destroy,破壊,medium,visible_datetime,"#476[476M]が#440領有中のLV.1都市#440(49,549)を 攻撃し、陣営のために破壊宝箱xを勝ち取りました 2026-5-30 12:46:46"
frame_0118.png,history_modal,2026/05/30 13:03:42,#523,EDFS,,#511,649,49,1,,都市,都市,destroy,破壊,medium,visible_datetime,"#523[EDFS]が#511領有中のLV.1都市#511(649,49)を攻 撃し、陣営のために破壊宝箱xを勝ち取りました 2026-5-30 13:03:42"
frame_0119.png,history_modal,2026/05/30 13:03:42,#523,EDFS,,#511,649,49,1,,都市,都市,destroy,破壊,medium,visible_datetime,"#523[EDFS]が#511領有中のLV.1都市#511(649,49)を攻 撃し、陣営のために破壊宝箱xを勝ち取りました 2026-5-30 13:03:42"
frame_0119.png,history_modal,2026/05/30 13:06:13,#480,CDf8,,#511,649,849,1,,都市,都市,destroy,破壊,medium,visible_datetime,"#480[CDf8]が#511領有中のLV.1都市#511(649,849)を 攻撃し、陣営のために破壊宝箱x2をち取りました 2026-5-30 13:06:13"
frame_0120.png,history_modal,2026/05/30 12:50:17,#503,hMt,0TT,#509,849,949,1,,都市,都市,destroy,破壊,medium,visible_datetime,"#503[hMt]が#509[OTT]領有中のLV.1都市#509(849,949)を 攻撃し、陣営のために破壊宝額x2を勝ち取りました 2026-5-30 12:50:17"
frame_0120.png,history_modal,2026/05/30 13:03:42,#523,EDFS,,#511,649,49,1,,都市,都市,destroy,破壊,medium,visible_datetime,"#523[EDFSが#511領有中のLV.1都市#511(649,49)を攻 撃し、陣営のために破壊宝箱xを勝ち取りました 2026-5-30 13:03:42"
frame_0120.png,history_modal,2026/05/30 13:06:13,#480,CDf8,,#511,649,849,1,,都市,都市,destroy,破壊,medium,visible_datetime,"#480[CDf8]が#511領有中のLV.1都市#511(649,849)を 攻撃し、陣営のために破壊宝箱xをち取りました 2026-5-30 13:06:13"
frame_0120.png,history_modal,2026/05/30 20:04:58,#523,WUG,O,#511,349,549,3,,都市,都市,destroy,破壊,medium,visible_datetime,"#523[WUG]が#511[O]領有中のLV.3都市#511(349,549)を 攻撃し、陣営のために破壊宝箱＊10を勝ち取りました 2026-5-30 20:04:58"
frame_0121.png,history_modal,2026/05/30 13:03:42,#523,EDFS,,#511,649,49,1,,都市,都市,destroy,破壊,medium,visible_datetime,"#523[EDFS]が#511領有中のLV.1都市#511(649,49)を攻 撃し、陣営のために破壊宝箱xを勝ち取りました 2026-5-30 13:03:42"
frame_0121.png,history_modal,2026/05/30 20:04:58,#523,WUG,JL0,#511,349,549,3,,都市,都市,destroy,破壊,medium,visible_datetime,"#523[WUG]が#511[JL0]領有中のLV.3都市#511(349,549)を 攻撃し、陣営のために破壊宝箱＊10を勝ち取りました 2026-5-30 20:04:58"
frame_0122.png,history_modal,2026/05/30 13:03:42,#523,EDFS,,#511,649,49,1,,都市,都市,destroy,破壊,medium,visible_datetime,"#523[EDFS]が#511領有中のLV.1都市#511(649,49)を攻 撃し、陣営のために破壊宝箱xを勝ち取りました 2026-5-30 13:03:42"
frame_0122.png,history_modal,2026/05/30 13:06:13,#480,CDf8,,#511,649,849,1,,都市,都市,destroy,破壊,medium,visible_datetime,"#480[CDf8]が#511領有中のLV.1都市#511(649,849)を 攻撃し、陣営のために破壊宝箱xを勝ち取りました 2026-5-30 13:06:13"
frame_0123.png,history_modal,2026/05/30 20:07:44,#503,UMN,AoW,#509,549,949,1,,都市,都市,destroy,破壊,medium,visible_datetime,"#503[UMN]が#509[AoW]領有中のLV.1都市 #509(549,949)を攻撃し、陣営のために破壊宝箱x2を勝 ち取りました 2026-5-30 20:07:44"
frame_0123.png,history_modal,2026/05/30 20:12:36,#503,Stj,AoW,#509,449,849,1,,都市,都市,destroy,破壊,medium,visible_datetime,"#503[5tj]が#509[AoW]領有中のLV.1都市#509(449,849)を 攻撃し、陣営のために破壊宝額x2を勝ち取りました 2026-5-30 20:12:36"
frame_0123.png,history_modal,2026/05/30 20:14:50,#503,5t,0TT,#509,849,849,1,,都市,都市,destroy,破壊,medium,visible_datetime,"#503[5t]が#509[OTT]領有中のLV.1都市#509(849,849)を 攻撃し、陣営のために破壊宝箱xを勝ち取りました 2026-5-30 20:14:50"
frame_0123.png,history_modal,2026/05/30 20:15:30,#440,BAJ,BgNa,#480,349,549,3,,都市,都市,destroy,破壊,medium,visible_datetime,"#440[BAが#480[BgNa]領有中のLV.3都市 #480(349,549)を攻撃し、陣営のために破壊宝箱x10を 勝ち取りました 2026-5-30 20:15:30"
frame_0124.png,history_modal,2026/05/30 20:12:36,#503,Stj,AoW,#509,449,849,1,,都市,都市,destroy,破壊,medium,visible_datetime,"#503[5tj]が#509[AoW]領有中のLV.1都市#509(449,849)を 攻撃し、陣営のために破壊宝箱xを勝ち取りました 2026-5-30 20:12:36"
frame_0124.png,history_modal,2026/05/30 20:14:50,#503,5t,0TT,#509,849,849,1,,都市,都市,destroy,破壊,medium,visible_datetime,"#503[5t]が#509[OTT]領有中のLV.1都市#509(849,849)を 攻撃し、陣営のために破壊宝箱x2を勝ち取りました 2026-5-30 20:14:50"
frame_0124.png,history_modal,2026/05/30 20:15:30,#440,BAJ,BgNa,#480,349,549,3,,都市,都市,destroy,破壊,medium,visible_datetime,"#440[BAが#480[BgNa]領有中のLV.3都市 #480(349,549)を攻撃し、陣営のために破壊宝箱x10を 勝ち取りました 2026-5-30 20:15:30"
frame_0125.png,history_modal,2026/05/30 20:12:36,#503,Stj,AoW,#509,449,849,1,,都市,都市,destroy,破壊,medium,visible_datetime,"#503[5tj]が#509[AoW]領有中のLv.1都市#509(449,849)を 攻撃し、陣営のために破壊宝箱xをち取りました 2026-5-30 20:12:36"
frame_0125.png,history_modal,2026/05/30 20:14:50,#503,Stj,0TT,#509,849,849,1,,都市,都市,destroy,破壊,medium,visible_datetime,"#503[5tj]が#509[OTT]領有中のLV.1都市#509(849,849)を 攻撃し、陣営のために破壊宝箱xをち取りました 2026-5-30 20:14:50"
frame_0125.png,history_modal,2026/05/30 20:41:23,#480,AAOA,,#440,849,849,1,,都市,都市,destroy,破壊,medium,visible_datetime,"#480[AAOAが#440領有中のLV.1都市#440(849,849)を 攻撃し、陣営のために破壊宝箱xを勝ち取りました 2026-5-30 20:41:23"
frame_0126.png,history_modal,2026/05/30 20:12:36,#503,Stj,AoW,#509,449,849,1,,都市,都市,destroy,破壊,medium,visible_datetime,"#503[5tj]が#509[AoW]領有中のLV.1都市#509(449,849)を 攻撃し、陣営のために破壊宝箱xを勝ち取りました 2026-5-30 20:12:36"
frame_0126.png,history_modal,2026/05/30 20:14:50,#503,5t,0TT,#509,849,849,1,,都市,都市,destroy,破壊,medium,visible_datetime,"#503[5t]が#509[OTT]領有中のLV.1都市#509(849,849)を 攻撃し、陣営のために破壊宝額xを勝ち取りました 2026-5-30 20:14:50"
frame_0126.png,history_modal,2026/05/30 20:15:30,#440,BAJ,BgNa,#480,349,549,3,,都市,都市,destroy,破壊,medium,visible_datetime,"#440[BAが#480[BgNa]領有中のLV.3都市 #480(349,549)を攻撃し、陣営のために破壊宝箱x10を 勝ち取りました 2026-5-30 20:15:30"
frame_0126.png,history_modal,2026/05/30 20:41:23,#480,AAOA,,#440,849,849,1,,都市,都市,destroy,破壊,medium,visible_datetime,"#480[AAOAが#440領有中のLV.1都市#440(849,849)を 攻撃し、陣営のために破壊宝箱xを勝ち取りました 2026-5-30 20:41:23"
frame_0127.png,history_modal,2026/05/30 20:14:50,#503,Stj,0TT,#509,849,849,1,,都市,都市,destroy,破壊,medium,visible_datetime,"#503[5tj]が#509[OTT]領有中のLV.1都市#509(849,849)を 攻撃し、陣営のために破壊宝箱xを勝ち取りました 2026-5-30 20:14:50"
frame_0127.png,history_modal,2026/05/30 20:15:30,#440,BAJ,BgNa,#480,349,549,3,,都市,都市,destroy,破壊,medium,visible_datetime,"#440[BAJが#480[BgNa]領有中のLV.3都市 #480(349,549)を攻撃し、陣営のために破壊宝箱x10を 勝ち取りました 2026-5-30 20:15:30"
frame_0127.png,history_modal,2026/05/30 20:41:23,#480,AAOA,,#440,849,849,1,,都市,都市,destroy,破壊,medium,visible_datetime,"#480[AAOAが#440領有中のLV.1都市#440(849,849)を 攻撃し、陣営のために破壊宝箱xをち取りました 2026-5-30 20:41:23"
frame_0128.png,history_modal,2026/05/30 20:41:23,#480,AA0A,,#440,849,849,1,,都市,都市,destroy,破壊,medium,visible_datetime,"#480[AA0A]が#440領有中のLV.1都市#440(849,849)を 攻撃し、陣営のために破壊宝箱xを勝ち取りました 2026-5-30 20:41:23"
frame_0128.png,history_modal,2026/05/30 20:53:06,#523,fIrE,2N7,#511,449,249,2,,都市,都市,destroy,破壊,medium,visible_datetime,"#523[fIrE]が#511[2N7]領有中のLV.2都市#511(449,249)を 攻撃し、陣営のために破壊宝箱x5を勝ち取りました 2026-5-30 20:53:06"
frame_0128.png,history_modal,2026/06/03 04:02:32,#523,fIrE,J0,#511,349,749,2,,都市,都市,destroy,破壊,medium,visible_datetime,"#523[fIrE]が#511[J0]領有中のLV.2都市#511(349,749)を 攻撃し、陣営のために破壊宝箱x5をち取りました 2026-6-3 04:02:32"
frame_0128.png,history_modal,2026/06/03 04:04:27,#523,EDFS,JL2,#511,249,949,1,,都市,都市,destroy,破壊,medium,visible_datetime,"#523[EDFS]が#511[JL2]領有中のLV.1都市#511(249,949)を ⑦ 攻撃し、陣営のために破壊宝箱xを勝ち取りました 2026-6-3 04:04:27"
frame_0130.png,history_modal,2026/05/30 20:53:06,#523,fIrE,2N7,#511,449,249,2,,都市,都市,destroy,破壊,medium,visible_datetime,"#523[fIrE]が#511[2N7]領有中のLV.2都市#511(449,249)を 攻撃し、陣営のために破壊宝箱x5を勝ち取りました 2026-5-30 20:53:06"
frame_0130.png,history_modal,2026/06/03 04:02:32,#523,fIrE,JL0,#511,349,749,2,,都市,都市,destroy,破壊,medium,visible_datetime,"#523[fIrE]が#511[JL0]領有中のLV.2都市#511(349,749)を 攻撃し、陣営のために破壊宝箱x5を勝ち取りました 2026-6-3 04:02:32"
frame_0130.png,history_modal,2026/06/03 04:04:27,#523,EDFS,1L2,#511,249,949,1,,都市,都市,destroy,破壊,medium,visible_datetime,"#523[EDFS]が#511[1L2]領有中のLV.1都市#511(249,949)を 攻撃し、陣営のために破壊宝箱xを勝ち取りました 2026-6-3 04:04:27"
frame_0130.png,history_modal,2026/06/03 04:10:22,#523,WUG,JL0,#511,349,249,2,,都市,都市,destroy,破壊,medium,visible_datetime,"#523[WUG]が#511[JL0]領有中のLv.2都市#511(349,249)を 攻撃し、陣営のために破壊宝箱x5をち取りました 2026-6-3 04:10:22"
frame_0131.png,history_modal,2026/06/03 04:10:22,#523,WUG,JL0,#511,349,249,2,,都市,都市,destroy,破壊,medium,visible_datetime,"#523[WUG]が#511[LO]領有中のLV.2都市#511(349,249)を 攻撃し、陣営のために破壊宝箱x5を勝ち取りました 2026-6-3 04:10:22"
frame_0132.png,history_modal,2026/06/03 04:04:27,#523,EDFS,JL2,#511,249,949,1,,都市,都市,destroy,破壊,medium,visible_datetime,"#523[EDFS]が#511[JL2]領有中のLV.1都市#511(249,949)を 攻撃し、陣営のために破壊宝箱xをち取りました 2026-6-3 04:04:27"
frame_0132.png,history_modal,2026/06/03 04:10:22,#523,WUG,JL0,#511,349,249,2,,都市,都市,destroy,破壊,medium,visible_datetime,"#523[WUG]が#511[LO]領有中のLV.2都市#511(349,249)を 攻撃し、陣営のために破壊宝箱x5をち取りました 2026-6-3 04:10:22"
frame_0132.png,history_modal,2026/06/03 04:12:35,#523,WUG,JL0,#511,549,249,2,,都市,都市,destroy,破壊,medium,visible_datetime,"#523[WUG]が#511[JL0]領有中のLV.2都市#511(549,249)を 攻撃し、陣営のために破壊宝箱x5を勝ち取りました 2026-6-3 04:12:35"
frame_0133.png,history_modal,2026/06/03 04:10:22,#523,WUG,JL0,#511,349,249,2,,都市,都市,destroy,破壊,medium,visible_datetime,"#523[WUG]が#511[L0]領有中のLV.2都市#511(349,249)を 攻撃し、陣営のために破壊宝箱x5を勝ち取りました 2026-6-3 04:10:22"
frame_0133.png,history_modal,2026/06/03 04:12:35,#523,WUG,JL0,#511,549,249,2,,都市,都市,destroy,破壊,medium,visible_datetime,"#523[WUG]が#511[LO]領有中のLV.2都市#511(549,249)を 攻撃し、陣営のために破壊宝箱x5を勝ち取りました 2026-6-3 04:12:35"
frame_0133.png,history_modal,2026/06/03 04:20:01,#503,xjR,KOCH,#509,49,749,1,,都市,都市,destroy,破壊,medium,visible_datetime,"#503[xjRが#509[KOCH]領有中のLV.1都市#509(49,749)を 攻撃し、陣営のために破壊宝箱xをち取りました 2026-6-3 04:20:01"
frame_0134.png,history_modal,2026/06/03 04:10:22,#523,WUG,JL0,#511,349,249,2,,都市,都市,destroy,破壊,medium,visible_datetime,"#523[WUG]が#511[JL0]領有中のLV.2都市#511(349,249)を 攻撃し、陣営のために破壊宝箱x5を勝ち取りました 2026-6-3 04:10:22"
frame_0134.png,history_modal,2026/06/03 04:20:01,#503,xjR,KOCH,#509,49,749,1,,都市,都市,destroy,破壊,medium,visible_datetime,"#503[xjR]が#509[KOCH]領有中のLV.1都市#509(49,749)を 攻撃し、陣営のために破壊宝箱xを勝ち取りました 2026-6-3 04:20:01"
frame_0134.png,history_modal,2026/06/03 04:20:17,#503,Bye,ext,#509,49,649,1,,都市,都市,destroy,破壊,medium,visible_datetime,"#503[Bye]が#509[ext]領有中のLV.1都市#509(49,649)を 攻撃し、陣営のために破壊宝箱xを勝ち取りました 2026-6-3 04:20:17"
frame_0135.png,history_modal,2026/06/03 04:12:35,#523,WUG,JL0,#511,549,249,2,,都市,都市,destroy,破壊,medium,visible_datetime,"#523[WUG]が#511[LO]領有中のLV.2都市#511(549,249)を 攻撃し、陣営のために破壊宝額＊5を勝ち取りました 2026-6-3 04:12:35"
frame_0135.png,history_modal,2026/06/03 04:15:21,#476,ALj,JL2,#511,149,949,1,,都市,都市,destroy,破壊,medium,visible_datetime,"#476[ALj]が#511[JL2]領有中のLV.1都市#511(149,949)を 攻撃し、陣営のために破壊宝箱xを勝ち取りました 2026-6-3 04:15:21"
frame_0135.png,history_modal,2026/06/03 04:20:01,#503,xjR,KOCH,#509,49,749,1,,都市,都市,destroy,破壊,medium,visible_datetime,"#503[xjRが#509[KOCH]領有中のLV.1都市#509(49,749)を 攻撃し、陣営のために破壊宝額xを勝ち取りました 2026-6-3 04:20:01"
frame_0135.png,history_modal,2026/06/03 04:20:17,#503,Bye,eXt,#509,49,549,1,,都市,都市,destroy,破壊,medium,visible_datetime,"#503[Bye]が#509[eXt]領有中のLV.1都市#509(49,549)を 攻撃し、陣営のために破壊宝箱x2を勝ち取りました 2026-6-3 04:20:17"
frame_0136.png,history_modal,2026/06/03 04:15:21,#476,ALj,JL2,#511,149,949,1,,都市,都市,destroy,破壊,medium,visible_datetime,"#476[ALj]が#511[L2]領有中のLV.1都市#511(149,949)を 攻撃し、陣営のために破壊宝箱xを勝ち取りました 2026-6-3 04:15:21"
frame_0136.png,history_modal,2026/06/03 04:20:17,#503,Bye,eXt,#509,49,649,1,,都市,都市,destroy,破壊,medium,visible_datetime,"#503[Bye]が#509[eXt]領有中のLV.1都市#509(49,649)を 攻撃し、陣営のために破壊宝箱xを勝ち取りました 2026-6-3 04:20:17"
frame_0136.png,history_modal,2026/06/03 04:24:08,#509,FHX,NBNH,#523,849,649,1,,都市,都市,destroy,破壊,medium,visible_datetime,"#509[FHX]が#523[NBNH]領有中のLV.1都市 #523(849,649)を攻撃し、陣営のために破壊宝額xを勝 ち取りました 2026-6-3 04:24:08"
frame_0137.png,history_modal,2026/06/03 04:15:21,#476,ALj,JL2,#511,149,949,1,,都市,都市,destroy,破壊,medium,visible_datetime,"#476[ALj]が#511[JL2]領有中のLV.1都市#511(149,949)を 攻撃し、陣営のために破壊宝箱xを勝ち取りました 2026-6-3 04:15:21"
frame_0137.png,history_modal,2026/06/03 04:20:01,#503,xjR,KOCH,#509,49,749,1,,都市,都市,destroy,破壊,medium,visible_datetime,"#503[xjR]が#509[KOCH]領有中のLV.1都市#509(49,749)を 攻撃し、陣営のために破壊宝箱xを勝ち取りました 2026-6-3 04:20:01"
frame_0137.png,history_modal,2026/06/03 04:20:17,#503,Bye,eXt,#509,49,649,1,,都市,都市,destroy,破壊,medium,visible_datetime,"#503[Bye]が#509[eXt]領有中のLV.1都市#509(49,649)を 攻撃し、陣営のために破壊宝箱xを勝ち取りました 2026-6-3 04:20:17"
frame_0137.png,history_modal,2026/06/03 04:24:08,#509,FHX,NBNH,#523,849,649,1,,都市,都市,destroy,破壊,medium,visible_datetime,"#509[FHX]が#523[NBNH]領有中のLV.1都市 #523(849,649)を攻撃し、陣営のために破壊宝箱xを勝 ち取りました 2026-6-3 04:24:08"
frame_0138.png,history_modal,2026/06/03 04:20:17,#503,Bye,ext,#509,49,649,1,,都市,都市,destroy,破壊,medium,visible_datetime,"#503[Bye]が#509[ext]領有中のLV.1都市#509(49,649)を 攻撃し、陣営のために破壊宝箱xをち取りました 2026-6-3 04:20:17"
frame_0138.png,history_modal,2026/06/03 04:24:08,#509,FHX,NBNH,#523,849,649,1,,都市,都市,destroy,破壊,medium,visible_datetime,"#509[FHX]が#523[NBNH]領有中のLV.1都市 #523(849,649)を攻撃し、陣営のために破壊宝箱x2を勝 ち取りました 2026-6-3 04:24:08"
frame_0138.png,history_modal,2026/06/03 04:25:25,#509,FHX,NBNH,#523,849,549,1,,都市,都市,destroy,破壊,medium,visible_datetime,"#509[FHX]が#523[NBNH]領有中のLV.1都市 #523(849,549)を攻撃し、陣営のために破壊宝箱xを勝 ち取りました 2026-6-3 04:25:25"
frame_0138.png,history_modal,2026/06/03 04:25:33,#503,fzn,BHE,#509,249,749,2,,都市,都市,destroy,破壊,medium,visible_datetime,"#503[fzn]が#509[BHE]領有中のLv.2都市#509(249,749)を 攻撃し、陣営のために破壊宝箱x5を勝ち取りました 2026-6-3 04:25:33"
frame_0139.png,history_modal,2026/06/03 04:24:08,#509,FHX,NBNH,#523,849,649,1,,都市,都市,destroy,破壊,medium,visible_datetime,"#509[FHX]が#523[NBNH]領有中のLV.1都市 #523(849,649)を攻撃し、陣営のために破壊宝箱xを勝 ち取りました 2026-6-3 04:24:08"
frame_0139.png,history_modal,2026/06/03 04:25:25,#509,FHX,NBNH,#523,849,549,1,,都市,都市,destroy,破壊,medium,visible_datetime,"#509[FHX]が#523[NBNH]領有中のLV.1都市 #523(849,549)を攻撃し、陣営のために破壊宝箱x2を勝 ち取りました 2026-6-3 04:25:25"
frame_0139.png,history_modal,2026/06/03 04:25:33,#503,fzn,BHE,#509,249,749,2,,都市,都市,destroy,破壊,medium,visible_datetime,"#503[fznが#509[BHE]領有中のLV.2都市#509(249,749)を 攻撃し、陣営のために破壊宝箱*5を勝ち取りました 2026-6-3 04:25:33"
frame_0139.png,history_modal,2026/06/03 04:34:54,#523,EDFS,sbM,#511,449,149,1,,都市,都市,destroy,破壊,medium,visible_datetime,"#523[EDFSが#511[sbM]領有中のLV.1都市#511(449,149)を 攻撃し、陣営のために破壊宝額x2を勝ち取りました 2026-6-3 04:34:54"
frame_0140.png,history_modal,2026/06/03 04:34:54,#523,EDFS,sbM,#511,449,149,1,,都市,都市,destroy,破壊,medium,visible_datetime,"#523[EDFS]が#511[sbM]領有中のLV.1都市#511(449,149)を 攻撃し、陣営のために破壊宝箱xを勝ち取りました 2026-6-3 04:34:54"
frame_0140.png,history_modal,2026/06/03 04:35:23,#476,ALj,JL2,#511,349,949,1,,都市,都市,destroy,破壊,medium,visible_datetime,"#476[ALj]が#511[JL2]領有中のLv.1都市#511(349,949)を 攻撃し、陣営のために破壊宝箱xを勝ち取りました 2026-6-3 04:35:23"
frame_0141.png,history_modal,2026/06/03 04:25:25,#509,FHX,NBNH,#523,849,549,1,,都市,都市,destroy,破壊,medium,visible_datetime,"#509[FHX]が#523[NBNH]領有中のLV.1都市 #523(849,549)を攻撃し、陣営のために破壊宝箱xを勝 ち取りました 2026-6-3 04:25:25"
frame_0141.png,history_modal,2026/06/03 04:25:33,#503,fzn,BHE,#509,249,749,2,,都市,都市,destroy,破壊,medium,visible_datetime,"#503[fznが#509[BHE]領有中のLV.2都市#509(249,749)を 攻撃し、陣営のために破壊宝箱x5をち取りました 2026-6-3 04:25:33"
frame_0141.png,history_modal,2026/06/03 04:34:54,#523,EDFS,sbM,#511,449,149,1,,都市,都市,destroy,破壊,medium,visible_datetime,"#523[EDFS]が#511[sbM]領有中のLV.1都市#511(449,149)を 攻撃し、陣営のために破壊宝箱xをち取りました 2026-6-3 04:34:54"
frame_0141.png,history_modal,2026/06/03 04:39:44,#480,TkTk,BHE,#509,249,549,2,,都市,都市,destroy,破壊,medium,visible_datetime,"#480[TkTk]が#509[BHE]領有中のLV.2都市 #509(249,549)を攻撃し、陣営のために破壊宝箱x5を勝 ち取りました 2026-6-3 04:39:44"
frame_0142.png,history_modal,2026/06/03 04:34:54,#523,EDFS,sbM,#511,449,149,1,,都市,都市,destroy,破壊,medium,visible_datetime,"#523[EDFSが#511[sbM]領有中のLV.1都市#511(449,149)を 攻撃し、陣営のために破壊宝箱xを勝ち取りました 2026-6-3 04:34:54"
frame_0142.png,history_modal,2026/06/03 04:35:23,#476,ALj,JL2,#511,349,949,1,,都市,都市,destroy,破壊,medium,visible_datetime,"#476[AL]が#511[JL2]領有中のLV.1都市#511(349,949)を 攻撃し、陣営のために破壊宝箱xを勝ち取りました 2026-6-3 04:35:23"
frame_0142.png,history_modal,2026/06/03 04:39:44,#480,TkTk,BHE,#509,249,549,2,,都市,都市,destroy,破壊,medium,visible_datetime,"#480[TkTk]が#509[BHE]領有中のLV.2都市 #509(249,549)を攻撃し、陣営のために破壊宝箱x5を勝 ち取りました 2026-6-3 04:39:44"
frame_0143.png,history_modal,2026/06/03 04:35:23,#476,ALj,1L2,#511,349,949,1,,都市,都市,destroy,破壊,medium,visible_datetime,"#476[AL]が#511[1L2]領有中のLV.1都市#511(349,949)を 攻撃し、陣営のために破壊宝箱xをち取りました 2026-6-3 04:35:23"
frame_0143.png,history_modal,2026/06/03 04:39:44,#480,TkTk,BHE,#509,249,549,2,,都市,都市,destroy,破壊,medium,visible_datetime,"#480[TKTk]が#509[BHE]領有中のLV.2都市 #509(249,549)を攻撃し、陣営のために破壊宝箱x5を勝 ち取りました 2026-6-3 04:39:44"
frame_0143.png,history_modal,2026/06/03 12:01:39,#476,476d,4tH,#534,249,249,2,,都市,都市,destroy,破壊,medium,visible_datetime,"#476[476d]が#534[4tH]領有中のLV.2都市 #534(249,249)を攻撃し、陣営のために破壊宝箱x5を勝 ち取りました 2026-6-3 12:01:39"
frame_0144.png,history_modal,2026/06/03 12:01:48,#476,476C,4tH,#534,249,549,2,,都市,都市,destroy,破壊,medium,visible_datetime,"#476[476c]が#534[4tH]領有中のLV.2都市 #534(249,549)を攻撃し、陣営のために破壊宝箱x5を勝 ち取りました 2026-6-3 12:01:48"
frame_0144.png,history_modal,2026/06/03 12:02:53,#509,SsQ,cDf8,#480,749,349,2,,都市,都市,destroy,破壊,medium,visible_datetime,"#509[5s0]が#480[cDf8]領有中のLV.2都市 #480(749,349)を攻撃し、陣営のために破壊宝箱x5を勝 ち取りました 2026-6-3 12:02:53"
frame_0145.png,history_modal,2026/06/03 12:01:39,#476,476d,4tH,#534,249,249,2,,都市,都市,destroy,破壊,medium,visible_datetime,"#476[476d]が#534[4tH]領有中のLV.2都市 #534(249,249)を攻撃し、陣営のために破壊宝箱x5を勝 ち取りました 2026-6-3 12:01:39"
frame_0145.png,history_modal,2026/06/03 12:01:48,#476,476C,4tH,#534,249,549,2,,都市,都市,destroy,破壊,medium,visible_datetime,"#476[476c]が#534[4tH]領有中のLv.2都市 #534(249,549)を攻撃し、陣営のために破壊宝箱x5を勝 ち取りました 2026-6-3 12:01:48"
frame_0145.png,history_modal,2026/06/03 12:03:10,#480,BgNa,DaNG,#511,649,649,3,,都市,都市,destroy,破壊,medium,visible_datetime,"#480[BgNa]が#511[DaNG]領有中のLv.3都市 #511(649,649)を攻撃し、陣営のために破壊宝箱x10を 勝ち取りました 2026-6-3 12:03:10"
frame_0146.png,history_modal,2026/06/03 12:01:48,#476,476C,4tH,#534,249,549,2,,都市,都市,destroy,破壊,medium,visible_datetime,"#476[476C]が#534[4tH]領有中のLV.2都市 #534(249,549)を攻撃し、陣営のために破壊宝箱x5を勝 ち取りました 2026-6-3 12:01:48"
frame_0146.png,history_modal,2026/06/03 12:02:53,#509,SsQ,cDf8,#480,749,349,2,,都市,都市,destroy,破壊,medium,visible_datetime,"#509[5s0]が#480[cDf8]領有中のLV.2都市 #480(749,349)を攻撃し、陣営のために破壊宝箱x5を勝 ち取りました 2026-6-3 12:02:53"
frame_0146.png,history_modal,2026/06/03 12:03:10,#480,BgNa,DaNG,#511,649,649,3,,都市,都市,destroy,破壊,medium,visible_datetime,"#480[BgNa]が#511[DaNG]領有中のLV.3都市 #511(649,649)を攻撃し、陣営のために破壊宝箱x10を 勝ち取りました 2026-6-3 12:03:10"
frame_0146.png,history_modal,2026/06/03 12:03:30,#476,476d,RGUC,#534,249,349,2,,都市,都市,destroy,破壊,medium,visible_datetime,"#476[476d]が#534[RGUC]領有中のLv.2都市 #534(249,349)を攻撃し、陣営のために破壊宝箱x5を勝 ち取りました 2026-6-3 12:03:30"
frame_0147.png,history_modal,2026/06/03 12:02:53,#509,550,CDf8,#480,749,349,2,,都市,都市,destroy,破壊,medium,visible_datetime,"#509[550]が#480[CDf8]領有中のLV.2都市 #480(749,349)を攻撃し、陣営のために破壊宝箱x5を勝 ち取りました 2026-6-3 12:02:53"
frame_0147.png,history_modal,2026/06/03 12:03:10,#480,BgNa,DaNG,#511,649,649,3,,都市,都市,destroy,破壊,medium,visible_datetime,"#480[BgNa]が#511[DaNG]領有中のLV.3都市 #511(649,649)を攻撃し、陣営のために破壊宝箱x10を 勝ち取りました 2026-6-3 12:03:10"
frame_0147.png,history_modal,2026/06/03 12:03:30,#476,476d,RGUC,#534,249,349,2,,都市,都市,destroy,破壊,medium,visible_datetime,"#476[476d]が#534[RGUC]領有中のLv.2都市 #534(249,349)を攻撃し、陣営のために破壊宝箱＊5を勝 ち取りました 2026-6-3 12:03:30"
frame_0147.png,history_modal,2026/06/03 12:03:45,#503,Lghs,2N7,#511,449,349,3,,都市,都市,destroy,破壊,medium,visible_datetime,"#503[Lghsが#511[2N7]領有中のLV.3都市#511(449,349)を 攻撃し、陣営のために破壊宝箱x10を勝ち取りました 2026-6-3 12:03:45"
frame_0147.png,history_modal,2026/06/03 12:05:21,#523,NBNH,2N7,#511,549,349,3,,都市,都市,destroy,破壊,medium,visible_datetime,"#523[NBNHが#511[2N7]領有中のLV.3都市 #511(549,349)を攻撃し、陣営のために破壊宝箱*10を 勝ち取りました 2026-6-3 12:05:21"
frame_0148.png,history_modal,2026/06/03 12:03:30,#476,476d,RGUC,#534,249,349,2,,都市,都市,destroy,破壊,medium,visible_datetime,"#476[476d]が#534[RGUC]領有中のLv.2都市 #534(249,349)を攻撃し、陣営のために破壊宝箱x5を勝 ち取りました 2026-6-3 12:03:30"
frame_0148.png,history_modal,2026/06/03 12:03:45,#503,Lghs,2N7,#511,449,349,3,,都市,都市,destroy,破壊,medium,visible_datetime,"#503[Lghs]が#511[2N7]領有中のLV.3都市#511(449,349)を 攻撃し、陣営のために破壊宝額x10を勝ち取りました 2026-6-3 12:03:45"
frame_0148.png,history_modal,2026/06/03 12:05:21,#523,NBNH,2N7,#511,549,349,3,,都市,都市,destroy,破壊,medium,visible_datetime,"#523[NBNH]が#511[2N7]領有中のLV.3都市 #511(549,349)を攻撃し、陣営のために破壊宝箱x10を 勝ち取りました 2026-6-3 12:05:21"
frame_0149.png,history_modal,2026/06/03 12:03:10,#480,BgNa,DaNG,#511,649,549,3,,都市,都市,destroy,破壊,medium,visible_datetime,"#480[BgNa]が#511[DaNG]領有中のLV.3都市 #511(649,549)を攻撃し、陣営のために破壊宝箱x10を 勝ち取りました 2026-6-3 12:03:10"
frame_0149.png,history_modal,2026/06/03 12:03:30,#476,476d,RGUC,#534,249,349,2,,都市,都市,destroy,破壊,medium,visible_datetime,"#476[476d]が#534[RGUC]領有中のLV.2都市 #534(249,349)を攻撃し、陣営のために破壊宝箱x5を勝 ち取りました 2026-6-3 12:03:30"
frame_0149.png,history_modal,2026/06/03 12:03:45,#503,Lghs,2N7,#511,449,349,3,,都市,都市,destroy,破壊,medium,visible_datetime,"#503[Lghs]が#511[2N7]領有中のLV.3都市#511(449,349)を 攻撃し、陣営のために破壊宝箱★10を勝ち取りました 2026-6-3 12:03:45"
frame_0149.png,history_modal,2026/06/03 12:05:21,#523,NBNH,2N7,#511,549,349,3,,都市,都市,destroy,破壊,medium,visible_datetime,"#523[NBNH]が#511[2N7]領有中のLV.3都市 #511(549,349)を攻撃し、陣営のために破壊宝箱＊10を 勝ち取りました 2026-6-3 12:05:21"
frame_0149.png,history_modal,2026/06/03 12:05:22,#476,476B,JDX,#534,649,549,3,,都市,都市,destroy,破壊,medium,visible_datetime,"#476[476B]が#534[JDX]領有中のLV.3都市 #534(649,549)を攻撃し、陣営のために破壊宝額*10を 勝ち取りました 2026-6-3 12:05:22"
frame_0150.png,history_modal,2026/06/03 12:03:45,#503,Lghs,2N7,#511,449,349,3,,都市,都市,destroy,破壊,medium,visible_datetime,"#503[Lghs]が#511[2N7]領有中のLV.3都市#511(449,349)を 攻撃し、陣営のために破壊宝箱x10を勝ち取りました 2026-6-3 12:03:45"
frame_0150.png,history_modal,2026/06/03 12:05:21,#523,NBNH,2N7,#511,549,349,3,,都市,都市,destroy,破壊,medium,visible_datetime,"#523[NBNH]が#511[2N7]領有中のLV.3都市 #511(549,349)を攻撃し、陣営のために破壊宝箱＊10を 勝ち取りました 2026-6-3 12:05:21"
frame_0151.png,history_modal,2026/06/03 12:05:21,#523,NBNH,2N7,#511,549,349,3,,都市,都市,destroy,破壊,medium,visible_datetime,"#523[NBNH]が#511[2N7]領有中のLV.3都市 #511(549,349)を攻撃し、陣営のために破壊宝額★10を 勝ち取りました 2026-6-3 12:05:21"
frame_0151.png,history_modal,2026/06/03 12:05:22,#476,476B,JDX,#534,649,549,3,,都市,都市,destroy,破壊,medium,visible_datetime,"#476[476B]が#534[JDX]領有中のLV.3都市 #534(649,549)を攻撃し、陣営のために破壊宝箱*10を 勝ち取りました 2026-6-3 12:05:22"
frame_0151.png,history_modal,2026/06/03 12:07:32,#480,WbW,5Va,#511,649,549,3,,都市,都市,destroy,破壊,medium,visible_datetime,"#480[WbWが#511[5Va]領有中のLV.3都市 #511(649,549)を攻撃し、陣営のために破壊宝箱x10を 勝ち取りました 2026-6-3 12:07:32"
frame_0151.png,history_modal,2026/06/03 12:10:54,#480,TkTk,BHE,#509,149,649,1,,都市,都市,destroy,破壊,medium,visible_datetime,"#480[TKTKが#509[BHE]領有中のLV.1都市 #509(149,649)を攻撃し、陣営のために破壊宝箱xを勝 ち取りました 2026-6-3 12:10:54"
frame_0152.png,history_modal,2026/06/03 12:05:21,#523,NBNH,2N7,#511,549,349,3,,都市,都市,destroy,破壊,medium,visible_datetime,"#523[NBNH]が#511[2N7]領有中のLV.3都市 #511(549,349)を攻撃し、陣営のために破壊宝箱x10を 勝ち取りました 2026-6-3 12:05:21"
frame_0152.png,history_modal,2026/06/03 12:06:39,#503,xjR,BHE,#509,249,649,2,,都市,都市,destroy,破壊,medium,visible_datetime,"#503[xjR]が#509[BHE]領有中のLv.2都市#509(249,649)を 攻撃し、陣営のために破壊宝箱x5を勝ち取りました 2026-6-3 12:06:39"
frame_0152.png,history_modal,2026/06/03 12:07:32,#480,WbW,5Va,#511,649,549,3,,都市,都市,destroy,破壊,medium,visible_datetime,"#480[WbWが#511[5Va]領有中のLV.3都市 #511(649,549)を攻撃し、陣営のために破壊宝箱x10を 勝ち取りました 2026-6-3 12:07:32"
frame_0153.png,history_modal,2026/06/03 12:06:39,#503,xjR,BHE,#509,249,649,2,,都市,都市,destroy,破壊,medium,visible_datetime,"#503[xjRが#509[BHE]領有中のLV.2都市#509(249,649)を 攻撃し、陣営のために破壊宝額＊5を勝ち取りました 2026-6-3 12:06:39"
frame_0153.png,history_modal,2026/06/03 12:11:40,#534,KTVS,TkTk,#480,349,749,2,,都市,都市,destroy,破壊,medium,visible_datetime,"#534[KTVS]が#480[TkTk]領有中のLv.2都市 #480(349,749)を攻撃し、陣営のために破壊宝箱x5を勝 ち取りました 2026-6-3 12:11:40"
frame_0155.png,history_modal,2026/06/03 12:11:40,#534,KTVS,TkTk,#480,349,749,2,,都市,都市,destroy,破壊,medium,visible_datetime,"#534[KTVS]が#480[TKTk]領有中のLv.2都市 #480(349,749)を攻撃し、陣営のために破壊宝箱x5を勝 ち取りました 2026-6-3 12:11:40"
frame_0155.png,history_modal,2026/06/03 12:12:16,#534,SHA,476A,#476,549,849,1,,都市,都市,destroy,破壊,medium,visible_datetime,"#534[SHA]が#476[476A]領有中のLV.1都市 #476(549,849)を攻撃し、陣営のために破壊宝箱xを勝 ち取りました 2026-6-3 12:12:16"
frame_0156.png,history_modal,2026/06/03 12:12:16,#534,SHA,476A,#476,549,849,1,,都市,都市,destroy,破壊,medium,visible_datetime,"#534[SHA]が#476[476A]領有中のLV.1都市 #476(549,849)を攻撃し、陣営のために破壊宝箱xを勝 ち取りました 2026-6-3 12:12:16"
frame_0156.png,history_modal,2026/06/03 12:12:41,#523,NBNH,DaNG,#511,449,849,1,,都市,都市,destroy,破壊,medium,visible_datetime,"#523[NBNH]が#511[DaNG]領有中のLV.1都市 #511(449,849)を攻撃し、陣営のために破壊宝箱x2を勝 ち取りました 2026-6-3 12:12:41"
frame_0157.png,history_modal,2026/06/03 12:12:16,#534,SHA,476A,#476,549,849,1,,都市,都市,destroy,破壊,medium,visible_datetime,"#534[SHA]が#476[476A]領有中のLV.1都市 #476(549,849)を攻撃し、陣営のために破壊宝箱xを勝 ち取りました 2026-6-3 12:12:16"
frame_0157.png,history_modal,2026/06/03 12:12:41,#523,NBNH,DaNG,#511,449,849,1,,都市,都市,destroy,破壊,medium,visible_datetime,"#523[NBNH]が#511[DaNG]領有中のLv.1都市 #511(449,849)を攻撃し、陣営のために破壊宝箱x2を勝 ち取りました 2026-6-3 12:12:41"
frame_0158.png,history_modal,2026/06/03 12:12:16,#534,SHA,476A,#476,549,849,1,,都市,都市,destroy,破壊,medium,visible_datetime,"#534[SHA]が#476[476A]領有中のLV.1都市 #476(549,849)を攻撃し、陣営のために破壊宝箱＊を勝 ち取りました 2026-6-3 12:12:16"
frame_0158.png,history_modal,2026/06/03 12:12:41,#523,NBNH,DaNG,#511,449,849,1,,都市,都市,destroy,破壊,medium,visible_datetime,"#523[NBNH]が#511[DaNG]領有中のLV.1都市 #511(449,849)を攻撃し、陣営のために破壊宝箱x2を勝 ち取りました 2026-6-3 12:12:41"
frame_0158.png,history_modal,2026/06/03 12:13:11,#503,Lghs,FHX,#509,849,449,1,,都市,都市,destroy,破壊,medium,visible_datetime,"#503[Lghsが#509[FHX]領有中のLV.1都市 #509(849,449)を攻撃し、陣営のために破壊宝箱x2を勝 ち取りました 2026-6-3 12:13:11"
frame_0158.png,history_modal,2026/06/03 12:14:11,#534,KTVS,RCON,#480,249,849,1,,都市,都市,destroy,破壊,medium,visible_datetime,"#534[KTVS]が#480[RCON]領有中のLV.1都市 #480(249,849)を攻撃し、陣営のために破壊宝箱xを勝 ち取りました 2026-6-3 12:14:11"
frame_0159.png,history_modal,2026/06/03 12:14:11,#534,KTVS,RCON,#480,249,849,1,,都市,都市,destroy,破壊,medium,visible_datetime,"#534[KTVS]が#480[RCON]領有中のLV.1都市 #480(249,849)を攻撃し、陣営のために破壊宝箱xを勝 ち取りました 2026-6-3 12:14:11"
frame_0159.png,history_modal,2026/06/03 12:14:20,#503,Bye,BHE,#509,49,549,1,,都市,都市,destroy,破壊,medium,visible_datetime,"#503[Bye]が#509[BHE]領有中のLV.1都市#509(49,549)を 攻撃し、陣営のために破壊宝箱xを勝ち取りました 2026-6-3 12:14:20"
frame_0160.png,history_modal,2026/06/03 12:13:11,#503,Lghs,FHX,#509,849,449,1,,都市,都市,destroy,破壊,medium,visible_datetime,"#503[Lghsが#509[FHX]領有中のLV.1都市 #509(849,449)を攻撃し、陣営のために破壊宝箱x2を勝 ち取りました 2026-6-3 12:13:11"
frame_0160.png,history_modal,2026/06/03 12:14:11,#534,KTVS,RCON,#480,249,849,1,,都市,都市,destroy,破壊,medium,visible_datetime,"#534[KTVS]が#480[RCON]領有中のLV.1都市 #480(249,849)を攻撃し、陣営のために破壊宝箱xを勝 ち取りました 2026-6-3 12:14:11"
frame_0160.png,history_modal,2026/06/03 12:18:24,#503,fzn,tUD,#509,149,449,1,,都市,都市,destroy,破壊,medium,visible_datetime,"#503[fzn]が#509[tUD]領有中のLV.1都市#509(149,449)を 攻撃し、陣営のために破壊宝額xを勝ち取りました 2026-6-3 12:18:24"
frame_0161.png,history_modal,2026/06/03 12:14:11,#534,KTVS,RCON,#480,249,849,1,,都市,都市,destroy,破壊,medium,visible_datetime,"#534[KTVS]が#480[RCON]領有中のLV.1都市 #480(249,849)を攻撃し、陣営のために破壊宝箱x2を勝 ち取りました 2026-6-3 12:14:11"
frame_0161.png,history_modal,2026/06/03 12:14:20,#503,Bye,BHE,#509,49,549,1,,都市,都市,destroy,破壊,medium,visible_datetime,"#503[Bye]が#509[BHE]領有中のLV.1都市#509(49,549)を 攻撃し、陣営のために破壊宝箱xをち取りました 2026-6-3 12:14:20"
frame_0161.png,history_modal,2026/06/03 12:26:39,#476,476A,BHE,#509,349,649,3,,都市,都市,destroy,破壊,medium,visible_datetime,"#476[476Aが#509[BHE]領有中のLV.3都市 #509(349,649)を攻撃し、陣営のために破壊宝箱x10を 勝ち取りました 2026-6-3 12:26:39"
frame_0162.png,history_modal,2026/06/03 12:14:11,#534,KTVS,RCON,#480,249,849,1,,都市,都市,destroy,破壊,medium,visible_datetime,"#534[KTVS]が#480[RCON]領有中のLV.1都市 #480(249,849)を攻撃し、陣営のために破壊宝箱xを勝 ち取りました 2026-6-3 12:14:11"
frame_0162.png,history_modal,2026/06/03 12:14:20,#503,Bye,BHE,#509,49,549,1,,都市,都市,destroy,破壊,medium,visible_datetime,"#503[Bye]が#509[BHE]領有中のLV.1都市#509(49,549)を 攻撃し、陣営のために破壊宝額xを勝ち取りました 2026-6-3 12:14:20"
frame_0162.png,history_modal,2026/06/03 12:27:16,#503,UMN,AoW,#509,449,949,1,,都市,都市,destroy,破壊,medium,visible_datetime,"#503[UMN]が#509[AoW]領有中のLV.1都市 #509(449,949)を攻撃し、陣営のために破壊宝箱xを勝 ち取りました 2026-6-3 12:27:16"
frame_0163.png,history_modal,2026/06/03 12:14:20,#503,Bye,BHE,#509,49,549,1,,都市,都市,destroy,破壊,medium,visible_datetime,"#503[Bye]が#509[BHE]領有中のLV.1都市#509(49,549)を 攻撃し、陣営のために破壊宝箱xを勝ち取りました 2026-6-3 12:14:20"
frame_0163.png,history_modal,2026/06/03 12:18:24,#503,fzn,tUD,#509,149,449,1,,都市,都市,destroy,破壊,medium,visible_datetime,"#503[fzn]が#509[tUD]領有中のLV.1都市#509(149,449)を 攻撃し、陣営のために破壊宝箱xを勝ち取りました 2026-6-3 12:18:24"
frame_0163.png,history_modal,2026/06/03 12:26:39,#476,476A,BHE,#509,349,649,3,,都市,都市,destroy,破壊,medium,visible_datetime,"#476[476A]が#509[BHE]領有中のLV.3都市 #509(349,649)を攻撃し、陣営のために破壊宝箱x10を 勝ち取りました 2026-6-3 12:26:39"
frame_0163.png,history_modal,2026/06/03 12:27:16,#503,UMN,AoW,#509,449,949,1,,都市,都市,destroy,破壊,medium,visible_datetime,"#503[UMN]が#509[AoW]領有中のLV.1都市 #509(449,949)を攻撃し、陣営のために破壊宝箱x2を勝 ち取りました 2026-6-3 12:27:16"
frame_0163.png,history_modal,2026/06/03 12:30:04,#503,hMt,0TT,#509,649,949,1,,都市,都市,destroy,破壊,medium,visible_datetime,"#503[hMt]が#509[OTT]領有中のLV.1都市#509(649,949)を 攻撃し、陣営のために破壊宝箱※を勝ち取りました 2026-6-3 12:30:04"
frame_0164.png,history_modal,2026/06/03 12:26:39,#476,476A,BHE,#509,349,649,3,,都市,都市,destroy,破壊,medium,visible_datetime,"#476[476A]が#509[BHE]領有中のLV.3都市 #509(349,649)を攻撃し、陣営のために破壊宝箱＊10を 勝ち取りました 2026-6-3 12:26:39"
frame_0164.png,history_modal,2026/06/03 12:30:04,#503,hMt,0TT,#509,649,949,1,,都市,都市,destroy,破壊,medium,visible_datetime,"#503[hMt]が#509[OTT]領有中のLV.1都市#509(649,949)を 攻撃し、陣営のために破壊宝箱xを勝ち取りました 2026-6-3 12:30:04"
frame_0164.png,history_modal,2026/06/03 12:40:00,#480,AAOA,sbM,#511,649,249,2,,都市,都市,destroy,破壊,medium,visible_datetime,"#480[AAOA]が#511[sbM]領有中のLV.2都市 #511(649,249)を攻撃し、陣営のために破壊宝箱x5を勝 ち取りました 2026-6-3 12:40:00"
frame_0165.png,history_modal,2026/06/03 12:27:16,#503,UMN,AoW,#509,449,949,1,,都市,都市,destroy,破壊,medium,visible_datetime,"#503[UMNが#509[AoW]領有中のLV.1都市 #509(449,949)を攻撃し、陣営のために破壊宝額xを勝 ち取りました 2026-6-3 12:27:16"
frame_0165.png,history_modal,2026/06/03 12:40:00,#480,AAOA,sbM,#511,649,249,2,,都市,都市,destroy,破壊,medium,visible_datetime,"#480[AAOA]が#511[sbM]領有中のLV.2都市 #511(649,249)を攻撃し、陣営のために破壊宝箱x5を勝 ち取りました 2026-6-3 12:40:00"
frame_0166.png,history_modal,2026/06/03 12:30:04,#503,hMt,0TT,#509,649,949,1,,都市,都市,destroy,破壊,medium,visible_datetime,"#503[hMt]が#509[OTT]領有中のLV.1都市#509(649,949)を 攻撃し、陣営のために破壊宝箱xを勝ち取りました 2026-6-3 12:30:04"
frame_0166.png,history_modal,2026/06/03 12:40:00,#480,AAOA,sbM,#511,649,249,2,,都市,都市,destroy,破壊,medium,visible_datetime,"#480[AAOA]が#511[sbM]領有中のLV.2都市 #511(649,249)を攻撃し、陣営のために破壊宝箱x5を勝 ち取りました 2026-6-3 12:40:00"
frame_0166.png,history_modal,2026/06/03 12:41:24,#476,476A,tWD,#509,349,549,3,,都市,都市,destroy,破壊,medium,visible_datetime,"#476[476A]が#509[tWD]領有中のLv.3都市 #509(349,549)を攻撃し、陣営のために破壊宝箱x10を 勝ち取りました 2026-6-3 12:41:24"
frame_0166.png,history_modal,2026/06/03 12:41:56,#523,K4TR,,#511,749,49,1,,都市,都市,destroy,破壊,medium,visible_datetime,"#523[K4TRが#511領有中のLV.1都市#511(749,49)を 攻撃し、陣営のために破壊宝箱xを勝ち取りました 2026-6-3 12:41:56"
frame_0167.png,history_modal,2026/06/03 12:40:00,#480,AAOA,sbM,#511,649,249,2,,都市,都市,destroy,破壊,medium,visible_datetime,"#480[AAOA]が#511[sbM]領有中のLV.2都市 #511(649,249)を攻撃し、陣営のために破壊宝箱x5を勝 ち取りました 2026-6-3 12:40:00"
frame_0167.png,history_modal,2026/06/03 12:41:56,#523,K4TR,,#511,749,49,1,,都市,都市,destroy,破壊,medium,visible_datetime,"#523[K4TR]が#511領有中のLV.1都市#511(749,49)を 攻撃し、陣営のために破壊宝箱xを勝ち取りました 2026-6-3 12:41:56"
frame_0167.png,history_modal,2026/06/03 12:45:50,#503,one,MOn,#509,549,749,2,,都市,都市,destroy,破壊,medium,visible_datetime,"#503[one]が#509[MOn]領有中のLv.2都市#509(549,749)を 攻撃し、陣営のために破壊宝箱x5を勝ち取りました 2026-6-3 12:45:50"
frame_0168.png,history_modal,2026/06/03 12:41:24,#476,476A,tWD,#509,349,549,3,,都市,都市,destroy,破壊,medium,visible_datetime,"#476[476Aが#509[tWD]領有中のLV.3都市 #509(349,549)を攻撃し、陣営のために破壊宝箱x10を 勝ち取りました 2026-6-3 12:41:24"
frame_0168.png,history_modal,2026/06/03 12:41:56,#523,K4TR,,#511,749,49,1,,都市,都市,destroy,破壊,medium,visible_datetime,"#523[K4TR]が#511領有中のLV.1都市#511(749,49)を 攻撃し、陣営のために破壊宝箱xを勝ち取りました 2026-6-3 12:41:56"
frame_0168.png,history_modal,2026/06/03 12:45:50,#503,one,MOn,#509,549,749,2,,都市,都市,destroy,破壊,medium,visible_datetime,"#503[one]が#509[MOn]領有中のLv.2都市#509(549,749)を 攻撃し、陣営のために破壊宝箱＊5を勝ち取りました 2026-6-3 12:45:50"
frame_0168.png,history_modal,2026/06/03 12:45:55,#476,476M,,#440,49,249,1,,都市,都市,destroy,破壊,medium,visible_datetime,"#476[476M]が#440領有中のLV.1都市#440(49,249)を ⑦ 攻撃し、陣営のために破壊宝箱xを勝ち取りました 2026-6-3 12:45:55"
frame_0169.png,history_modal,2026/06/03 12:41:56,#523,K4TR,,#511,749,49,1,,都市,都市,destroy,破壊,medium,visible_datetime,"#523[K4TR]が#511領有中のLV.1都市#511(749,49)を 攻撃し、陣営のために破壊宝箱xを勝ち取りました 2026-6-3 12:41:56"
frame_0169.png,history_modal,2026/06/03 12:45:50,#503,one,MOn,#509,549,749,2,,都市,都市,destroy,破壊,medium,visible_datetime,"#503[one]が#509[MOn]領有中のLV.2都市#509(549,749)を 攻撃し、陣営のために破壊宝箱＊5を勝ち取りました 2026-6-3 12:45:50"
frame_0169.png,history_modal,2026/06/03 12:45:55,#476,476M,,#440,49,249,1,,都市,都市,destroy,破壊,medium,visible_datetime,"#476[476M]が#440領有中のLV.1都市#440(49,249)を 攻撃し、陣営のために破壊宝箱xを勝ち取りました 2026-6-3 12:45:55"
frame_0169.png,history_modal,2026/06/03 12:48:41,#503,one,AoW,#509,649,149,1,,都市,都市,destroy,破壊,medium,visible_datetime,"#503[one]が#509[AoW]領有中のLV.1都市 #509(649,149)を攻撃し、陣営のために破壊宝箱xを勝 ち取りました 2026-6-3 12:48:41"
frame_0170.png,history_modal,2026/06/03 12:45:55,#476,476M,,#440,49,249,1,,都市,都市,destroy,破壊,medium,visible_datetime,"#476[476M]が#440領有中のLV.1都市#440(49,249)を 攻撃し、陣営のために破壊宝箱xを勝ち取りました 2026-6-3 12:45:55"
frame_0170.png,history_modal,2026/06/03 12:48:41,#503,one,AoW,#509,649,149,1,,都市,都市,destroy,破壊,medium,visible_datetime,"#503[one]が#509[AoW]領有中のLV.1都市 #509(649,149)を攻撃し、陣営のために破壊宝箱xを勝 ち取りました 2026-6-3 12:48:41"
frame_0171.png,history_modal,2026/06/03 12:48:41,#503,one,AoW,#509,649,149,1,,都市,都市,destroy,破壊,medium,visible_datetime,"#503[one]が#509[AoW]領有中のLV.1都市 #509(649,149)を攻撃し、陣営のために破壊宝箱xを勝 ち取りました 2026-6-3 12:48:41"
frame_0171.png,history_modal,2026/06/03 12:49:56,#480,AADA,sbM,#511,749,349,2,,都市,都市,destroy,破壊,medium,visible_datetime,"#480[AADA]が#511[sbM]領有中のLV.2都市 #511(749,349)を攻撃し、陣営のために破壊宝箱x5を勝 ち取りました 2026-6-3 12:49:56"
frame_0172.png,history_modal,2026/06/03 12:46:30,#503,Stj,Mon,#509,449,749,2,,都市,都市,destroy,破壊,medium,visible_datetime,"#503[5tj]が#509[Mon]領有中のLV.2都市#509(449,749)を 攻撃し、陣営のために破壊宝箱x5を勝ち取りました 2026-6-3 12:46:30"
frame_0172.png,history_modal,2026/06/03 12:49:56,#480,AAOA,sbM,#511,749,349,2,,都市,都市,destroy,破壊,medium,visible_datetime,"#480[AAOA]が#511[sbM]領有中のLv.2都市 #511(749,349)を攻撃し、陣営のために破壊宝箱x5を勝 ち取りました 2026-6-3 12:49:56"
frame_0172.png,history_modal,2026/06/03 12:50:01,#476,476M,IMP,#440,49,349,1,,都市,都市,destroy,破壊,medium,visible_datetime,"#476[476M]が#440[IMp]領有中のLV.1都市 #440(49,349)を攻撃し、陣営のために破壊宝箱xを勝 ち取りました 2026-6-3 12:50:01"
frame_0173.png,history_modal,2026/06/03 12:49:56,#480,AAOA,sbM,#511,749,349,2,,都市,都市,destroy,破壊,medium,visible_datetime,"#480[AAOA]が#511[sbM]領有中のLv.2都市 #511(749,349)を攻撃し、陣営のために破壊宝箱x5を勝 ち取りました 2026-6-3 12:49:56"
frame_0173.png,history_modal,2026/06/03 12:50:01,#476,476M,IMP,#440,49,349,1,,都市,都市,destroy,破壊,medium,visible_datetime,"#476[476M]が#440[IMp]領有中のLV.1都市 #440(49,349)を攻撃し、陣営のために破壊宝箱x2を勝 ち取りました 2026-6-3 12:50:01"
frame_0173.png,history_modal,2026/06/03 12:50:38,#534,4tH,476H,#476,649,849,1,,都市,都市,destroy,破壊,medium,visible_datetime,"#534[4tH]が#476[476H]領有中のLV.1都市 #476(649,849)を攻撃し、陣営のために破壊宝箱x2を勝 ち取りました 2026-6-3 12:50:38"
frame_0174.png,history_modal,2026/06/03 12:49:56,#480,AAOA,sbM,#511,749,349,2,,都市,都市,destroy,破壊,medium,visible_datetime,"#480[AAOA]が#511[sbM]領有中のLv.2都市 #511(749,349)を攻撃し、陣営のために破壊宝箱x5を勝 ち取りました 2026-6-3 12:49:56"
frame_0174.png,history_modal,2026/06/03 12:50:01,#476,476M,IMP,#440,49,349,1,,都市,都市,destroy,破壊,medium,visible_datetime,"#476[476M]が#440[IMp]領有中のLV.1都市 #440(49,349)を攻撃し、陣営のために破壊宝箱xを勝 ち取りました 2026-6-3 12:50:01"
frame_0174.png,history_modal,2026/06/03 12:50:38,#534,4tH,476H,#476,649,849,1,,都市,都市,destroy,破壊,medium,visible_datetime,"#534[4tH]が#476[476H]領有中のLV.1都市 #476(649,849)を攻撃し、陣営のために破壊宝箱x2を勝 ち取りました 2026-6-3 12:50:38"
frame_0174.png,history_modal,2026/06/03 12:52:32,#476,476X,KTVS,#534,749,549,2,,都市,都市,destroy,破壊,medium,visible_datetime,"#476[476X]が#534[KTVS]領有中のLV.2都市 #534(749,549)を攻撃し、陣営のために破壊宝箱x5を勝 ち取りました 2026-6-3 12:52:32"
frame_0175.png,history_modal,2026/06/03 12:50:01,#476,476M,IMP,#440,49,349,1,,都市,都市,destroy,破壊,medium,visible_datetime,"#476[476M]が#440[IMp]領有中のLV.1都市 #440(49,349)を攻撃し、陣営のために破壊宝箱xを勝 ち取りました 2026-6-3 12:50:01"
frame_0175.png,history_modal,2026/06/03 12:52:32,#476,476X,KTVS,#534,749,549,2,,都市,都市,destroy,破壊,medium,visible_datetime,"#476[476X]が#534[KTVS]領有中のLV.2都市 #534(749,549)を攻撃し、陣営のために破壊宝箱x5を勝 ち取りました 2026-6-3 12:52:32"
frame_0176.png,history_modal,2026/06/03 12:52:32,#476,476X,KTVS,#534,749,549,2,,都市,都市,destroy,破壊,medium,visible_datetime,"#476[476X]が#534[KTVS]領有中のLV.2都市 #534(749,549)を攻撃し、陣営のために破壊宝箱x5を勝 ち取りました 2026-6-3 12:52:32"
frame_0177.png,history_modal,2026/06/03 12:52:32,#476,476X,KTVS,#534,749,549,2,,都市,都市,destroy,破壊,medium,visible_datetime,"#476[476X]が#534[KTVS]領有中のLv.2都市 #534(749,549)を攻撃し、陣営のために破壊宝箱x5を勝 ち取りました 2026-6-3 12:52:32"
frame_0178.png,history_modal,2026/06/03 12:52:32,#476,476X,KTVS,#534,749,549,2,,都市,都市,destroy,破壊,medium,visible_datetime,"#476[476X]が#534[KTVS]領有中のLV.2都市 #534(749,549)を攻撃し、陣営のために破壊宝箱x5を勝 ち取りました 2026-6-3 12:52:32"
frame_0178.png,history_modal,2026/06/03 20:09:53,#503,GX99,AoW,#509,849,49,1,,都市,都市,destroy,破壊,medium,visible_datetime,"#503[GX99]が#509[AoW]領有中のLV.1都市 #509(849,49)を攻撃し、陣営のために破壊宝箱xを勝 ち取りました 2026-6-3 20:09:53"
frame_0178.png,history_modal,2026/06/03 20:47:28,#480,CDf8,,#511,749,849,1,,都市,都市,destroy,破壊,medium,visible_datetime,"#480[CDf8]が#511領有中のLV.1都市#511(749,849)を 攻撃し、陣営のために破壊宝箱xを勝ち取りました 2026-6-3 20:47:28"
frame_0179.png,history_modal,2026/06/03 20:01:53,#503,TIKW,DaNG,#511,549,849,1,,都市,都市,destroy,破壊,medium,visible_datetime,"#503[TIKWが#511[DaNG]領有中のLV.1都市 #511(549,849)を攻撃し、陣営のために破壊宝箱xを勝 ち取りました 2026-6-3 20:01:53"
frame_0179.png,history_modal,2026/06/03 20:47:28,#480,CDf8,,#511,749,849,1,,都市,都市,destroy,破壊,medium,visible_datetime,"#480[CDf8]が#511領有中のLV.1都市#511(749,849)を 攻撃し、陣営のために破壊宝箱x2を勝ち取りました 2026-6-3 20:47:28"
frame_0180.png,history_modal,2026/06/03 20:03:12,#476,476C,SHA,#534,249,449,2,,都市,都市,destroy,破壊,medium,visible_datetime,"#476[476C]が#534[SHA]領有中のLV.2都市 #534(249,449)を攻撃し、陣営のために破壊宝額*5を勝 ち取りました 2026-6-3 20:03:12"
frame_0180.png,history_modal,2026/06/03 20:47:28,#480,CDf8,,#511,749,849,1,,都市,都市,destroy,破壊,medium,visible_datetime,"#480[CDf8]が#511領有中のLV.1都市#511(749,849)を 攻撃し、陣営のために破壊宝箱xを勝ち取りました 2026-6-3 20:47:28"
frame_0180.png,history_modal,2026/06/03 20:55:37,#440,GcC,cDf8,#480,749,149,1,,都市,都市,destroy,破壊,medium,visible_datetime,"#440[Gcc]が#480[cDf8]領有中のLV.1都市 #480(749,149)を攻撃し、陣営のために破壊宝箱xを勝 ち取りました 2026-6-3 20:55:37"
frame_0181.png,history_modal,2026/06/03 20:47:28,#480,C0f8,,#511,749,849,1,,都市,都市,destroy,破壊,medium,visible_datetime,"#480[C0f8]が#511領有中のLV.1都市#511(749,849)を 攻撃し、陣営のために破壊宝箱xを勝ち取りました 2026-6-3 20:47:28"
frame_0181.png,history_modal,2026/06/03 20:55:37,#440,GcC,cof8,#480,749,149,1,,都市,都市,destroy,破壊,medium,visible_datetime,"#440[Gcc]が#480[cof8]領有中のLV.1都市 #480(749,149)を攻撃し、陣営のために破壊宝箱xを勝 ち取りました 2026-6-3 20:55:37"
frame_0182.png,history_modal,2026/06/03 20:47:28,#480,CDf8,,#511,749,849,1,,都市,都市,destroy,破壊,medium,visible_datetime,"#480[CDf8]が#511領有中のLV.1都市#511(749,849)を 攻撃し、陣営のために破壊宝箱xを勝ち取りました 2026-6-3 20:47:28"
frame_0182.png,history_modal,2026/06/06 04:02:29,#503,Lghs,GoDs,#440,249,449,2,,都市,都市,destroy,破壊,medium,visible_datetime,"#503[Lghs]が#440[GoDs]領有中のLv.2都市 #440(249,449)を攻撃し、陣営のために破壊宝箱x5を勝 ち取りました 2026-6-6 04:02:29"
frame_0183.png,history_modal,2026/06/03 20:55:37,#440,GcC,CDf8,#480,749,149,1,,都市,都市,destroy,破壊,medium,visible_datetime,"#440[Gcc]が#480[CDf8]領有中のLV.1都市 #480(749,149)を攻撃し、陣宮のために破壊宝箱xを勝 ち取りました 2026-6-3 20:55:37"
frame_0184.png,history_modal,2026/06/06 04:06:20,#503,UMN,0WM,#509,349,949,1,,都市,都市,destroy,破壊,medium,visible_datetime,"#503[UMN]が#509[0WM]領有中のLV.1都市 #509(349,949)を攻撃し、陣営のために破壊宝箱xを勝 ち取りました 2026-6-6 04:06:20"
frame_0184.png,history_modal,2026/06/06 04:13:03,#480,BgNa,5Va,#511,749,549,2,,都市,都市,destroy,破壊,medium,visible_datetime,"#480[BgNa]が#511[5Va]領有中のLV.2都市 #511(749,549)を攻撃し、陣営のために破壊宝箱x5を勝 ち取りました 2026-6-6 04:13:03"
frame_0185.png,history_modal,2026/06/06 04:06:20,#503,UMN,OWM,#509,349,949,1,,都市,都市,destroy,破壊,medium,visible_datetime,"#503[UMNが#509[OWM]領有中のLV.1都市 #509(349,949)を攻撃し、陣営のために破壊宝箱xを勝 ち取りました 2026-6-6 04:06:20"
frame_0185.png,history_modal,2026/06/06 04:13:03,#480,BgNa,5Val,#511,749,649,2,,都市,都市,destroy,破壊,medium,visible_datetime,"#480[BgNa]が#511[5Val]領有中のLv.2都市 #511(749,649)を攻撃し、陣営のために破壊宝箱x5を勝 ち取りました 2026-6-6 04:13:03"
frame_0185.png,history_modal,2026/06/06 04:15:19,#480,WbW,sbM,#511,749,449,2,,都市,都市,destroy,破壊,medium,visible_datetime,"#480[WbWが#511[sbM]領有中のLV.2都市 #511(749,449)を攻撃し、陣営のために破壊宝箱x5を勝 ち取りました 2026-6-6 04:15:19"
frame_0185.png,history_modal,2026/06/06 04:17:45,#480,WbW,sbM,#511,849,349,1,,都市,都市,destroy,破壊,medium,visible_datetime,"#480[WbWが#511[sbM]領有中のLV.1都市 #511(849,349)を攻撃し、陣営のために破壊宝箱xを勝 ち取りました 2026-6-6 04:17:45"
frame_0186.png,history_modal,2026/06/06 04:17:45,#480,WbW,sbM,#511,849,349,1,,都市,都市,destroy,破壊,medium,visible_datetime,"#480[WbWが#511[sbM]領有中のLv.1都市 #511(849,349)を攻撃し、陣営のために破壊宝箱xを勝 ち取りました 2026-6-6 04:17:45"
frame_0186.png,history_modal,2026/06/06 04:18:05,#480,BgNa,5Val,#511,749,549,2,,都市,都市,destroy,破壊,medium,visible_datetime,"#480[BgNa]が#511[5Val]領有中のLv.2都市 #511(749,549)を攻撃し、陣営のために破壊宝箱x5を勝 ち取りました 2026-6-6 04:18:05"
frame_0186.png,history_modal,2026/06/06 04:27:58,#480,AAOA,,#511,749,149,1,,都市,都市,destroy,破壊,medium,visible_datetime,"#480[AAOAが#511領有中のLV.1都市#511(749,149)を 攻撃し、陣営のために破壊宝箱xを勝ち取りました 2026-6-6 04:27:58"
frame_0187.png,history_modal,2026/06/06 04:15:19,#480,Wbu,sbM,#511,749,449,2,,都市,都市,destroy,破壊,medium,visible_datetime,"#480[Wbuが#511[sbM]領有中のLv.2都市 #511(749,449)を攻撃し、陣営のために破壊宝箱x5を勝 ち取りました 2026-6-6 04:15:19"
frame_0187.png,history_modal,2026/06/06 04:17:45,#480,Wbu,sbM,#511,849,349,1,,都市,都市,destroy,破壊,medium,visible_datetime,"#480[Wbuが#511[sbM]領有中のLV.1都市 #511(849,349)を攻撃し、陣営のために破壊宝箱xを勝 ち取りました 2026-6-6 04:17:45"
frame_0187.png,history_modal,2026/06/06 04:18:05,#480,BgNa,5Va,#511,749,549,2,,都市,都市,destroy,破壊,medium,visible_datetime,"#480[BgNa]が#511[5Va]領有中のLv.2都市 #511(749,549)を攻撃し、陣営のために破壊宝箱x5を勝 ち取りました 2026-6-6 04:18:05"
frame_0187.png,history_modal,2026/06/06 04:27:58,#480,AAOA,,#511,749,149,1,,都市,都市,destroy,破壊,medium,visible_datetime,"#480[AAOAが#511領有中のLV.1都市#511(749,149)を 攻撃し、陣営のために破壊宝箱xを勝ち取りました 2026-6-6 04:27:58"
frame_0188.png,history_modal,2026/06/06 04:17:45,#480,WbW,sbM,#511,849,349,1,,都市,都市,destroy,破壊,medium,visible_datetime,"#480[WbWが#511[sbM]領有中のLV.1都市 #511(849,349)を攻撃し、陣営のために破壊宝箱xを勝 ち取りました 2026-6-6 04:17:45"
frame_0188.png,history_modal,2026/06/06 04:27:58,#480,AAOA,,#511,749,149,1,,都市,都市,destroy,破壊,medium,visible_datetime,"#480[AAOAが#511領有中のLV.1都市#511(749,149)を 攻撃し、陣営のために破壊宝箱xを勝ち取りました 2026-6-6 04:27:58"
frame_0188.png,history_modal,2026/06/06 04:28:41,#511,2N7,K4TR,#523,549,249,2,,都市,都市,destroy,破壊,medium,visible_datetime,"#511[2N7]が#523[K4TR]領有中のLV.2都市 #523(549,249)を攻撃し、陣営のために破壊宝箱x5を勝 ち取りました 2026-6-6 04:28:41"
frame_0189.png,history_modal,2026/06/06 04:29:00,#503,UMN,OUM,#509,249,949,1,,都市,都市,destroy,破壊,medium,visible_datetime,"#503[UMNが#509[OUM]領有中のLV.1都市 #509(249,949)を攻撃し、陣営のために破壊宝箱x2を勝 ち取りました 2026-6-6 04:29:00"
frame_0189.png,history_modal,2026/06/06 04:36:13,#480,AAOA,5Va,#511,849,849,1,,都市,都市,destroy,破壊,medium,visible_datetime,"#480[AAOA]が#511[5Va]領有中のLV.1都市 #511(849,849)を攻撃し、陣営のために破壊宝箱xを勝 ち取りました 2026-6-6 04:36:13"
frame_0190.png,history_modal,2026/06/06 04:28:41,#511,2N7,K4TR,#523,549,249,2,,都市,都市,destroy,破壊,medium,visible_datetime,"#511[2N7]が#523[K4TR]領有中のLV.2都市 #523(549,249)を攻撃し、陣宮のために破壊宝額x5を勝 ち取りました 2026-6-6 04:28:41"
frame_0190.png,history_modal,2026/06/06 04:29:00,#503,UMN,0WM,#509,249,949,1,,都市,都市,destroy,破壊,medium,visible_datetime,"#503[UMNが#509[0WM]領有中のLV.1都市 #509(249,949)を攻撃し、陣営のために破壊宝箱x2を勝 ち取りました 2026-6-6 04:29:00"
frame_0190.png,history_modal,2026/06/06 04:36:13,#480,AAOA,5Va,#511,849,849,1,,都市,都市,destroy,破壊,medium,visible_datetime,"#480[AAOAが#511[5Va]領有中のLV.1都市 #511(849,849)を攻撃し、陣営のために破壊宝箱x2を勝 ち取りました 2026-6-6 04:36:13"
frame_0190.png,history_modal,2026/06/06 04:36:32,#509,SsQ,K4TR,#523,449,349,3,,都市,都市,destroy,破壊,medium,visible_datetime,"#509[5s0]が#523[K4TR]領有中のLV.3都市 #523(449,349)を攻撃し、陣営のために破壊宝箱x10を 勝ち取りました 2026-6-6 04:36:32"
frame_0191.png,history_modal,2026/06/06 04:29:00,#503,UMN,0WM,#509,249,949,1,,都市,都市,destroy,破壊,medium,visible_datetime,"#503[UMNが#509[0WM]領有中のLV.1都市 #509(249,949)を攻撃し、陣宮のために破壊宝箱x2を勝 ち取りました 2026-6-6 04:29:00"
frame_0191.png,history_modal,2026/06/06 04:32:12,#511,2N7,50U,#523,549,349,3,,都市,都市,destroy,破壊,medium,visible_datetime,"#511[2N7]が#523[50U]領有中のLV.3都市#523(549,349)を 攻撃し、陣営のために破壊宝箱＊10を勝ち取りました 2026-6-6 04:32:12"
frame_0191.png,history_modal,2026/06/06 04:36:13,#480,AADA,5Va,#511,849,849,1,,都市,都市,destroy,破壊,medium,visible_datetime,"#480[AADA]が#511[5Va]領有中のLV.1都市 #511(849,849)を攻撃し、陣宮のために破壊宝箱x2を勝 ち取りました 2026-6-6 04:36:13"
frame_0191.png,history_modal,2026/06/06 04:36:32,#509,SsQ,K4TR,#523,449,349,3,,都市,都市,destroy,破壊,medium,visible_datetime,"#509[5s0]が#523[K4TR]領有中のLV.3都市 #523(449,349)を攻撃し、陣営のために破壊宝箱x10を 勝ち取りました 2026-6-6 04:36:32"
frame_0192.png,history_modal,2026/06/06 04:36:13,#480,AAOA,5Va,#511,849,849,1,,都市,都市,destroy,破壊,medium,visible_datetime,"#480[AAOA]が#511[5Va]領有中のLV.1都市 #511(849,849)を攻撃し、陣営のために破壊宝箱x2を勝 ち取りました 2026-6-6 04:36:13"
frame_0192.png,history_modal,2026/06/06 04:36:32,#509,SsQ,K4TR,#523,449,349,3,,都市,都市,destroy,破壊,medium,visible_datetime,"#509[5s0]が#523[K4TR]領有中のLV.3都市 #523(449,349)を攻撃し、陣営のために破壊宝箱x10を 勝ち取りました 2026-6-6 04:36:32"
frame_0192.png,history_modal,2026/06/06 04:39:29,#509,5sq,5DU,#523,649,349,3,,都市,都市,destroy,破壊,medium,visible_datetime,"#509[5sq]が#523[5DU]領有中のLV.3都市#523(649,349)を 攻撃し、陣営のために破壊宝箱＊10を勝ち取りました 2026-6-6 04:39:29"
frame_0192.png,history_modal,2026/06/06 04:41:42,#534,4tH,PmP,#480,149,249,1,,都市,都市,destroy,破壊,medium,visible_datetime,"#534[4tH]が#480[PmP]領有中のLV.1都市 #480(149,249)を攻撃し、陣営のために破壊宝箱x2を勝 ち取りました 2026-6-6 04:41:42"
frame_0193.png,history_modal,2026/06/06 04:39:29,#509,SsQ,50u,#523,649,349,3,,都市,都市,destroy,破壊,medium,visible_datetime,"#509[5s0]が#523[50u]領有中のLV.3都市#523(649,349)を 攻撃し、陣営のために破壊宝額x10を勝ち取りました 2026-6-6 04:39:29"
frame_0193.png,history_modal,2026/06/06 04:41:42,#534,4tH,PmP,#480,149,249,1,,都市,都市,destroy,破壊,medium,visible_datetime,"#534[4tH]が#480[PmP]領有中のLV.1都市 #480(149,249)を攻撃し、陣営のために破壊宝箱xを勝 ち取りました 2026-6-6 04:41:42"
frame_0193.png,history_modal,2026/06/06 04:43:21,#534,4tH,PmP,#480,49,249,1,,都市,都市,destroy,破壊,medium,visible_datetime,"#534[4tH]が#480[PmP]領有中のLV.1都市#480(49,249)を 攻撃し、陣営のために破壊宝額xを勝ち取りました 2026-6-6 04:43:21"
frame_0194.png,history_modal,2026/06/06 04:39:29,#509,SsQ,5Du,#523,649,349,3,,都市,都市,destroy,破壊,medium,visible_datetime,"#509[5s0]が#523[5Du]領有中のLV.3都市#523(649,349)を 攻撃し、陣営のために破壊宝箱x10を勝ち取りました 2026-6-6 04:39:29"
frame_0194.png,history_modal,2026/06/06 04:41:42,#534,4tH,PmP,#480,149,249,1,,都市,都市,destroy,破壊,medium,visible_datetime,"#534[4tH]が#480[PmP]領有中のLV.1都市 #480(149,249)を攻撃し、陣営のために破壊宝箱x2を勝 ち取りました 2026-6-6 04:41:42"
frame_0195.png,history_modal,2026/06/06 04:43:21,#534,4tH,PmP,#480,49,249,1,,都市,都市,destroy,破壊,medium,visible_datetime,"#534[4tH]が#480[PmP]領有中のLV.1都市#480(49,249)を 攻撃し、陣営のために破壊宝箱xを勝ち取りました 2026-6-6 04:43:21"
frame_0195.png,history_modal,2026/06/06 12:01:40,#503,GX99,FHX,#509,649,349,3,,都市,都市,destroy,破壊,medium,visible_datetime,"#503[GX99が#509[FHX]領有中のLV.3都市 #509(649,349)を攻撃し、陣営のために破壊宝箱x10を 勝ち取りました 2026-6-6 12:01:40"
frame_0196.png,history_modal,2026/06/06 10:35:19,#523,5DU,,#511,249,349,2,,都市,都市,destroy,破壊,medium,visible_datetime,"#523[5DUが#511領有中のLv.2都市#511(249,349)を 攻撃し、陣営のために破壊宝箱x5を勝ち取りました 2026-6-6 10:35:19"
frame_0197.png,history_modal,2026/06/06 10:35:19,#523,5DU,,#511,249,349,2,,都市,都市,destroy,破壊,medium,visible_datetime,"#523[5DUが#511領有中のLV.2都市#511(249,349)を 攻撃し、陣営のために破壊宝箱x5をち取りました 2026-6-6 10:35:19"
frame_0197.png,history_modal,2026/06/06 12:01:40,#503,GX99,FHX,#509,649,349,3,,都市,都市,destroy,破壊,medium,visible_datetime,"#503[GX99]が#509[FHX]領有中のLv.3都市 #509(649,349)を攻撃し、陣営のために破壊宝箱x10を 勝ち取りました 2026-6-6 12:01:40"
frame_0197.png,history_modal,2026/06/06 12:10:44,#503,one,AoW,#509,849,149,1,,都市,都市,destroy,破壊,medium,visible_datetime,"#503[one]が#509[AoW]領有中のLv.1都市 #509(849,149)を攻撃し、陣営のために破壊宝箱xを勝 ち取りました 2026-6-6 12:10:44"
frame_0198.png,history_modal,2026/06/06 12:01:40,#503,GX99,FHX,#509,649,349,3,,都市,都市,destroy,破壊,medium,visible_datetime,"#503[GX99が#509[FHX]領有中のLV.3都市 #509(649,349)を攻撃し、陣営のために破壊宝箱x10を 勝ち取りました 2026-6-6 12:01:40"
frame_0198.png,history_modal,2026/06/06 12:10:44,#503,one,AoW,#509,849,149,1,,都市,都市,destroy,破壊,medium,visible_datetime,"#503[oneが#509[AoW]領有中のLV.1都市 #509(849,149)を攻撃し、陣宮のために破壊宝箱xを勝 ち取りました 2026-6-6 12:10:44"
frame_0199.png,history_modal,2026/06/06 12:14:04,#476,476X,RGWC,#534,449,749,2,,都市,都市,destroy,破壊,medium,visible_datetime,"#476[476X]が#534[RGWC]領有中のLv.2都市 #534(449,749)を攻撃し、陣営のために破壊宝額*5を勝 ち取りました 2026-6-6 12:14:04"
frame_0199.png,history_modal,2026/06/06 12:14:58,#476,476A,MOn,#509,449,649,3,,都市,都市,destroy,破壊,medium,visible_datetime,"#476[476Aが#509[MOn]領有中のLV.3都市 #509(449,649)を攻撃し、陣営のために破壊宝箱*10を 勝ち取りました 2026-6-6 12:14:58"
frame_0199.png,history_modal,2026/06/06 12:19:10,#534,JDX,TkTk,#480,349,949,1,,都市,都市,destroy,破壊,medium,visible_datetime,"#534[DX]が#480[TkTk]領有中のLV.1都市 #480(349,949)を攻撃し、陣営のために破壊宝額xを勝 ち取りました 2026-6-6 12:19:10"
frame_0199.png,history_modal,2026/06/06 12:21:18,#503,fzn,TaW,#440,949,849,1,,都市,都市,destroy,破壊,medium,visible_datetime,"#503[fzn]が#440[TaW]領有中のLV.1都市#440(949,849)を 攻撃し、陣営のために破壊宝箱xを勝ち取りました 2026-6-6 12:21:18"
frame_0200.png,history_modal,2026/06/06 12:19:10,#534,JDX,TkTk,#480,349,949,1,,都市,都市,destroy,破壊,medium,visible_datetime,"#534[DX]が#480[TkTk]領有中のLV.1都市 #480(349,949)を攻撃し、陣営のために破壊宝箱xを勝 ち取りました 2026-6-6 12:19:10"
frame_0200.png,history_modal,2026/06/06 12:19:14,#476,476X,Dao,#534,549,749,2,,都市,都市,destroy,破壊,medium,visible_datetime,"#476[476X]が#534[Dao]領有中のLV.2都市 #534(549,749)を攻撃し、陣営のために破壊宝箱x5を勝 ち取りました 2026-6-6 12:19:14"
frame_0200.png,history_modal,2026/06/06 12:21:34,#509,MOn,MtG,#480,49,949,1,,都市,都市,destroy,破壊,medium,visible_datetime,"#509[MOn]が#480[MtG]領有中のLV.1都市#480(49,949)を 攻撃し、陣営のために破壊宝額x2を勝ち取りました 2026-6-6 12:21:34"
frame_0201.png,history_modal,2026/06/06 12:19:10,#534,JDX,TkTk,#480,349,949,1,,都市,都市,destroy,破壊,medium,visible_datetime,"#534[IDX]が#480[TkTk]領有中のLV.1都市 #480(349,949)を攻撃し、陣営のために破壊宝箱xを勝 ち取りました 2026-6-6 12:19:10"
frame_0201.png,history_modal,2026/06/06 12:19:14,#476,475X,0ao,#534,549,749,2,,都市,都市,destroy,破壊,medium,visible_datetime,"#476[475X]が#534[0ao]領有中のLV.2都市 #534(549,749)を攻撃し、陣営のために破壊宝箱x5を勝 ち取りました 2026-6-6 12:19:14"
frame_0201.png,history_modal,2026/06/06 12:21:18,#503,fzn,TaW,#440,949,849,1,,都市,都市,destroy,破壊,medium,visible_datetime,"#503[fzn]が#440[TaW]領有中のLV.1都市#440(949,849)を 攻撃し、陣営のために破壊宝箱xを勝ち取りました 2026-6-6 12:21:18"
frame_0201.png,history_modal,2026/06/06 12:21:34,#509,MOn,MtG,#480,49,949,1,,都市,都市,destroy,破壊,medium,visible_datetime,"#509[MOn]が#480[MtG]領有中のLV.1都市#480(49,949)を 攻撃し、陣営のために破壊宝額xを勝ち取りました 2026-6-6 12:21:34"
frame_0201.png,history_modal,2026/06/06 12:23:21,#509,BHE,MtG,#480,149,949,1,,都市,都市,destroy,破壊,medium,visible_datetime,"#509[BHE]が#480[MtG]領有中のLV.1都市 #480(149,949)を攻撃し、陣営のために破壊宝着xを勝 ち取りました 2026-6-6 12:23:21"
frame_0202.png,history_modal,2026/06/06 12:21:34,#509,MOn,MtG,#480,49,949,1,,都市,都市,destroy,破壊,medium,visible_datetime,"#509[MOn]が#480[MtG]領有中のLV.1都市#480(49,949)を 攻撃し、陣営のために破壊宝箱＊を勝ち取りました 2026-6-6 12:21:34"
frame_0202.png,history_modal,2026/06/06 12:23:21,#509,BHE,MtG,#480,149,949,1,,都市,都市,destroy,破壊,medium,visible_datetime,"#509[BHE]が#480[MtG]領有中のLV.1都市 #480(149,949)を攻撃し、陣営のために破壊宝箱x2を勝 ち取りました 2026-6-6 12:23:21"
frame_0202.png,history_modal,2026/06/06 12:24:04,#476,476d,tWD,#509,249,249,2,,都市,都市,destroy,破壊,medium,visible_datetime,"#476[476d]が#509[tWD]領有中のLV.2都市 #509(249,249)を攻撃し、陣営のために破壊宝箱x5を勝 ち取りました 2026-6-6 12:24:04"
frame_0202.png,history_modal,2026/06/06 12:29:36,#476,476M1,,#440,149,249,1,,都市,都市,destroy,破壊,medium,visible_datetime,"#476[476M1が#440領有中のLV.1都市#440(149,249)を 攻撃し、陣営のために破壊宝箱xを勝ち取りました 2026-6-6 12:29:36"
frame_0203.png,history_modal,2026/06/06 12:23:21,#509,BHE,MtG,#480,149,949,1,,都市,都市,destroy,破壊,medium,visible_datetime,"#509[BHE]が#480[MtG]領有中のLV.1都市 #480(149,949)を攻撃し、陣営のために破壊宝箱xを勝 ち取りました 2026-6-6 12:23:21"
frame_0203.png,history_modal,2026/06/06 12:29:36,#476,476M,,#440,149,249,1,,都市,都市,destroy,破壊,medium,visible_datetime,"#476[476M]が#440領有中のLV.1都市#440(149,249)を 攻撃し、陣営のために破壊宝箱xを勝ち取りました 2026-6-6 12:29:36"
frame_0203.png,history_modal,2026/06/06 12:34:05,#503,Lghs,GoDs,#440,249,349,2,,都市,都市,destroy,破壊,medium,visible_datetime,"#503[Lghs]が#440[GoDs]領有中のLV.2都市 #440(249,349)を攻撃し、陣営のために破壊宝箱x5を勝 ち取りました 2026-6-6 12:34:05"
frame_0203.png,history_modal,2026/06/06 12:35:17,#476,476M,IMP,#440,49,449,1,,都市,都市,destroy,破壊,medium,visible_datetime,"#476[476M]が#440[IMp]領有中のLV.1都市 #440(49,449)を攻撃し、陣営のために破壊宝箱xを勝 ち取りました 2026-6-6 12:35:17"
frame_0204.png,history_modal,2026/06/06 12:29:36,#476,476M,,#440,149,249,1,,都市,都市,destroy,破壊,medium,visible_datetime,"#476[476M]が#440領有中のLV.1都市#440(149,249)を 攻撃し、陣営のために破壊宝箱xを勝ち取りました 2026-6-6 12:29:36"
frame_0205.png,history_modal,2026/06/06 12:35:17,#476,476M,IMP,#440,49,449,1,,都市,都市,destroy,破壊,medium,visible_datetime,"#476[476M]が#440[IMp]領有中のLV.1都市 #440(49,449)を攻撃し、陣営のために破壊宝額＊を勝 ち取りました 2026-6-6 12:35:17"
frame_0205.png,history_modal,2026/06/06 12:46:26,#503,fzn,TrX,#440,949,549,1,,都市,都市,destroy,破壊,medium,visible_datetime,"#503[fzn]が#440[TrX]領有中のLV.1都市#440(949,549)を 攻撃し、陣営のために破壊宝箱xを勝ち取りました 2026-6-6 12:46:26"
frame_0206.png,history_modal,2026/06/06 12:40:34,#476,4762,TRh,#534,649,149,1,,都市,都市,destroy,破壊,medium,visible_datetime,"#476[4762]が#534[Trh]領有中のLV.1都市#534(649,149)を 攻撃し、陣営のために破壊宝箱xを勝ち取りました 2026-6-6 12:40:34"
frame_0206.png,history_modal,2026/06/06 12:41:30,#503,TIKW,GcC,#440,449,849,1,,都市,都市,destroy,破壊,medium,visible_datetime,"#503[TIKWが#440[Gcc]領有中のLV.1都市 #440(449,849)を攻撃し、陣営のために破壊宝箱xを勝 ち取りました 2026-6-6 12:41:30"
frame_0206.png,history_modal,2026/06/06 12:46:26,#503,fzn,TrX,#440,949,549,1,,都市,都市,destroy,破壊,medium,visible_datetime,"#503[fzn]が#440[TrX]領有中のLV.1都市#440(949,549)を 攻撃し、陣営のために破壊宝箱x2を勝ち取りました 2026-6-6 12:46:26"
frame_0206.png,history_modal,2026/06/06 20:02:53,#476,476,89M,#534,549,549,3,,都市,都市,destroy,破壊,medium,visible_datetime,"#476[476]が#534[89M]領有中のLV.3都市 #534(549,549)を攻撃し、陣営のために破壊宝箱x10を 勝ち取りました 2026-6-6 20:02:53"
frame_0207.png,history_modal,2026/06/06 12:46:26,#503,fzn,TrX,#440,949,549,1,,都市,都市,destroy,破壊,medium,visible_datetime,"#503[fzn]が#440[TrX]領有中のLV.1都市#440(949,549)を 攻撃し、陣営のために破壊宝箱xを勝ち取りました 2026-6-6 12:46:26"
frame_0208.png,history_modal,2026/06/06 20:04:11,#503,299,TrX,#440,949,649,1,,都市,都市,destroy,破壊,medium,visible_datetime,"#503[299]が#440[TrX]領有中のLV.1都市#440(949,649)を 攻撃し、陣営のために破壊宝箱xを勝ち取りました 2026-6-6 20:04:11"
frame_0208.png,history_modal,2026/06/06 20:19:43,#440,G0Ds,0igg,#480,49,549,1,,都市,都市,destroy,破壊,medium,visible_datetime,"#440[G0Dsが#480[0igg]領有中のLV.1都市 #480(49,549)を攻撃し、陣営のために破壊宝箱xを勝 ち取りました 2026-6-6 20:19:43"
frame_0209.png,history_modal,2026/06/06 20:19:43,#440,GoDs,Digg,#480,49,549,1,,都市,都市,destroy,破壊,medium,visible_datetime,"#440[GoDs]が#480[Digg]領有中のLV.1都市 #480(49,549)を攻撃し、陣営のために破壊宝箱x2を勝 ち取りました 2026-6-6 20:19:43"
frame_0210.png,history_modal,2026/06/06 20:18:03,#476,476A,BAJ,#440,649,649,3,,都市,都市,destroy,破壊,medium,visible_datetime,"#476[476Aが#440[BAJ]領有中のLV.3都市 #440(649,649)を攻撃し、陣営のために破壊宝箱*10を 勝ち取りました 2026-6-6 20:18:03"
frame_0210.png,history_modal,2026/06/06 20:19:43,#440,G0Ds,0igg,#480,49,549,1,,都市,都市,destroy,破壊,medium,visible_datetime,"#440[G0Ds]が#480[0igg]領有中のLV.1都市 #480(49,549)を攻撃し、陣営のために破壊宝箱xを勝 ち取りました 2026-6-6 20:19:43"
frame_0210.png,history_modal,2026/06/06 20:25:49,#476,476C,KTVS,#534,749,449,2,,都市,都市,destroy,破壊,medium,visible_datetime,"#476[476c]が#534[KTVS]領有中のLV.2都市 #534(749,449)を攻撃し、陣営のために破壊宝箱x5を勝 ち取りました 2026-6-6 20:25:49"
frame_0210.png,history_modal,2026/06/06 20:26:49,#476,476d,tWD,#509,149,249,1,,都市,都市,destroy,破壊,medium,visible_datetime,"#476[476d]が#509[tWD]領有中のLV.1都市 #509(149,249)を攻撃し、陣営のために破壊宝箱xを勝 ち取りました 2026-6-6 20:26:49"
frame_0210.png,history_modal,2026/06/06 20:27:43,#476,476C,KTVS,#534,749,349,2,,都市,都市,destroy,破壊,medium,visible_datetime,"#476[476C]が#534[KTVS]領有中のLV.2都市 #534(749,349)を攻撃し、陣営のために破壊宝箱x5を勝 ち取りました 2026-6-6 20:27:43"
frame_0211.png,history_modal,2026/06/06 20:27:43,#476,476C,KTVS,#534,749,349,2,,都市,都市,destroy,破壊,medium,visible_datetime,"#476[476c]が#534[KTVS]領有中のLV.2都市 #534(749,349)を攻撃し、陣営のために破壊宝箱x5を勝 ち取りました 2026-6-6 20:27:43"
frame_0211.png,history_modal,2026/06/06 20:30:36,#534,89M,Digg,#480,149,549,1,,都市,都市,destroy,破壊,medium,visible_datetime,"#534[89M]が#480[Digg]領有中のLV.1都市 #480(149,549)を攻撃し、陣営のために破壊宝箱xを勝 ち取りました 2026-6-6 20:30:36"
frame_0212.png,history_modal,2026/06/06 20:27:43,#476,476C,KTVS,#534,749,349,2,,都市,都市,destroy,破壊,medium,visible_datetime,"#476[476C]が#534[KTVS]領有中のLv.2都市 #534(749,349)を攻撃し、陣営のために破壊宝箱x5を勝 ち取りました 2026-6-6 20:27:43"
frame_0212.png,history_modal,2026/06/10 00:01:57,#480,Wbu,,#511,949,249,1,,都市,都市,destroy,破壊,medium,visible_datetime,"#480[Wbuが#511領有中のLV.1都市#511(949,249)を 攻撃し、陣営のために破壊宝箱xを勝ち取りました 2026-6-10 00:01:57"
frame_0213.png,history_modal,2026/06/06 21:05:05,#476,476K,,#440,649,849,1,,都市,都市,destroy,破壊,medium,visible_datetime,"#476[476k]が#440領有中のLV.1都市#440(649,849)を 攻撃し、陣営のために破壊宝箱xを勝ち取りました 2026-6-6 21:05:05"
frame_0213.png,history_modal,2026/06/10 00:01:57,#480,WbW,,#511,949,249,1,,都市,都市,destroy,破壊,medium,visible_datetime,"#480[WbWが#511領有中のLV.1都市#511(949,249)を 攻撃し、陣営のために破壊宝箱xを勝ち取りました 2026-6-10 00:01:57"
frame_0214.png,history_modal,2026/06/10 04:03:11,#534,4tH,PmP,#480,149,449,1,,都市,都市,destroy,破壊,medium,visible_datetime,"#534[4tH]が#480[PmP]領有中のLV.1都市 #480(149,449)を攻撃し、陣営のために破壊宝額xを勝 ち取りました 2026-6-10 04:03:11"
frame_0215.png,history_modal,2026/06/10 00:10:03,#480,CDf8,,#440,349,749,2,,都市,都市,destroy,破壊,medium,visible_datetime,"#480[CDf8が#440領有中のLV.2都市#440(349,749)を 攻撃し、陣営のために破壊宝箱x5を勝ち取りました 2026-6-10 00:10:03"
frame_0215.png,history_modal,2026/06/10 04:02:51,#480,WbW,5Va,#511,849,449,1,,都市,都市,destroy,破壊,medium,visible_datetime,"#480[WbWが#511[5Va]領有中のLV.1都市 #511(849,449)を攻撃し、陣営のために破壊宝箱x2を勝 ち取りました 2026-6-10 04:02:51"
frame_0215.png,history_modal,2026/06/10 04:03:11,#534,4tH,PmP,#480,149,449,1,,都市,都市,destroy,破壊,medium,visible_datetime,"#534[4tH]が#480[PmP]領有中のLV.1都市 #480(149,449)を攻撃し、陣営のために破壊宝箱x2を勝 ち取りました 2026-6-10 04:03:11"
frame_0216.png,history_modal,2026/06/10 04:03:11,#534,4tH,PmP,#480,149,449,1,,都市,都市,destroy,破壊,medium,visible_datetime,"#534[4tH]が#480[PmP]領有中のLV.1都市 #480(149,449)を攻撃し、陣営のために破壊宝箱xを勝 ち取りました 2026-6-10 04:03:11"
frame_0216.png,history_modal,2026/06/10 04:03:18,#440,TaW,PmP,#480,49,149,1,,都市,都市,destroy,破壊,medium,visible_datetime,"#440[TaWが#480[PmP]領有中のLV.1都市 #480(49,149)を攻撃し、陣営のために破壊宝箱xを勝 ち取りました 2026-6-10 04:03:18"
frame_0216.png,history_modal,2026/06/10 04:06:11,#534,4tH,PmP,#480,49,349,1,,都市,都市,destroy,破壊,medium,visible_datetime,"#534[4tH]が#480[PmP]領有中のLV.1都市#480(49,349)を 攻撃し、陣営のために破壊宝箱xを勝ち取りました 2026-6-10 04:06:11"
frame_0216.png,history_modal,2026/06/10 04:07:33,#440,TaW,PmP,#480,149,349,1,,都市,都市,destroy,破壊,medium,visible_datetime,"#440[TaWが#480[PmP]領有中のLV.1都市 #480(149,349)を攻撃し、陣営のために破壊宝箱x2を勝 ち取りました 2026-6-10 04:07:33"
frame_0217.png,history_modal,2026/06/10 04:07:33,#440,TaW,PmP,#480,149,349,1,,都市,都市,destroy,破壊,medium,visible_datetime,"#440[TaWが#480[PmP]領有中のLV.1都市 #480(149,349)を攻撃し、陣営のために破壊宝箱xを勝 ち取りました 2026-6-10 04:07:33"
frame_0217.png,history_modal,2026/06/10 04:09:58,#534,KTVS,TkTk,#480,49,649,1,,都市,都市,destroy,破壊,medium,visible_datetime,"#534[KTVS]が#480[TkTk]領有中のLV.1都市 #480(49,649)を攻撃し、陣営のために破壊宝額*2を勝 ち取りました 2026-6-10 04:09:58"
frame_0217.png,history_modal,2026/06/10 04:10:45,#509,SsQ,K4TR,#523,349,349,3,,都市,都市,destroy,破壊,medium,visible_datetime,"#509[5s0]が#523[K4TR]領有中のLV.3都市 #523(349,349)を攻撃し、陣営のために破壊宝箱x10を 勝ち取りました 2026-6-10 04:10:45"
frame_0218.png,history_modal,2026/06/10 04:09:58,#534,KTVS,TkTk,#480,49,649,1,,都市,都市,destroy,破壊,medium,visible_datetime,"#534[KTVS]が#480[TkTk]領有中のLV.1都市 #480(49,649)を攻撃し、陣営のために破壊宝箱xを勝 ち取りました 2026-6-10 04:09:58"
frame_0218.png,history_modal,2026/06/10 04:09:58,#534,JDX,K4TR,#523,349,249,2,,都市,都市,destroy,破壊,medium,visible_datetime,"#534[DX]が#523[K4TR]領有中のLV.2都市 #523(349,249)を攻撃し、陣営のために破壊宝箱*5を勝 ち取りました 2026-6-10 04:09:58"
frame_0218.png,history_modal,2026/06/10 04:10:45,#509,SsQ,K4TR,#523,349,349,3,,都市,都市,destroy,破壊,medium,visible_datetime,"#509[5s0]が#523[K4TR]領有中のLV.3都市 #523(349,349)を攻撃し、陣営のために破壊宝額*10を 勝ち取りました 2026-6-10 04:10:45"
frame_0219.png,history_modal,2026/06/10 04:09:58,#534,KTVS,TkTk,#480,49,649,1,,都市,都市,destroy,破壊,medium,visible_datetime,"#534[KTVSが#480[TkTk]領有中のLV.1都市 #480(49,649)を攻撃し、陣営のために破壊宝箱xを勝 ち取りました 2026-6-10 04:09:58"
frame_0219.png,history_modal,2026/06/10 04:10:45,#509,SsQ,K4TR,#523,349,349,3,,都市,都市,destroy,破壊,medium,visible_datetime,"#509[5s0]が#523[K4TR]領有中のLV.3都市 #523(349,349)を攻撃し、陣営のために破壊宝箱*10を 勝ち取りました 2026-6-10 04:10:45"
frame_0219.png,history_modal,2026/06/10 04:16:14,#523,fIrE,JL2,#511,249,849,1,,都市,都市,destroy,破壊,medium,visible_datetime,"#523[fIrEが#511[JL2]領有中のLV.1都市#511(249,849)を 攻撃し、陣営のために破壊宝箱x2を勝ち取りました 2026-6-10 04:16:14"
frame_0219.png,history_modal,2026/06/10 04:19:45,#523,fIrE,1L2,#511,349,849,1,,都市,都市,destroy,破壊,medium,visible_datetime,"#523[fIrE]が#511[1L2]領有中のLV.1都市#511(349,849)を 攻撃し、陣営のために破壊宝箱x2を勝ち取りました 2026-6-10 04:19:45"
frame_0221.png,history_modal,2026/06/10 04:25:30,#523,WUG,O,#511,149,649,1,,都市,都市,destroy,破壊,medium,visible_datetime,"#523[WUG]が#511[O]領有中のLV.1都市#511(149,649)を 攻撃し、陣営のために破壊宝箱xを勝ち取りました 2026-6-10 04:25:30"
frame_0221.png,history_modal,2026/06/10 04:28:23,#523,WUG,sbM,#511,549,149,1,,都市,都市,destroy,破壊,medium,visible_datetime,"#523[WUG]が#511[sbM]領有中のLV.1都市#511(549,149)を 攻撃し、陣営のために破壊宝額xを勝ち取りました 2026-6-10 04:28:23"
frame_0221.png,history_modal,2026/06/10 04:30:34,#511,2N7,K4TR,#523,449,249,2,,都市,都市,destroy,破壊,medium,visible_datetime,"#511[2N7]が#523[K4TR]領有中のLV.2都市 #523(449,249)を攻撃し、陣営のために破壊宝箱x5を勝 ち取りました 2026-6-10 04:30:34"
frame_0221.png,history_modal,2026/06/10 04:40:46,#534,89M,TkTk,#480,149,649,1,,都市,都市,destroy,破壊,medium,visible_datetime,"#534[89M]が#480[TkTk]領有中のLV.1都市 #480(149,649)を攻撃し、陣営のために破壊宝箱xを勝 ち取りました 2026-6-10 04:40:46"
frame_0222.png,history_modal,2026/06/10 04:30:34,#511,2N7,K4TR,#523,449,249,2,,都市,都市,destroy,破壊,medium,visible_datetime,"#511[2N7]が#523[K4TR]領有中のLv.2都市 #523(449,249)を攻撃し、陣営のために破壊宝箱x5を勝 ち取りました 2026-6-10 04:30:34"
frame_0222.png,history_modal,2026/06/10 04:40:46,#534,89M,TkTk,#480,149,649,1,,都市,都市,destroy,破壊,medium,visible_datetime,"#534[89M]が#480[TkTk]領有中のLV.1都市 #480(149,649)を攻撃し、陣営のために破壊宝箱x2を勝 ち取りました 2026-6-10 04:40:46"
frame_0223.png,history_modal,2026/06/10 04:25:30,#523,WUG,O,#511,149,649,1,,都市,都市,destroy,破壊,medium,visible_datetime,"#523[WUG]が#511[O]領有中のLV.1都市#511(149,649)を 攻撃し、陣営のために破壊宝箱xを勝ち取りました 2026-6-10 04:25:30"
frame_0223.png,history_modal,2026/06/10 04:28:23,#523,WUG,sbM,#511,549,149,1,,都市,都市,destroy,破壊,medium,visible_datetime,"#523[WUG]が#511[sbM]領有中のLV.1都市#511(549,149)を 攻撃し、陣営のために破壊宝額＊を勝ち取りました 2026-6-10 04:28:23"
frame_0223.png,history_modal,2026/06/10 04:30:34,#511,2N7,K4TR,#523,449,249,2,,都市,都市,destroy,破壊,medium,visible_datetime,"#511[2N7]が#523[K4TR]領有中のLV.2都市 #523(449,249)を攻撃し、陣営のために破壊宝箱x5を勝 ち取りました 2026-6-10 04:30:34"
frame_0223.png,history_modal,2026/06/10 04:40:46,#534,89M,TkTk,#480,149,649,1,,都市,都市,destroy,破壊,medium,visible_datetime,"#534[89M]が#480[TkTk]領有中のLV.1都市 #480(149,649)を攻撃し、陣営のために破壊宝箱x2を勝 ち取りました 2026-6-10 04:40:46"
frame_0223.png,history_modal,2026/06/10 12:03:48,#509,FHX,NBNH,#523,649,549,3,,都市,都市,destroy,破壊,medium,visible_datetime,"#509[FHX]が#523[NBNH]領有中のLV.3都市 #523(649,549)を攻撃し、陣営のために破壊宝箱＊10を 勝ち取りました 2026-6-10 12:03:48"
frame_0224.png,history_modal,2026/06/10 04:40:46,#534,89M,TkTk,#480,149,649,1,,都市,都市,destroy,破壊,medium,visible_datetime,"#534[89M]が#480[TkTk]領有中のLV.1都市 #480(149,649)を攻撃し、陣営のために破壊宝箱xを勝 ち取りました 2026-6-10 04:40:46"
frame_0224.png,history_modal,2026/06/10 12:03:48,#509,FHX,NBNH,#523,649,549,3,,都市,都市,destroy,破壊,medium,visible_datetime,"#509[FHX]が#523[NBNH]領有中のLV.3都市 #523(649,549)を攻撃し、陣営のために破壊宝箱x10を 勝ち取りました 2026-6-10 12:03:48"
frame_0224.png,history_modal,2026/06/10 12:05:42,#511,2N7,EDFS,#523,249,249,2,,都市,都市,destroy,破壊,medium,visible_datetime,"#511[2N7]が#523[EDFS]領有中のLV.2都市#523(249,249)を 攻撃し、陣営のために破壊宝箱x5を勝ち取りました 2026-6-10 12:05:42"
frame_0224.png,history_modal,2026/06/10 12:05:47,#440,BAJ,NBNH,#523,649,449,3,,都市,都市,destroy,破壊,medium,visible_datetime,"#440[BAが#523[NBNH]領有中のLV.3都市 #523(649,449)を攻撃し、陣営のために破壊宝箱x10を 勝ち取りました 2026-6-10 12:05:47"
frame_0224.png,history_modal,2026/06/10 12:06:50,#440,GoDs,5Du,#523,749,249,2,,都市,都市,destroy,破壊,medium,visible_datetime,"#440[GoDs]が#523[5Du]領有中のLV.2都市 #523(749,249)を攻撃し、陣営のために破壊宝箱x5を勝 ち取りました 2026-6-10 12:06:50"
frame_0225.png,history_modal,2026/06/10 12:05:42,#511,2N7,EDFS,#523,249,249,2,,都市,都市,destroy,破壊,medium,visible_datetime,"#511[2N7]が#523[EDFS]領有中のLv.2都市#523(249,249)を 攻撃し、陣営のために破壊宝箱x5を勝ち取りました 2026-6-10 12:05:42"
frame_0225.png,history_modal,2026/06/10 12:05:47,#440,BAJ,NBNH,#523,649,449,3,,都市,都市,destroy,破壊,medium,visible_datetime,"#440[BAJが#523[NBNH]領有中のLV.3都市 #523(649,449)を攻撃し、陣営のために破壊宝箱x10を 勝ち取りました 2026-6-10 12:05:47"
frame_0225.png,history_modal,2026/06/10 12:06:50,#440,GoDs,5Du,#523,749,249,2,,都市,都市,destroy,破壊,medium,visible_datetime,"#440[GoDs]が#523[5Du]領有中のLV.2都市 #523(749,249)を攻撃し、陣営のために破壊宝箱x5を勝 ち取りました 2026-6-10 12:06:50"
frame_0225.png,history_modal,2026/06/10 12:08:21,#440,BAJ,NBNH,#523,749,449,2,,都市,都市,destroy,破壊,medium,visible_datetime,"#440[BAが#523[NBNH]領有中のLv.2都市 #523(749,449)を攻撃し、陣営のために破壊宝箱x5を勝 ち取りました 2026-6-10 12:08:21"
frame_0226.png,history_modal,2026/06/10 12:05:42,#511,2N7,EDFS,#523,249,249,2,,都市,都市,destroy,破壊,medium,visible_datetime,"#511[2N7]が#523[EDFS]領有中のLv.2都市#523(249,249)を 攻撃し、陣営のために破壊宝箱x5を勝ち取りました 2026-6-10 12:05:42"
frame_0226.png,history_modal,2026/06/10 12:05:47,#440,BAJ,NBNH,#523,649,449,3,,都市,都市,destroy,破壊,medium,visible_datetime,"#440[BAが#523[NBNH]領有中のLV.3都市 #523(649,449)を攻撃し、陣営のために破壊宝箱x10を 勝ち取りました 2026-6-10 12:05:47"
frame_0226.png,history_modal,2026/06/10 12:06:50,#440,GoDs,5DU,#523,749,249,2,,都市,都市,destroy,破壊,medium,visible_datetime,"#440[GoDs]が#523[5DU]領有中のLV.2都市 #523(749,249)を攻撃し、陣営のために破壊宝箱x5を勝 ち取りました 2026-6-10 12:06:50"
frame_0226.png,history_modal,2026/06/10 12:08:21,#440,BAJ,NBNH,#523,749,449,2,,都市,都市,destroy,破壊,medium,visible_datetime,"#440[BAが#523[NBNH]領有中のLv.2都市 #523(749,449)を攻撃し、陣営のために破壊宝箱x5を勝 ち取りました 2026-6-10 12:08:21"
frame_0228.png,history_modal,2026/06/10 12:08:21,#440,BAJ,NBNH,#523,749,449,2,,都市,都市,destroy,破壊,medium,visible_datetime,"#440[BAが#523[NBNH]領有中のLv.2都市 #523(749,449)を攻撃し、陣営のために破壊宝箱x5を勝 ち取りました 2026-6-10 12:08:21"
frame_0228.png,history_modal,2026/06/10 12:11:54,#476,476A,GcC,#440,649,549,3,,都市,都市,destroy,破壊,medium,visible_datetime,"#476[476A]が#440[Gcc]領有中のLV.3都市 #440(649,549)を攻撃し、陣営のために破壊宝箱x10を 勝ち取りました 2026-6-10 12:11:54"
frame_0229.png,history_modal,2026/06/10 12:08:21,#440,BAJ,NBNH,#523,749,449,2,,都市,都市,destroy,破壊,medium,visible_datetime,"#440[BAが#523[NBNH]領有中のLv.2都市 #523(749,449)を攻撃し、陣営のために破壊宝箱x5を勝 ち取りました 2026-6-10 12:08:21"
frame_0229.png,history_modal,2026/06/10 12:11:54,#476,476A,GcC,#440,649,549,3,,都市,都市,destroy,破壊,medium,visible_datetime,"#476[476A]が#440[Gcc]領有中のLV.3都市 #440(649,549)を攻撃し、陣営のために破壊宝箱＊10を 勝ち取りました 2026-6-10 12:11:54"
frame_0229.png,history_modal,2026/06/10 12:13:00,#503,GX99,FHX,#509,649,549,3,,都市,都市,destroy,破壊,medium,visible_datetime,"#503[GX99が#509[FHX]領有中のLV.3都市 #509(649,549)を攻撃し、陣営のために破壊宝箱x10を 勝ち取りました 2026-6-10 12:13:00"
frame_0229.png,history_modal,2026/06/10 12:14:16,#440,GoDs,5DU,#523,749,349,2,,都市,都市,destroy,破壊,medium,visible_datetime,"#440[GoDs]が#523[5DU]領有中のLV.2都市 #523(749,349)を攻撃し、陣営のために破壊宝箱x5を勝 ち取りました 2026-6-10 12:14:16"
frame_0230.png,history_modal,2026/06/10 12:11:54,#476,476A,GcC,#440,649,549,3,,都市,都市,destroy,破壊,medium,visible_datetime,"#476[476Aが#440[Gcc]領有中のLV.3都市 #440(649,549)を攻撃し、陣営のために破壊宝額＊10を 勝ち取りました 2026-6-10 12:11:54"
frame_0230.png,history_modal,2026/06/10 12:13:00,#503,GX99,FHX,#509,649,549,3,,都市,都市,destroy,破壊,medium,visible_datetime,"#503[GX99が#509[FHX]領有中のLV.3都市 #509(649,549)を攻撃し、陣営のために破壊宝箱x10を 勝ち取りました 2026-6-10 12:13:00"
frame_0230.png,history_modal,2026/06/10 12:13:17,#476,476,BAJ,#440,349,449,3,,都市,都市,destroy,破壊,medium,visible_datetime,"#476[476]が#440[BAJ]領有中のLV.3都市 #440(349,449)を攻撃し、陣営のために破壊宝額x10を 勝ち取りました 2026-6-10 12:13:17"
frame_0230.png,history_modal,2026/06/10 12:14:36,#440,GcC,RCON,#480,449,649,3,,都市,都市,destroy,破壊,medium,visible_datetime,"#440[GcC]が#480[RCON]領有中のLV.3都市 #480(449,649)を攻撃し、陣営のために破壊宝箱x10を 勝ち取りました 2026-6-10 12:14:36"
frame_0231.png,history_modal,2026/06/10 12:14:36,#440,GcC,RCON,#480,449,549,3,,都市,都市,destroy,破壊,medium,visible_datetime,"#440[Gcc]が#480[RCON]領有中のLV.3都市 #480(449,549)を攻撃し、陣営のために破壊宝箱x10を 勝ち取りました 2026-6-10 12:14:36"
frame_0232.png,history_modal,2026/06/10 12:14:37,#509,BHE,RCON,#480,349,849,1,,都市,都市,destroy,破壊,medium,visible_datetime,"#509[BHE]が#480[RCON]領有中のLV.1都市 #480(349,849)を攻撃し、陣営のために破壊宝箱xを勝 ち取りました 2026-6-10 12:14:37"
frame_0232.png,history_modal,2026/06/10 12:14:37,#509,FHX,WUG,#523,649,649,3,,都市,都市,destroy,破壊,medium,visible_datetime,"#509[FHX]が#523[WUG]領有中のLV.3都市 #523(649,649)を攻撃し、陣営のために破壊宝箱x10を 勝ち取りました 2026-6-10 12:14:37"
frame_0233.png,history_modal,2026/06/10 12:14:37,#509,BHE,RCON,#480,349,849,1,,都市,都市,destroy,破壊,medium,visible_datetime,"#509[BHE]が#480[RCON]領有中のLV.1都市 #480(349,849)を攻撃し、陣営のために破壊宝箱xを勝 ち取りました 2026-6-10 12:14:37"
frame_0233.png,history_modal,2026/06/10 12:14:37,#509,FHX,WUG,#523,649,649,3,,都市,都市,destroy,破壊,medium,visible_datetime,"#509[FHX]が#523[WUG]領有中のLV.3都市 #523(649,649)を攻撃し、陣営のために破壊宝箱＊10を 勝ち取りました 2026-6-10 12:14:37"
frame_0233.png,history_modal,2026/06/10 12:18:10,#509,SsQ,EDFS,#523,349,449,3,,都市,都市,destroy,破壊,medium,visible_datetime,"#509[5s0]が#523[EDFS]領有中のLV.3都市 #523(349,449)を攻撃し、陣営のために破壊宝箱＊10を 勝ち取りました 2026-6-10 12:18:10"
frame_0234.png,history_modal,2026/06/10 12:14:37,#509,BHE,RCON,#480,349,849,1,,都市,都市,destroy,破壊,medium,visible_datetime,"#509[BHE]が#480[RCON]領有中のLV.1都市 #480(349,849)を攻撃し、陣営のために破壊宝箱xを勝 ち取りました 2026-6-10 12:14:37"
frame_0234.png,history_modal,2026/06/10 12:14:37,#509,FHX,WUG,#523,649,649,3,,都市,都市,destroy,破壊,medium,visible_datetime,"#509[FHX]が#523[WUG]領有中のLV.3都市 #523(649,649)を攻撃し、陣営のために破壊宝箱x10を 勝ち取りました 2026-6-10 12:14:37"
frame_0234.png,history_modal,2026/06/10 12:18:10,#509,SsQ,EDFS,#523,349,449,3,,都市,都市,destroy,破壊,medium,visible_datetime,"#509[5s0]が#523[EDFS]領有中のLV.3都市 #523(349,449)を攻撃し、陣営のために破壊宝箱x10を 勝ち取りました 2026-6-10 12:18:10"
frame_0234.png,history_modal,2026/06/10 12:19:46,#476,476M,,#440,249,149,1,,都市,都市,destroy,破壊,medium,visible_datetime,"#476[476M]が#440領有中のLV.1都市#440(249,149)を 攻撃し、陣営のために破壊宝箱※をち取りました 2026-6-10 12:19:46"
frame_0235.png,history_modal,2026/06/10 12:18:04,#503,Lghs,BAJ,#440,549,649,3,,都市,都市,destroy,破壊,medium,visible_datetime,"#503[Lghsが#440[BAJ]領有中のLv.3都市 #440(549,649)を攻撃し、陣営のために破壊宝額x10を 勝ち取りました 2026-6-10 12:18:04"
frame_0235.png,history_modal,2026/06/10 12:18:10,#509,SsQ,EDFS,#523,349,449,3,,都市,都市,destroy,破壊,medium,visible_datetime,"#509[5s0]が#523[EDFS]領有中のLV.3都市 #523(349,449)を攻撃し、陣営のために破壊宝箱x10を 勝ち取りました 2026-6-10 12:18:10"
frame_0235.png,history_modal,2026/06/10 12:19:46,#476,476M,,#440,249,149,1,,都市,都市,destroy,破壊,medium,visible_datetime,"#476[476M]が#440領有中のLV.1都市#440(249,149)を 攻撃し、陣営のために破壊宝箱xを勝ち取りました 2026-6-10 12:19:46"
frame_0236.png,history_modal,2026/06/10 12:18:04,#503,Lghs,BAJ,#440,549,649,3,,都市,都市,destroy,破壊,medium,visible_datetime,"#503[Lghsが#440[BA]領有中のLV.3都市 #440(549,649)を攻撃し、陣営のために破壊宝箱＊10を 勝ち取りました 2026-6-10 12:18:04"
frame_0236.png,history_modal,2026/06/10 12:18:10,#509,SsQ,EDFS,#523,349,449,3,,都市,都市,destroy,破壊,medium,visible_datetime,"#509[5s0]が#523[EDFS]領有中のLV.3都市 #523(349,449)を攻撃し、陣営のために破壊宝箱x10を 勝ち取りました 2026-6-10 12:18:10"
frame_0236.png,history_modal,2026/06/10 12:19:46,#476,476M,,#440,249,149,1,,都市,都市,destroy,破壊,medium,visible_datetime,"#476[476M]が#440領有中のLV.1都市#440(249,149)を 攻撃し、陣営のために破壊宝箱xを勝ち取りました 2026-6-10 12:19:46"
frame_0236.png,history_modal,2026/06/10 12:20:02,#480,AAOA,DaNG,#511,849,249,1,,都市,都市,destroy,破壊,medium,visible_datetime,"#480[AAOA]が#511[DaNG]領有中のLV.1都市 #511(849,249)を攻撃し、陣営のために破壊宝箱xを勝 ち取りました 2026-6-10 12:20:02"
frame_0237.png,history_modal,2026/06/10 12:19:46,#476,476M,,#440,249,149,1,,都市,都市,destroy,破壊,medium,visible_datetime,"#476[476M]が#440領有中のLV.1都市#440(249,149)を 攻撃し、陣営のために破壊宝箱xを勝ち取りました 2026-6-10 12:19:46"
frame_0237.png,history_modal,2026/06/10 12:20:02,#480,AAOA,DaNG,#511,849,249,1,,都市,都市,destroy,破壊,medium,visible_datetime,"#480[AAOA]が#511[DaNG]領有中のLV.1都市 #511(849,249)を攻撃し、陣営のために破壊宝額xを勝 ち取りました 2026-6-10 12:20:02"
frame_0237.png,history_modal,2026/06/10 12:26:25,#476,476B,BAJ,#440,549,349,3,,都市,都市,destroy,破壊,medium,visible_datetime,"#476[476B]が#440[BAJ]領有中のLV.3都市 #440(549,349)を攻撃し、陣営のために破壊宝額x10を 勝ち取りました 2026-6-10 12:26:25"
frame_0238.png,history_modal,2026/06/10 12:20:02,#480,AAOA,DaNG,#511,849,249,1,,都市,都市,destroy,破壊,medium,visible_datetime,"#480[AAOA]が#511[DaNG]領有中のLV.1都市 #511(849,249)を攻撃し、陣営のために破壊宝箱＊を勝 ち取りました 2026-6-10 12:20:02"
frame_0238.png,history_modal,2026/06/10 12:20:59,#476,476C,4tH,#534,249,649,2,,都市,都市,destroy,破壊,medium,visible_datetime,"#476[476c]が#534[4tH]領有中のLV.2都市 #534(249,649)を攻撃し、陣営のために破壊宝箱x5を勝 ち取りました 2026-6-10 12:20:59"
frame_0238.png,history_modal,2026/06/10 12:22:24,#476,476M,IMP,#440,249,249,2,,都市,都市,destroy,破壊,medium,visible_datetime,"#476[476M]が#440[IMp]領有中のLv.2都市 #440(249,249)を攻撃し、陣営のために破壊宝箱x5を勝 ち取りました 2026-6-10 12:22:24"
frame_0239.png,history_modal,2026/06/10 12:20:02,#480,AAOA,DaNG,#511,849,249,1,,都市,都市,destroy,破壊,medium,visible_datetime,"#480[AAOA]が#511[DaNG]領有中のLV.1都市 #511(849,249)を攻撃し、陣営のために破壊宝箱＊を勝 ち取りました 2026-6-10 12:20:02"
frame_0239.png,history_modal,2026/06/10 12:20:59,#476,476C,4tH,#534,249,649,2,,都市,都市,destroy,破壊,medium,visible_datetime,"#476[476c]が#534[4tH]領有中のLV.2都市 #534(249,649)を攻撃し、陣営のために破壊宝箱x5を勝 ち取りました 2026-6-10 12:20:59"
frame_0239.png,history_modal,2026/06/10 12:22:24,#476,476M,IMP,#440,249,249,2,,都市,都市,destroy,破壊,medium,visible_datetime,"#476[476M]が#440[IMp]領有中のLv.2都市 #440(249,249)を攻撃し、陣営のために破壊宝箱x5を勝 ち取りました 2026-6-10 12:22:24"
frame_0240.png,history_modal,2026/06/10 12:27:00,#534,JDX,u3o,#523,249,449,2,,都市,都市,destroy,破壊,medium,visible_datetime,"#534[JDX]が#523[u30]領有中のLv.2都市#523(249,449)を 攻撃し、陣営のために破壊宝箱x5を勝ち取りました 2026-6-10 12:27:00"
frame_0240.png,history_modal,2026/06/10 12:33:15,#476,476A,GcC,#440,649,449,3,,都市,都市,destroy,破壊,medium,visible_datetime,"#476[476A]が#440[Gcc]領有中のLV.3都市 #440(649,449)を攻撃し、陣営のために破壊宝箱x10を 勝ち取りました 2026-6-10 12:33:15"
frame_0240.png,history_modal,2026/06/10 12:39:32,#503,299,TrX,#440,849,649,1,,都市,都市,destroy,破壊,medium,visible_datetime,"#503[299]が#440[TrX]領有中のLV.1都市#440(849,649)を 攻撃し、陣営のために破壊宝箱＊を勝ち取りました 2026-6-10 12:39:32"
frame_0241.png,history_modal,2026/06/10 12:27:00,#534,JDX,u3o,#523,249,449,2,,都市,都市,destroy,破壊,medium,visible_datetime,"#534[JDX]が#523[u30]領有中のLv.2都市#523(249,449)を 攻撃し、陣営のために破壊宝箱x5をち取りました 2026-6-10 12:27:00"
frame_0241.png,history_modal,2026/06/10 12:33:15,#476,476A,GcC,#440,649,449,3,,都市,都市,destroy,破壊,medium,visible_datetime,"#476[476Aが#440[Gcc]領有中のLV.3都市 #440(649,449)を攻撃し、陣営のために破壊宝箱＊10を 勝ち取りました 2026-6-10 12:33:15"
frame_0241.png,history_modal,2026/06/10 12:39:32,#503,299,TrX,#440,849,649,1,,都市,都市,destroy,破壊,medium,visible_datetime,"#503[299]が#440[TrX]領有中のLV.1都市#440(849,649)を 攻撃し、陣営のために破壊宝箱＊を勝ち取りました 2026-6-10 12:39:32"
frame_0241.png,history_modal,2026/06/10 12:41:02,#476,4762,,#440,349,249,2,,都市,都市,destroy,破壊,medium,visible_datetime,"#476[4762]が#440領有中のLV.2都市#440(349,249)を 攻撃し、陣営のために破壊宝箱x5を勝ち取りました 2026-6-10 12:41:02"
frame_0242.png,history_modal,2026/06/10 12:33:15,#476,476A,GcC,#440,649,449,3,,都市,都市,destroy,破壊,medium,visible_datetime,"#476[476Aが#440[Gcc]領有中のLV.3都市 #440(649,449)を攻撃し、陣営のために破壊宝箱x10を 勝ち取りました 2026-6-10 12:33:15"
frame_0242.png,history_modal,2026/06/10 12:39:32,#503,299,TrX,#440,849,649,1,,都市,都市,destroy,破壊,medium,visible_datetime,"#503[299]が#440[TrX]領有中のLV.1都市#440(849,649)を 攻撃し、陣営のために破壊宝箱xを勝ち取りました 2026-6-10 12:39:32"
frame_0242.png,history_modal,2026/06/10 12:40:58,#480,AAOA,5Va,#511,849,749,1,,都市,都市,destroy,破壊,medium,visible_datetime,"#480[AAOA]が#511[5Va]領有中のLV.1都市 #511(849,749)を攻撃し、陣営のために破壊宝箱xを勝 ち取りました 2026-6-10 12:40:58"
frame_0243.png,history_modal,2026/06/10 12:39:32,#503,299,TrX,#440,849,649,1,,都市,都市,destroy,破壊,medium,visible_datetime,"#503[299]が#440[TrX]領有中のLV.1都市#440(849,649)を 攻撃し、陣営のために破壊宝箱xをち取りました 2026-6-10 12:39:32"
frame_0243.png,history_modal,2026/06/10 12:42:49,#503,Stj,TaW,#440,749,749,2,,都市,都市,destroy,破壊,medium,visible_datetime,"#503[5tj]が#440[TaW]領有中のLv.2都市#440(749,749)を 攻撃し、陣営のために破壊宝箱＊5を勝ち取りました 2026-6-10 12:42:49"
frame_0245.png,history_modal,2026/06/10 12:43:46,#503,fzn,nol,#534,849,649,1,,都市,都市,destroy,破壊,medium,visible_datetime,"#503[fzn]が#534[nol]領有中のLV.1都市#534(849,649)を 攻撃し、陣営のために破壊宝箱xを勝ち取りました 2026-6-10 12:43:46"
frame_0245.png,history_modal,2026/06/10 12:44:41,#503,xjR,nol,#534,949,749,1,,都市,都市,destroy,破壊,medium,visible_datetime,"#503[xjR]が#534[nol]領有中のLV.1都市#534(949,749)を 攻撃し、陣営のために破壊宝箱xを勝ち取りました 2026-6-10 12:44:41"
frame_0245.png,history_modal,2026/06/10 12:55:29,#503,one,89M,#534,949,449,1,,都市,都市,destroy,破壊,medium,visible_datetime,"#503[one]が#534[89M]領有中のLV.1都市#534(949,449)を 攻撃し、陣営のために破壊宝箱をを勝ち取りました 2026-6-10 12:55:29"
frame_0246.png,history_modal,2026/06/10 12:44:24,#476,4762,,#440,349,149,1,,都市,都市,destroy,破壊,medium,visible_datetime,"#476[4762]が#440領有中のLV.1都市#440(349,149)を 攻撃し、陣営のために破壊宝箱xを勝ち取りました 2026-6-10 12:44:24"
frame_0246.png,history_modal,2026/06/10 12:44:41,#503,xjR,nol,#534,949,749,1,,都市,都市,destroy,破壊,medium,visible_datetime,"#503[xjR]が#534[nol]領有中のLV.1都市#534(949,749)を 攻撃し、陣営のために破壊宝箱xを勝ち取りました 2026-6-10 12:44:41"
frame_0246.png,history_modal,2026/06/10 12:55:29,#503,one,89M,#534,949,449,1,,都市,都市,destroy,破壊,medium,visible_datetime,"#503[one]が#534[89M]領有中のLV.1都市#534(949,449)を 攻撃し、陣営のために破壊宝箱xを勝ち取りました 2026-6-10 12:55:29"
frame_0247.png,history_modal,2026/06/10 12:55:29,#503,one,89M,#534,949,449,1,,都市,都市,destroy,破壊,medium,visible_datetime,"#503[one]が#534[89M]領有中のLV.1都市#534(949,449)を 攻撃し、陣営のために破壊宝箱xを勝ち取りました 2026-6-10 12:55:29"
frame_0248.png,history_modal,2026/06/10 17:33:27,#523,K4TR,,#440,249,49,1,,都市,都市,destroy,破壊,medium,visible_datetime,"#523[K4TR]が#440領有中のLV.1都市#440(249,49)を 攻撃し、陣営のために破壊宝箱xを勝ち取りました 2026-6-10 17:33:27"
frame_0248.png,history_modal,2026/06/10 20:02:06,#534,nO9,PmP,#480,49,449,1,,都市,都市,destroy,破壊,medium,visible_datetime,"#534[n09]が#480[PmP]領有中のLV.1都市#480(49,449)を 攻撃し、陣営のために破壊宝箱※を勝ち取りました 2026-6-10 20:02:06"
frame_0248.png,history_modal,2026/06/10 20:02:24,#476,476X,nO9,#534,449,649,3,,都市,都市,destroy,破壊,medium,visible_datetime,"#476[476X]が#534[n09]領有中のLV.3都市 #534(449,649)を攻撃し、陣営のために破壊宝箱x10を 勝ち取りました 2026-6-10 20:02:24"
frame_0248.png,history_modal,2026/06/10 20:02:55,#476,476d,4tH,#534,349,449,3,,都市,都市,destroy,破壊,medium,visible_datetime,"#476[476d]が#534[4tH]領有中のLV.3都市 #534(349,449)を攻撃し、陣営のために破壊宝箱＊10を 勝ち取りました 2026-6-10 20:02:55"
frame_0249.png,history_modal,2026/06/10 20:02:06,#534,nO9,PmP,#480,49,449,1,,都市,都市,destroy,破壊,medium,visible_datetime,"#534[n09]が#480[PmP]領有中のLV.1都市#480(49,449)を 攻撃し、陣営のために破壊宝箱xを勝ち取りました 2026-6-10 20:02:06"
frame_0249.png,history_modal,2026/06/10 20:02:24,#476,476X,nO9,#534,449,649,3,,都市,都市,destroy,破壊,medium,visible_datetime,"#476[476X]が#534[n09]領有中のLV.3都市 #534(449,649)を攻撃し、陣営のために破壊宝額＊10を 勝ち取りました 2026-6-10 20:02:24"
frame_0250.png,history_modal,2026/06/10 20:03:21,#476,476K,DaNG,#511,949,449,1,,都市,都市,destroy,破壊,medium,visible_datetime,"#476[476K]が#511[DaNG]領有中のLV.1都市 #511(949,449)を攻撃し、陣営のために破壊宝箱x2を勝 ち取りました 2026-6-10 20:03:21"
frame_0250.png,history_modal,2026/06/10 20:03:42,#503,299,TrX,#440,849,749,1,,都市,都市,destroy,破壊,medium,visible_datetime,"#503[299]が#440[TrX]領有中のLV.1都市#440(849,749)を 攻撃し、陣営のために破壊宝箱＊こを勝ち取りました 2026-6-10 20:03:42"
frame_0251.png,history_modal,2026/06/10 20:02:55,#476,476d,4tH,#534,349,449,3,,都市,都市,destroy,破壊,medium,visible_datetime,"#476[476d]が#534[4tH]領有中のLV.3都市 #534(349,449)を攻撃し、陣営のために破壊宝額＊10を 勝ち取りました 2026-6-10 20:02:55"
frame_0251.png,history_modal,2026/06/10 20:03:21,#476,476K,DaNG,#511,949,449,1,,都市,都市,destroy,破壊,medium,visible_datetime,"#476[476k]が#511[DaNG]領有中のLV.1都市 #511(949,449)を攻撃し、陣営のために破壊宝箱x2を勝 ち取りました 2026-6-10 20:03:21"
frame_0251.png,history_modal,2026/06/10 20:04:07,#476,476C,SHA,#534,349,549,3,,都市,都市,destroy,破壊,medium,visible_datetime,"#476[476c]が#534[SHA]領有中のLV.3都市 #534(349,549)を攻撃し、陣営のために破壊宝箱＊10を 勝ち取りました 2026-6-10 20:04:07"
frame_0251.png,history_modal,2026/06/10 20:05:16,#476,476X,RGUC,#534,349,649,3,,都市,都市,destroy,破壊,medium,visible_datetime,"#476[476X]が#534[RGUC]領有中のLV.3都市 #534(349,649)を攻撃し、陣営のために破壊宝箱x10を 勝ち取りました 2026-6-10 20:05:16"
frame_0252.png,history_modal,2026/06/10 20:03:42,#503,299,TrX,#440,849,749,1,,都市,都市,destroy,破壊,medium,visible_datetime,"#503[299]が#440[TrX]領有中のLV.1都市#440(849,749)を 攻撃し、陣営のために破壊宝箱xを勝ち取りました 2026-6-10 20:03:42"
frame_0252.png,history_modal,2026/06/10 20:07:01,#476,476K,DaNG,#511,949,349,1,,都市,都市,destroy,破壊,medium,visible_datetime,"#476[476k]が#511[DaNG]領有中のLV.1都市 #511(949,349)を攻撃し、陣営のために破壊宝箱xを勝 ち取りました 2026-6-10 20:07:01"
frame_0253.png,history_modal,2026/06/10 20:03:42,#503,299,TrX,#440,849,749,1,,都市,都市,destroy,破壊,medium,visible_datetime,"#503[299]が#440[TrX]領有中のLV.1都市#440(849,749)を 攻撃し、陣営のために破壊宝額x2を勝ち取りました 2026-6-10 20:03:42"
frame_0253.png,history_modal,2026/06/10 20:04:07,#476,476C,SHA,#534,349,549,3,,都市,都市,destroy,破壊,medium,visible_datetime,"#476[476C]が#534[5HA]領有中のLV.3都市 #534(349,549)を攻撃し、陣営のために破壊宝箱＊10を 勝ち取りました 2026-6-10 20:04:07"
frame_0253.png,history_modal,2026/06/10 20:05:16,#476,475X,RGUC,#534,349,649,3,,都市,都市,destroy,破壊,medium,visible_datetime,"#476[475X]が#534[RGUC]領有中のLV.3都市 #534(349,649)を攻撃し、陣営のために破壊宝箱*10を 勝ち取りました 2026-6-10 20:05:16"
frame_0254.png,history_modal,2026/06/10 20:05:16,#476,475X,RGWC,#534,349,649,3,,都市,都市,destroy,破壊,medium,visible_datetime,"#476[475X]が#534[RGWC]領有中のLV.3都市 #534(349,649)を攻撃し、陣営のために破壊宝箱x10を 勝ち取りました 2026-6-10 20:05:16"
frame_0254.png,history_modal,2026/06/10 20:07:01,#476,476K,DaNG,#511,949,349,1,,都市,都市,destroy,破壊,medium,visible_datetime,"#476[476K]が#511[DaNG]領有中のLV.1都市 #511(949,349)を攻撃し、陣営のために破壊宝箱xを勝 ち取りました 2026-6-10 20:07:01"
frame_0254.png,history_modal,2026/06/10 20:09:38,#503,GX99,tWD,#509,149,349,1,,都市,都市,destroy,破壊,medium,visible_datetime,"#503[GX99が#509[tWD]領有中のLV.1都市 #509(149,349)を攻撃し、陣営のために破壊宝額＊を勝 ち取りました 2026-6-10 20:09:38"
frame_0254.png,history_modal,2026/06/13 00:03:46,#480,CDf8,,#440,349,849,1,,都市,都市,destroy,破壊,medium,visible_datetime,"#480[CDf8が#440領有中のLV.1都市#440(349,849)を 攻撃し、陣営のために破壊宝箱xを勝ち取りました 2026-6-13 00:03:46"
frame_0255.png,history_modal,2026/06/10 20:09:38,#503,GX99,tWD,#509,149,349,1,,都市,都市,destroy,破壊,medium,visible_datetime,"#503[GX99が#509[tWD]領有中のLV.1都市 #509(149,349)を攻撃し、陣営のために破壊宝箱xを勝 ち取りました 2026-6-10 20:09:38"
frame_0255.png,history_modal,2026/06/10 20:20:36,#503,fzn,TrX,#440,949,449,1,,都市,都市,destroy,破壊,medium,visible_datetime,"#503[fzn]が#440[TrX]領有中のLV.1都市#440(949,449)を 攻撃し、陣営のために破壊宝箱xを勝ち取りました 2026-6-10 20:20:36"
frame_0255.png,history_modal,2026/06/13 00:49:24,#480,CDf8,,#440,549,849,1,,都市,都市,destroy,破壊,medium,visible_datetime,"#480[CDf8]が#440領有中のLV.1都市#440(549,849)を 攻撃し、陣営のために破壊宝箱xを勝ち取りました 2026-6-13 00:49:24"
frame_0256.png,history_modal,2026/06/10 20:09:38,#503,GX99,tWD,#509,149,349,1,,都市,都市,destroy,破壊,medium,visible_datetime,"#503[GX99が#509[tWD]領有中のLV.1都市 #509(149,349)を攻撃し、陣営のために破壊宝箱＊2を勝 ち取りました 2026-6-10 20:09:38"
frame_0256.png,history_modal,2026/06/10 20:20:36,#503,fzn,TrX,#440,949,449,1,,都市,都市,destroy,破壊,medium,visible_datetime,"#503[fzn]が#440[TrX]領有中のLV.1都市#440(949,449)を 攻撃し、陣営のために破壊宝箱xをち取りました 2026-6-10 20:20:36"
frame_0256.png,history_modal,2026/06/13 00:49:24,#480,CDf8,,#440,549,849,1,,都市,都市,destroy,破壊,medium,visible_datetime,"#480[CDf8が#440領有中のLV.1都市#440(549,849)を 攻撃し、陣営のために破壊宝箱xを勝ち取りました 2026-6-13 00:49:24"
frame_0256.png,history_modal,2026/06/13 04:01:50,#534,KTVS,u3o,#523,249,649,2,,都市,都市,destroy,破壊,medium,visible_datetime,"#534[KTVS]が#523[u30]領有中のLv.2都市 #523(249,649)を攻撃し、陣営のために破壊宝箱★5を勝 ち取りました 2026-6-13 04:01:50"
frame_0257.png,history_modal,2026/06/10 20:20:33,#503,fzn,TrX,#440,949,449,1,,都市,都市,destroy,破壊,medium,visible_datetime,"#503[fzn]が#440[TrX]領有中のLV.1都市#440(949,449)を 攻撃し、陣営のために破壊宝箱xを勝ち取りました 2026-6-10 20:20:33"
frame_0257.png,history_modal,2026/06/13 00:03:46,#480,CDf8,,#440,349,849,1,,都市,都市,destroy,破壊,medium,visible_datetime,"#480[CDf8が#440領有中のLV.1都市#440(349,849)を 攻撃し、陣営のために破壊宝箱xを勝ち取りました 2026-6-13 00:03:46"
frame_0257.png,history_modal,2026/06/13 00:49:24,#480,CDf8,,#440,549,849,1,,都市,都市,destroy,破壊,medium,visible_datetime,"#480[CDf8]が#440領有中のLV.1都市#440(549,849)を 攻撃し、陣営のために破壊宝箱xを勝ち取りました 2026-6-13 00:49:24"
frame_0257.png,history_modal,2026/06/13 04:02:25,#534,JDX,u3o,#523,249,549,2,,都市,都市,destroy,破壊,medium,visible_datetime,"#534[JDX]が#523[u30]領有中のLv.2都市#523(249,549)を 攻撃し、陣営のために破壊宝箱x5を勝ち取りました 2026-6-13 04:02:25"
frame_0258.png,history_modal,2026/06/13 04:02:25,#534,JDX,u3o,#523,249,549,2,,都市,都市,destroy,破壊,medium,visible_datetime,"#534[JDX]が#523[u30]領有中のLv.2都市#523(249,549)を 攻撃し、陣営のために破壊宝箱x5を勝ち取りました 2026-6-13 04:02:25"
frame_0258.png,history_modal,2026/06/13 04:02:28,#503,Lghs,GoDs,#440,249,549,2,,都市,都市,destroy,破壊,medium,visible_datetime,"#503[Lghsが#440[GoDs]領有中のLv.2都市 #440(249,549)を攻撃し、陣営のために破壊宝箱x5を勝 ち取りました 2026-6-13 04:02:28"
frame_0259.png,history_modal,2026/06/13 04:02:25,#534,JDX,u3o,#523,249,549,2,,都市,都市,destroy,破壊,medium,visible_datetime,"#534[JDX]が#523[u30]領有中のLV.2都市#523(249,549)を 攻撃し、陣営のために破壊宝箱x5を勝ち取りました 2026-6-13 04:02:25"
frame_0259.png,history_modal,2026/06/13 04:02:28,#503,Lghs,GoDs,#440,249,549,2,,都市,都市,destroy,破壊,medium,visible_datetime,"#503[Lghsが#440[GoDs]領有中のLV.2都市 #440(249,549)を攻撃し、陣営のために破壊宝箱x5を勝 ち取りました 2026-6-13 04:02:28"
frame_0259.png,history_modal,2026/06/13 04:03:04,#534,KTVS,u3o,#523,149,549,1,,都市,都市,destroy,破壊,medium,visible_datetime,"#534[KTVS]が#523[u30]領有中のLV.1都市#523(149,549)を 攻撃し、陣営のために破壊宝箱x2を勝ち取りました 2026-6-13 04:03:04"
frame_0259.png,history_modal,2026/06/13 04:04:45,#480,BgNa,GoDs,#440,249,649,2,,都市,都市,destroy,破壊,medium,visible_datetime,"#480[BgNa]が#440[GoDs]領有中のLV.2都市 #440(249,649)を攻撃し、陣営のために破壊宝箱x5を勝 ち取りました 2026-6-13 04:04:45"
frame_0260.png,history_modal,2026/06/13 04:02:25,#534,JDX,u3o,#523,249,549,2,,都市,都市,destroy,破壊,medium,visible_datetime,"#534[DX]が#523[u30]領有中のLV.2都市#523(249,549)を 攻撃し、陣営のために破壊宝箱x5を勝ち取りました 2026-6-13 04:02:25"
frame_0260.png,history_modal,2026/06/13 04:02:28,#503,Lghs,GoDs,#440,249,549,2,,都市,都市,destroy,破壊,medium,visible_datetime,"#503[Lghsが#440[GoDs]領有中のLV.2都市 #440(249,549)を攻撃し、陣営のために破壊宝箱x5を勝 ち取りました 2026-6-13 04:02:28"
frame_0260.png,history_modal,2026/06/13 04:08:38,#440,TrX,,#523,49,349,1,,都市,都市,destroy,破壊,medium,visible_datetime,"#440[TrX]が#523領有中のLV.1都市#523(49,349)を攻 撃し、陣営のために破壊宝箱xを勝ち取りました 2026-6-13 04:08:38"
frame_0261.png,history_modal,2026/06/13 04:03:04,#534,KTVS,u3c,#523,149,549,1,,都市,都市,destroy,破壊,medium,visible_datetime,"#534[KTVSが#523[u3c]領有中のLV.1都市#523(149,549)を 攻撃し、陣営のために破壊宝箱xを勝ち取りました 2026-6-13 04:03:04"
frame_0261.png,history_modal,2026/06/13 04:08:38,#440,TrX,,#523,49,349,1,,都市,都市,destroy,破壊,medium,visible_datetime,"#440[TrX]が#523領有中のLV.1都市#523(49,349)を攻 撃し、陣営のために破壊宝箱xを勝ち取りました 2026-6-13 04:08:38"
frame_0261.png,history_modal,2026/06/13 04:17:11,#440,TrX,,#523,49,249,1,,都市,都市,destroy,破壊,medium,visible_datetime,"#440[TrXが#523領有中のLV.1都市#523(49,249)を攻 撃し、陣営のために破壊宝箱x2を勝ち取りました 2026-6-13 04:17:11"
frame_0262.png,history_modal,2026/06/13 04:08:38,#440,TrX,,#523,49,349,1,,都市,都市,destroy,破壊,medium,visible_datetime,"#440[TrX]が#523領有中のLV.1都市#523(49,349)を攻 撃し、陣営のために破壊宝箱xを勝ち取りました 2026-6-13 04:08:38"
frame_0262.png,history_modal,2026/06/13 04:17:11,#440,TrX,,#523,49,249,1,,都市,都市,destroy,破壊,medium,visible_datetime,"#440[TrX]が#523領有中のLV.1都市#523(49,249)を攻 撃し、陣営のために破壊宝箱xを勝ち取りました 2026-6-13 04:17:11"
frame_0262.png,history_modal,2026/06/13 04:28:41,#480,AAOA,GoDs,#440,49,749,1,,都市,都市,destroy,破壊,medium,visible_datetime,"#480[AAOAが#440[GoDS]領有中のLV.1都市 #440(49,749)を攻撃し、陣営のために破壊宝箱xを勝 ち取りました 2026-6-13 04:28:41"
frame_0263.png,history_modal,2026/06/13 04:17:11,#440,TrX,,#523,49,249,1,,都市,都市,destroy,破壊,medium,visible_datetime,"#440[TrX]が#523領有中のLV.1都市#523(49,249)を攻 撃し、陣営のために破壊宝箱xを勝ち取りました 2026-6-13 04:17:11"
frame_0263.png,history_modal,2026/06/13 04:21:55,#480,RCON,aTA,#440,149,749,1,,都市,都市,destroy,破壊,medium,visible_datetime,"#480[RCONが#440[aTA]領有中のLV.1都市 #440(149,749)を攻撃し、陣営のために破壊宝箱＊を勝 ち取りました 2026-6-13 04:21:55"
frame_0263.png,history_modal,2026/06/13 04:36:16,#509,SsQ,u3o,#523,349,549,3,,都市,都市,destroy,破壊,medium,visible_datetime,"#509[5s0]が#523[u30]領有中のLV.3都市#523(349,549)を 攻撃し、陣営のために破壊宝額x10を勝ち取りました 2026-6-13 04:36:16"
frame_0264.png,history_modal,2026/06/13 04:17:11,#440,TrX,,#523,49,249,1,,都市,都市,destroy,破壊,medium,visible_datetime,"#440[TrXが#523領有中のLV.1都市#523(49,249)を攻 撃し、陣営のために破壊宝箱xを勝ち取りました 2026-6-13 04:17:11"
frame_0264.png,history_modal,2026/06/13 04:21:55,#480,RCON,aTA,#440,149,749,1,,都市,都市,destroy,破壊,medium,visible_datetime,"#480[RCONが#440[aTA]領有中のLV.1都市 #440(149,749)を攻撃し、陣営のために破壊宝箱xを勝 ち取りました 2026-6-13 04:21:55"
frame_0264.png,history_modal,2026/06/13 04:36:16,#509,SsQ,u3o,#523,349,549,3,,都市,都市,destroy,破壊,medium,visible_datetime,"#509[5s0]が#523[u3o]領有中のLV.3都市#523(349,549)を 攻撃し、陣営のために破壊宝箱★10を勝ち取りました 2026-6-13 04:36:16"
frame_0265.png,history_modal,2026/06/13 04:21:55,#480,RCON,aTA,#440,149,749,1,,都市,都市,destroy,破壊,medium,visible_datetime,"#480[RCON]が#440[aTA]領有中のLV.1都市 #440(149,749)を攻撃し、陣営のために破壊宝箱xを勝 ち取りました 2026-6-13 04:21:55"
frame_0265.png,history_modal,2026/06/13 04:36:16,#509,SsQ,u3o,#523,349,549,3,,都市,都市,destroy,破壊,medium,visible_datetime,"#509[5s0]が#523[u3o]領有中のLV.3都市#523(349,549)を 攻撃し、陣営のために破壊宝箱*10を勝ち取りました 2026-6-13 04:36:16"
frame_0265.png,history_modal,2026/06/13 04:39:34,#509,Mon,,#523,49,449,1,,都市,都市,destroy,破壊,medium,visible_datetime,"#509[Mon]が#523領有中のLV.1都市#523(49,449)を 攻撃し、陣営のために破壊宝箱xを勝ち取りました 2026-6-13 04:39:34"
frame_0266.png,history_modal,2026/06/13 04:36:16,#509,SsQ,u3o,#523,349,549,3,,都市,都市,destroy,破壊,medium,visible_datetime,"#509[5s0]が#523[u30]領有中のLV.3都市#523(349,549)を 攻撃し、陣営のために破壊宝箱※10をち取りました 2026-6-13 04:36:16"
frame_0266.png,history_modal,2026/06/13 04:39:34,#509,M0n,,#523,49,449,1,,都市,都市,destroy,破壊,medium,visible_datetime,"#509[M0n]が#523領有中のLV.1都市#523(49,449)を 攻撃し、陣営のために破壊宝箱xを勝ち取りました 2026-6-13 04:39:34"
frame_0266.png,history_modal,2026/06/13 12:01:12,#476,476d,VEX,#509,449,149,1,,都市,都市,destroy,破壊,medium,visible_datetime,"#476[476d]が#509[VEX]領有中のLV.1都市 #509(449,149)を攻撃し、陣営のために破壊宝箱x2を勝 ち取りました 2026-6-13 12:01:12"
frame_0267.png,history_modal,2026/06/13 04:39:34,#509,MOn,,#523,49,449,1,,都市,都市,destroy,破壊,medium,visible_datetime,"#509[MOn]が#523領有中のLV.1都市#523(49,449)を 攻撃し、陣営のために破壊宝箱x2を勝ち取りました 2026-6-13 04:39:34"
frame_0267.png,history_modal,2026/06/13 12:01:12,#476,476d,VEX,#509,449,149,1,,都市,都市,destroy,破壊,medium,visible_datetime,"#476[476d]が#509[VEX]領有中のLV.1都市 #509(449,149)を攻撃し、陣営のために破壊宝箱xを勝 ち取りました 2026-6-13 12:01:12"
frame_0267.png,history_modal,2026/06/13 12:01:24,#509,FHX,WUG,#523,749,549,2,,都市,都市,destroy,破壊,medium,visible_datetime,"#509[FHX]が#523[WUG]領有中のLv.2都市 #523(749,549)を攻撃し、陣営のために破壊宝箱x5を勝 ち取りました 2026-6-13 12:01:24"
frame_0267.png,history_modal,2026/06/13 12:01:59,#503,xjR,tWD,#509,49,449,1,,都市,都市,destroy,破壊,medium,visible_datetime,"#503[xjR]が#509[tWD]領有中のLV.1都市#509(49,449)を 攻撃し、陣営のために破壊宝箱xを勝ち取りました 2026-6-13 12:01:59"
frame_0268.png,history_modal,2026/06/13 12:01:12,#476,476d,VEX,#509,449,149,1,,都市,都市,destroy,破壊,medium,visible_datetime,"#476[476d]が#509[VEX]領有中のLV.1都市 #509(449,149)を攻撃し、陣営のために破壊宝箱xを勝 ち取りました 2026-6-13 12:01:12"
frame_0269.png,history_modal,2026/06/13 12:02:34,#476,476A,BAJ,#440,349,549,3,,都市,都市,destroy,破壊,medium,visible_datetime,"#476[476Aが#440[BA]領有中のLV.3都市 #440(349,549)を攻撃し、陣営のために破壊宝箱*10を 勝ち取りました 2026-6-13 12:02:34"
frame_0270.png,history_modal,2026/06/13 12:01:59,#503,xjR,tWD,#509,49,449,1,,都市,都市,destroy,破壊,medium,visible_datetime,"#503[xjR]が#509[tWD]領有中のLV.1都市#509(49,449)を 攻撃し、陣営のために破壊宝箱xを勝ち取りました 2026-6-13 12:01:59"
frame_0270.png,history_modal,2026/06/13 12:02:45,#509,FHX,WUG,#523,749,649,2,,都市,都市,destroy,破壊,medium,visible_datetime,"#509[FHX]が#523[WUG]領有中のLv.2都市 #523(749,649)を攻撃し、陣営のために破壊宝箱x5を勝 ち取りました 2026-6-13 12:02:45"
frame_0270.png,history_modal,2026/06/13 12:02:55,#476,476d,VEX,#509,349,149,1,,都市,都市,destroy,破壊,medium,visible_datetime,"#476[476d]が#509[VEX]領有中のLV.1都市 #509(349,149)を攻撃し、陣営のために破壊宝箱xを勝 ち取りました 2026-6-13 12:02:55"
frame_0271.png,history_modal,2026/06/13 12:02:34,#476,476A,BAJ,#440,349,549,3,,都市,都市,destroy,破壊,medium,visible_datetime,"#476[476A]が#440[BA]領有中のLv.3都市 #440(349,549)を攻撃し、陣営のために破壊宝箱x10を 勝ち取りました 2026-6-13 12:02:34"
frame_0271.png,history_modal,2026/06/13 12:02:45,#509,FHX,WUG,#523,749,649,2,,都市,都市,destroy,破壊,medium,visible_datetime,"#509[FHX]が#523[WUG]領有中のLV.2都市 #523(749,649)を攻撃し、陣営のために破壊宝箱x5を勝 ち取りました 2026-6-13 12:02:45"
frame_0271.png,history_modal,2026/06/13 12:04:56,#476,4762,WoW3,#440,449,149,1,,都市,都市,destroy,破壊,medium,visible_datetime,"#476[4762]が#440[WoW3]領有中のLV.1都市 #440(449,149)を攻撃し、陣営のために破壊宝箱xを勝 ち取りました 2026-6-13 12:04:56"
frame_0271.png,history_modal,2026/06/13 12:05:54,#480,AADA,IMP,#440,49,649,1,,都市,都市,destroy,破壊,medium,visible_datetime,"#480[AADA]が#440[IMp]領有中のLV.1都市 #440(49,649)を攻撃し、陣営のために破壊宝箱xを勝 ち取りました 2026-6-13 12:05:54"
frame_0272.png,history_modal,2026/06/13 12:02:45,#509,FHX,WUG,#523,749,649,2,,都市,都市,destroy,破壊,medium,visible_datetime,"#509[FHX]が#523[WUG]領有中のLv.2都市 #523(749,649)を攻撃し、陣営のために破壊宝箱x5を勝 ち取りました 2026-6-13 12:02:45"
frame_0272.png,history_modal,2026/06/13 12:05:54,#480,AAOA,IMP,#440,49,649,1,,都市,都市,destroy,破壊,medium,visible_datetime,"#480[AAOA]が#440[IMp]領有中のLV.1都市 #440(49,649)を攻撃し、陣営のために破壊宝箱xを勝 ち取りました 2026-6-13 12:05:54"
frame_0273.png,history_modal,2026/06/13 12:09:27,#503,one,BHE,#509,49,349,1,,都市,都市,destroy,破壊,medium,visible_datetime,"#503[one]が#509[BHE]領有中のLV.1都市#509(49,349)を 攻撃し、陣営のために破壊宝箱xを勝ち取りました 2026-6-13 12:09:27"
frame_0274.png,history_modal,2026/06/13 12:05:54,#480,AAOA,IMP,#440,49,649,1,,都市,都市,destroy,破壊,medium,visible_datetime,"#480[AAOA]が#440[IMp]領有中のLV.1都市 #440(49,649)を攻撃し、陣営のために破壊宝箱xを勝 ち取りました 2026-6-13 12:05:54"
frame_0274.png,history_modal,2026/06/13 12:13:37,#476,476C,nO9,#534,349,749,2,,都市,都市,destroy,破壊,medium,visible_datetime,"#476[476c]が#534[n09]領有中のLv.2都市 #534(349,749)を攻撃し、陣営のために破壊宝箱x5を勝 ち取りました 2026-6-13 12:13:37"
frame_0275.png,history_modal,2026/06/13 12:13:37,#476,476C,nO9,#534,349,749,2,,都市,都市,destroy,破壊,medium,visible_datetime,"#476[476c]が#534[n09]領有中のLv.2都市 #534(349,749)を攻撃し、陣営のために破壊宝箱x5を勝 ち取りました 2026-6-13 12:13:37"
frame_0275.png,history_modal,2026/06/13 12:14:21,#503,TIKW,GcC,#440,449,749,2,,都市,都市,destroy,破壊,medium,visible_datetime,"#503[TIKWが#440[Gcc]領有中のLV.2都市 #440(449,749)を攻撃し、陣営のために破壊宝箱x5を勝 ち取りました 2026-6-13 12:14:21"
frame_0275.png,history_modal,2026/06/13 12:15:40,#476,476C,nO9,#534,249,749,2,,都市,都市,destroy,破壊,medium,visible_datetime,"#476[476c]が#534[n09]領有中のLV.2都市 #534(249,749)を攻撃し、陣営のために破壊宝箱x5を勝 ち取りました 2026-6-13 12:15:40"
frame_0276.png,history_modal,2026/06/13 12:13:37,#476,476C,nO9,#534,349,749,2,,都市,都市,destroy,破壊,medium,visible_datetime,"#476[476c]が#534[n09]領有中のLV.2都市 #534(349,749)を攻撃し、陣営のために破壊宝箱x5を勝 ち取りました 2026-6-13 12:13:37"
frame_0276.png,history_modal,2026/06/13 12:15:40,#476,476C,nO9,#534,249,749,2,,都市,都市,destroy,破壊,medium,visible_datetime,"#476[476c]が#534[n09]領有中のLv.2都市 #534(249,749)を攻撃し、陣営のために破壊宝箱x5を勝 ち取りました 2026-6-13 12:15:40"
frame_0277.png,history_modal,2026/06/13 12:14:21,#503,TIKW,GcC,#440,449,749,2,,都市,都市,destroy,破壊,medium,visible_datetime,"#503[TIKWが#440[Gcc]領有中のLV.2都市 #440(449,749)を攻撃し、陣営のために破壊宝箱x5を勝 ち取りました 2026-6-13 12:14:21"
frame_0277.png,history_modal,2026/06/13 12:15:40,#476,476C,nO9,#534,249,749,2,,都市,都市,destroy,破壊,medium,visible_datetime,"#476[476C]が#534[n09]領有中のLv.2都市 #534(249,749)を攻撃し、陣営のために破壊宝箱x5を勝 ち取りました 2026-6-13 12:15:40"
frame_0277.png,history_modal,2026/06/13 12:20:13,#509,MOn,EDFS,#523,149,449,1,,都市,都市,destroy,破壊,medium,visible_datetime,"#509[MOn]が#523[EDFS]領有中のLV.1都市 #523(149,449)を攻撃し、陣営のために破壊宝箱xを勝 ち取りました 2026-6-13 12:20:13"
frame_0277.png,history_modal,2026/06/13 12:20:14,#503,GX99,tWD,#509,49,249,1,,都市,都市,destroy,破壊,medium,visible_datetime,"#503[GX99が#509[tWD]領有中のLV.1都市 #509(49,249)を攻撃し、陣営のために破壊宝額＊を勝 ち取りました 2026-6-13 12:20:14"
frame_0277.png,history_modal,2026/06/13 12:21:08,#523,fIrE,0ad,#534,449,849,1,,都市,都市,destroy,破壊,medium,visible_datetime,"#523[fIrE]が#534[0ad]領有中のLV.1都市#534(449,849)を 攻撃し、陣営のために破壊宝箱xを勝ち取りました 2026-6-13 12:21:08"
frame_0278.png,history_modal,2026/06/13 12:15:40,#476,476C,nO9,#534,249,749,2,,都市,都市,destroy,破壊,medium,visible_datetime,"#476[476C]が#534[n09]領有中のLv.2都市 #534(249,749)を攻撃し、陣営のために破壊宝箱x5を勝 ち取りました 2026-6-13 12:15:40"
frame_0278.png,history_modal,2026/06/13 12:21:08,#523,fIrE,Dad,#534,449,849,1,,都市,都市,destroy,破壊,medium,visible_datetime,"#523[fIrEが#534[Dad]領有中のLV.1都市#534(449,849)を 攻撃し、陣営のために破壊宝箱xをち取りました 2026-6-13 12:21:08"
frame_0278.png,history_modal,2026/06/13 12:23:19,#523,EDFS,,#440,349,49,1,,都市,都市,destroy,破壊,medium,visible_datetime,"#523[EDFSが#440領有中のLV.1都市#440(349,49)を 攻撃し、陣営のために破壊宝箱xを勝ち取りました 2026-6-13 12:23:19"
frame_0279.png,history_modal,2026/06/13 12:20:13,#509,MOn,EDFS,#523,149,449,1,,都市,都市,destroy,破壊,medium,visible_datetime,"#509[MOn]が#523[EDFS]領有中のLV.1都市 #523(149,449)を攻撃し、陣営のために破壊宝箱xを勝 ち取りました 2026-6-13 12:20:13"
frame_0279.png,history_modal,2026/06/13 12:20:14,#503,GX99,tWD,#509,49,249,1,,都市,都市,destroy,破壊,medium,visible_datetime,"#503[GX99]が#509[tWD]領有中のLV.1都市 #509(49,249)を攻撃し、陣営のために破壊宝額★を勝 ち取りました 2026-6-13 12:20:14"
frame_0279.png,history_modal,2026/06/13 12:21:08,#523,fIrE,Dao,#534,449,849,1,,都市,都市,destroy,破壊,medium,visible_datetime,"#523[fIrEが#534[Dao]領有中のLV.1都市#534(449,849)を 攻撃し、陣営のために破壊宝箱xを勝ち取りました 2026-6-13 12:21:08"
frame_0279.png,history_modal,2026/06/13 12:23:19,#523,EDFS,,#440,349,49,1,,都市,都市,destroy,破壊,medium,visible_datetime,"#523[EDFS]が#440領有中のLV.1都市#440(349,49)を ⑦ 攻撃し、陣営のために破壊宝箱xを勝ち取りました 2026-6-13 12:23:19"
frame_0280.png,history_modal,2026/06/13 12:20:14,#503,GX99,tUD,#509,49,249,1,,都市,都市,destroy,破壊,medium,visible_datetime,"#503[GX99が#509[tUD]領有中のLV.1都市 #509(49,249)を攻撃し、陣営のために破壊宝箱xを勝 ち取りました 2026-6-13 12:20:14"
frame_0280.png,history_modal,2026/06/13 12:21:08,#523,fIrE,0ao,#534,449,849,1,,都市,都市,destroy,破壊,medium,visible_datetime,"#523[fIrE]が#534[0ao]領有中のLV.1都市#534(449,849)を 攻撃し、陣営のために破壊宝箱＊を勝ち取りました 2026-6-13 12:21:08"
frame_0281.png,history_modal,2026/06/13 12:23:19,#523,EDFS,,#440,349,49,1,,都市,都市,destroy,破壊,medium,visible_datetime,"#523[EDFSが#440領有中のLV.1都市#440(349,49)を 攻撃し、陣営のために破壊宝箱xを勝ち取りました 2026-6-13 12:23:19"
frame_0281.png,history_modal,2026/06/13 12:23:28,#523,fIrE,f4j,#534,549,849,1,,都市,都市,destroy,破壊,medium,visible_datetime,"#523[fIrE]が#534[f4j]領有中のLV.1都市#534(549,849)を 攻撃し、陣営のために破壊宝箱xを勝ち取りました 2026-6-13 12:23:28"
frame_0281.png,history_modal,2026/06/13 12:28:29,#440,BAJ,WUG,#523,749,749,2,,都市,都市,destroy,破壊,medium,visible_datetime,"#440[BAが#523[WUG]領有中のLV.2都市#523(749,749)を 攻撃し、陣営のために破壊宝箱＊5を勝ち取りました 2026-6-13 12:28:29"
frame_0281.png,history_modal,2026/06/13 12:29:23,#511,2N7,EDFS,#523,149,49,1,,都市,都市,destroy,破壊,medium,visible_datetime,"#511[2N7]が#523[EDFS]領有中のLV.1都市#523(149,49)を 攻撃し、陣営のために破壊宝箱xを勝ち取りました 2026-6-13 12:29:23"
frame_0281.png,history_modal,2026/06/13 12:29:54,#503,CO2g,,#440,949,249,1,,都市,都市,destroy,破壊,medium,visible_datetime,"#503[CO2g]が#440領有中のLV.1都市#440(949,249)を 攻撃し、陣営のために破壊宝箱xを勝ち取りました 2026-6-13 12:29:54"
frame_0282.png,history_modal,2026/06/13 12:28:29,#440,BAJ,WUG,#523,749,749,2,,都市,都市,destroy,破壊,medium,visible_datetime,"#440[BAが#523[WUG]領有中のLv.2都市#523(749,749)を 攻撃し、陣営のために破壊宝箱x5を勝ち取りました 2026-6-13 12:28:29"
frame_0282.png,history_modal,2026/06/13 12:29:23,#511,2N7,EDFS,#523,149,49,1,,都市,都市,destroy,破壊,medium,visible_datetime,"#511[2N7]が#523[EDFS]領有中のLV.1都市#523(149,49)を 攻撃し、陣宮のために破壊宝額xを勝ち取りました 2026-6-13 12:29:23"
frame_0282.png,history_modal,2026/06/13 12:29:54,#503,CO24,,#440,949,249,1,,都市,都市,destroy,破壊,medium,visible_datetime,"#503[CO24]が#440領有中のLV.1都市#440(949,249)を 攻撃し、陣営のために破壊宝箱xをち取りました 2026-6-13 12:29:54"
frame_0283.png,history_modal,2026/06/13 12:31:45,#511,2N7,EDFS,#523,149,149,1,,都市,都市,destroy,破壊,medium,visible_datetime,"#511[2N7]が#523[EDFS]領有中のLV.1都市#523(149,149)を 攻撃し、陣営のために破壊宝箱xを勝ち取りました 2026-6-13 12:31:45"
frame_0284.png,history_modal,2026/06/13 12:30:02,#476,476M,5Va,#511,949,549,1,,都市,都市,destroy,破壊,medium,visible_datetime,"#476[476M]が#511[5Va]領有中のLV.1都市 #511(949,549)を攻撃し、陣営のために破壊宝額xを勝 ち取りました 2026-6-13 12:30:02"
frame_0284.png,history_modal,2026/06/13 12:32:48,#480,BgNa,IMP,#440,149,649,1,,都市,都市,destroy,破壊,medium,visible_datetime,"#480[BgNa]が#440[IMp]領有中のLV.1都市 #440(149,649)を攻撃し、陣営のために破壊宝箱＊2を勝 ち取りました 2026-6-13 12:32:48"
frame_0285.png,history_modal,2026/06/13 12:31:45,#511,2N7,EDFS,#523,149,149,1,,都市,都市,destroy,破壊,medium,visible_datetime,"#511[2N7]が#523[EDFS]領有中のLV.1都市#523(149,149)を 攻撃し、陣営のために破壊宝箱xを勝ち取りました 2026-6-13 12:31:45"
frame_0285.png,history_modal,2026/06/13 12:32:48,#480,BgNa,IMP,#440,149,549,1,,都市,都市,destroy,破壊,medium,visible_datetime,"#480[BgNa]が#440[IMp]領有中のLV.1都市 #440(149,549)を攻撃し、陣営のために破壊宝箱x2を勝 ち取りました 2026-6-13 12:32:48"
frame_0285.png,history_modal,2026/06/13 12:33:27,#476,476X,nol,#534,649,749,2,,都市,都市,destroy,破壊,medium,visible_datetime,"#476[476X]が#534[nol]領有中のLv.2都市 #534(649,749)を攻撃し、陣営のために破壊宝箱x5を勝 ち取りました 2026-6-13 12:33:27"
frame_0286.png,history_modal,2026/06/13 12:31:45,#511,2N7,EDFS,#523,149,149,1,,都市,都市,destroy,破壊,medium,visible_datetime,"#511[2N7]が#523[EDFS]領有中のLV.1都市#523(149,149)を 攻撃し、陣営のために破壊宝箱xをち取りました 2026-6-13 12:31:45"
frame_0286.png,history_modal,2026/06/13 12:33:27,#476,476X,nol,#534,649,749,2,,都市,都市,destroy,破壊,medium,visible_datetime,"#476[476X]が#534[nol]領有中のLV.2都市 #534(649,749)を攻撃し、陣営のために破壊宝箱x5を勝 ち取りました 2026-6-13 12:33:27"
frame_0286.png,history_modal,2026/06/13 12:36:00,#480,RCON,TaW,#440,749,849,1,,都市,都市,destroy,破壊,medium,visible_datetime,"#480[RCONが#440[TaW]領有中のLV.1都市 #440(749,849)を攻撃し、陣営のために破壊宝箱x2を勝 ち取りました 2026-6-13 12:36:00"
frame_0286.png,history_modal,2026/06/13 12:36:51,#503,fzn,DOLU,#440,949,149,1,,都市,都市,destroy,破壊,medium,visible_datetime,"#503[fzn]が#440[DOLU]領有中のLV.1都市 #440(949,149)を攻撃し、陣営のために破壊宝箱xを勝 ち取りました 2026-6-13 12:36:51"
frame_0287.png,history_modal,2026/06/13 12:32:48,#480,BgNa,IMP,#440,149,649,1,,都市,都市,destroy,破壊,medium,visible_datetime,"#480[BgNa]が#440[IMp]領有中のLV.1都市 #440(149,649)を攻撃し、陣営のために破壊宝箱x2を勝 ち取りました 2026-6-13 12:32:48"
frame_0287.png,history_modal,2026/06/13 12:33:27,#476,476X,nol,#534,649,749,2,,都市,都市,destroy,破壊,medium,visible_datetime,"#476[476X]が#534[nol]領有中のLv.2都市 #534(649,749)を攻撃し、陣営のために破壊宝箱x5を勝 ち取りました 2026-6-13 12:33:27"
frame_0287.png,history_modal,2026/06/13 12:37:48,#503,COZy,,#440,849,249,1,,都市,都市,destroy,破壊,medium,visible_datetime,"#503[COZy]が#440領有中のLV.1都市#440(849,249)を 攻撃し、陣営のために破壊宝箱xを勝ち取りました 2026-6-13 12:37:48"
frame_0288.png,history_modal,2026/06/13 12:36:51,#503,fzn,DOLU,#440,949,149,1,,都市,都市,destroy,破壊,medium,visible_datetime,"#503[fzn]が#440[DOLU]領有中のLV.1都市 #440(949,149)を攻撃し、陣営のために破壊宝箱xを勝 ち取りました 2026-6-13 12:36:51"
frame_0288.png,history_modal,2026/06/13 12:37:48,#503,COZy,,#440,849,249,1,,都市,都市,destroy,破壊,medium,visible_datetime,"#503[COZy]が#440領有中のLV.1都市#440(849,249)を 攻撃し、陣営のために破壊宝箱x2を勝ち取りました 2026-6-13 12:37:48"
frame_0288.png,history_modal,2026/06/13 12:38:25,#503,fzn,DOLU,#440,849,149,1,,都市,都市,destroy,破壊,medium,visible_datetime,"#503[fznが#440[DOLU]領有中のLV.1都市 #440(849,149)を攻撃し、陣営のために破壊宝箱xを勝 ち取りました 2026-6-13 12:38:25"
frame_0289.png,history_modal,2026/06/13 12:37:48,#503,COZy,,#440,849,249,1,,都市,都市,destroy,破壊,medium,visible_datetime,"#503[COZy]が#440領有中のLV.1都市#440(849,249)を 攻撃し、陣営のために破壊宝箱x2を勝ち取りました 2026-6-13 12:37:48"
frame_0289.png,history_modal,2026/06/13 12:39:55,#509,SsQ,EDFS,#523,249,349,2,,都市,都市,destroy,破壊,medium,visible_datetime,"#509[5s0]が#523[EDFS]領有中のLv.2都市 #523(249,349)を攻撃し、陣営のために破壊宝箱x5を勝 ち取りました 2026-6-13 12:39:55"
frame_0289.png,history_modal,2026/06/13 12:46:03,#503,Bye,89M,#534,949,549,1,,都市,都市,destroy,破壊,medium,visible_datetime,"#503[Bye]が#534[89M]領有中のLV.1都市#534(949,549)を 攻撃し、陣営のために破壊宝箱xを勝ち取りました 2026-6-13 12:46:03"
frame_0290.png,history_modal,2026/06/13 12:37:48,#503,CO2yI,,#440,849,249,1,,都市,都市,destroy,破壊,medium,visible_datetime,"#503[CO2yIが#440領有中のLV.1都市#440(849,249)を 攻撃し、陣営のために破壊宝箱x2を勝ち取りました 2026-6-13 12:37:48"
frame_0290.png,history_modal,2026/06/13 12:37:56,#523,NBNH,WoWJ3,#440,449,49,1,,都市,都市,destroy,破壊,medium,visible_datetime,"#523[NBNH]が#440[WoWJ3]領有中のLV.1都市 #440(449,49)を攻撃し、陣営のために破壊宝箱xを勝 ち取りました 2026-6-13 12:37:56"
frame_0290.png,history_modal,2026/06/13 12:39:55,#509,SsQ,EDFS,#523,249,349,2,,都市,都市,destroy,破壊,medium,visible_datetime,"#509[5s0]が#523[EDFS]領有中のLV.2都市 #523(249,349)を攻撃し、陣営のために破壊宝箱x5を勝 ち取りました 2026-6-13 12:39:55"
frame_0291.png,history_modal,2026/06/13 12:46:03,#503,Bye,89M,#534,949,549,1,,都市,都市,destroy,破壊,medium,visible_datetime,"#503[Bye]が#534[89M]領有中のLV.1都市#534(949,549)を 攻撃し、陣営のために破壊宝箱xをち取りました 2026-6-13 12:46:03"
frame_0291.png,history_modal,2026/06/13 20:15:06,#476,476X,GcC,#440,349,349,3,,都市,都市,destroy,破壊,medium,visible_datetime,"#476[476X]が#440[Gcc]領有中のLV.3都市 #440(349,349)を攻撃し、陣営のために破壊宝箱x10を 勝ち取りました 2026-6-13 20:15:06"
frame_0292.png,history_modal,2026/06/13 12:51:15,#503,xjR,89M,#534,749,749,2,,都市,都市,destroy,破壊,medium,visible_datetime,"#503[xjRが#534[89M]領有中のLV.2都市#534(749,749)を 攻撃し、陣営のために破壊宝箱x5を勝ち取りました 2026-6-13 12:51:15"
frame_0292.png,history_modal,2026/06/13 20:13:14,#476,476B,GcC,#440,449,349,3,,都市,都市,destroy,破壊,medium,visible_datetime,"#476[476B]が#440[Gcc]領有中のLV.3都市 #440(449,349)を攻撃し、陣営のために破壊宝箱*10を 勝ち取りました 2026-6-13 20:13:14"
frame_0292.png,history_modal,2026/06/13 20:15:06,#476,476X,GcC,#440,349,349,3,,都市,都市,destroy,破壊,medium,visible_datetime,"#476[476X]が#440[Gcc]領有中のLV.3都市 #440(349,349)を攻撃し、陣営のために破壊宝箱x10を 勝ち取りました 2026-6-13 20:15:06"
frame_0292.png,history_modal,2026/06/13 20:15:38,#476,476A,GcC,#440,349,649,3,,都市,都市,destroy,破壊,medium,visible_datetime,"#476[476A]が#440[Gcc]領有中のLV.3都市 #440(349,649)を攻撃し、陣営のために破壊宝箱x10を 勝ち取りました 2026-6-13 20:15:38"
frame_0293.png,history_modal,2026/06/13 12:51:15,#503,xjR,89M,#534,749,749,2,,都市,都市,destroy,破壊,medium,visible_datetime,"#503[xjR]が#534[89M]領有中のLv.2都市#534(749,749)を 攻撃し、陣営のために破壊宝箱x5を勝ち取りました 2026-6-13 12:51:15"
frame_0293.png,history_modal,2026/06/13 20:13:14,#476,476B,GcC,#440,449,349,3,,都市,都市,destroy,破壊,medium,visible_datetime,"#476[476B]が#440[Gcc]領有中のLV.3都市 #440(449,349)を攻撃し、陣営のために破壊宝箱＊10を 勝ち取りました 2026-6-13 20:13:14"
frame_0293.png,history_modal,2026/06/13 20:15:06,#476,476X,GcC,#440,349,349,3,,都市,都市,destroy,破壊,medium,visible_datetime,"#476[476X]が#440[Gcc]領有中のLV.3都市 #440(349,349)を攻撃し、陣営のために破壊宝額x10を 勝ち取りました 2026-6-13 20:15:06"
frame_0293.png,history_modal,2026/06/13 20:15:38,#476,476A,GcC,#440,349,649,3,,都市,都市,destroy,破壊,medium,visible_datetime,"#476[476Aが#440[Gcc]領有中のLV.3都市 #440(349,649)を攻撃し、陣営のために破壊宝額＊10を 勝ち取りました 2026-6-13 20:15:38"
frame_0293.png,history_modal,2026/06/13 20:16:20,#476,4752,SHA0,#534,349,149,1,,都市,都市,destroy,破壊,medium,visible_datetime,"#476[4752]が#534[SHA0]領有中のLV.1都市 #534(349,149)を攻撃し、陣営のために破壊宝箱xを勝 ち取りました 2026-6-13 20:16:20"
frame_0294.png,history_modal,2026/06/13 20:15:06,#476,476X,GcC,#440,349,349,3,,都市,都市,destroy,破壊,medium,visible_datetime,"#476[476X]が#440[Gcc]領有中のLV.3都市 #440(349,349)を攻撃し、陣営のために破壊宝箱x10を 勝ち取りました 2026-6-13 20:15:06"
frame_0294.png,history_modal,2026/06/13 20:15:38,#476,476A,GcC,#440,349,649,3,,都市,都市,destroy,破壊,medium,visible_datetime,"#476[476A]が#440[Gcc]領有中のLV.3都市 #440(349,649)を攻撃し、陣営のために破壊宝箱x10を 勝ち取りました 2026-6-13 20:15:38"
frame_0294.png,history_modal,2026/06/13 20:16:20,#476,4762,SHA0,#534,349,149,1,,都市,都市,destroy,破壊,medium,visible_datetime,"#476[4762]が#534[SHA0]領有中のLV.1都市 #534(349,149)を攻撃し、陣営のために破壊宝箱x2を勝 ち取りました 2026-6-13 20:16:20"
frame_0295.png,history_modal,2026/06/13 20:23:17,#503,Bye,JDX,#534,849,549,1,,都市,都市,destroy,破壊,medium,visible_datetime,"#503[Byeが#534[DX]領有中のLV.1都市#534(849,549)を 攻撃し、陣営のために破壊宝箱xを勝ち取りました 2026-6-13 20:23:17"
frame_0295.png,history_modal,2026/06/13 20:39:08,#523,50U,WoW3,#440,549,49,1,,都市,都市,destroy,破壊,medium,visible_datetime,"#523[50U]が#440[WoW3]領有中のLV.1都市 #440(549,49)を攻撃し、陣営のために破壊宝箱x2を勝 ち取りました 2026-6-13 20:39:08"
frame_0295.png,history_modal,2026/06/13 20:41:05,#523,WUG,2N7,#511,249,249,2,,都市,都市,destroy,破壊,medium,visible_datetime,"#523[WUG]が#511[2N7]領有中のLv.2都市#511(249,249)を 攻撃し、陣営のために破壊宝箱x5を勝ち取りました 2026-6-13 20:41:05"
frame_0296.png,history_modal,2026/06/13 20:23:17,#503,Bye,JDX,#534,849,549,1,,都市,都市,destroy,破壊,medium,visible_datetime,"#503[Byeが#534[DX]領有中のLV.1都市#534(849,549)を 攻撃し、陣営のために破壊宝箱x2を勝ち取りました 2026-6-13 20:23:17"
frame_0296.png,history_modal,2026/06/13 20:41:05,#523,WUG,2N7,#511,249,249,2,,都市,都市,destroy,破壊,medium,visible_datetime,"#523[WUG]が#511[2N7]領有中のLv.2都市#511(249,249)を 攻撃し、陣営のために破壊宝箱x5を勝ち取りました 2026-6-13 20:41:05"
frame_0297.png,history_modal,2026/06/13 20:23:17,#503,Bye,JDX,#534,849,549,1,,都市,都市,destroy,破壊,medium,visible_datetime,"#503[Byeが#534[DX]領有中のLV.1都市#534(849,549)を 攻撃し、陣営のために破壊宝箱＊を勝ち取りました 2026-6-13 20:23:17"
frame_0297.png,history_modal,2026/06/13 20:41:05,#523,WUG,2N7,#511,249,249,2,,都市,都市,destroy,破壊,medium,visible_datetime,"#523[WUG]が#511[2N7]領有中のLv.2都市#511(249,249)を 攻撃し、陣営のために破壊宝箱x5を勝ち取りました 2026-6-13 20:41:05"
frame_0298.png,history_modal,2026/06/13 20:39:08,#523,50U,WoW3,#440,549,49,1,,都市,都市,destroy,破壊,medium,visible_datetime,"#523[50U]が#440[WoW3]領有中のLV.1都市 #440(549,49)を攻撃し、陣営のために破壊宝箱xを勝 ち取りました 2026-6-13 20:39:08"
frame_0298.png,history_modal,2026/06/13 20:43:18,#440,GoDs,EDFS,#523,149,349,1,,都市,都市,destroy,破壊,medium,visible_datetime,"#440[GoDs]が#523[EDFS]領有中のLV.1都市 #523(149,349)を攻撃し、陣営のために破壊宝箱xを勝 ち取りました 2026-6-13 20:43:18"
frame_0299.png,history_modal,2026/06/13 20:43:18,#440,GoDs,EDFS,#523,149,349,1,,都市,都市,destroy,破壊,medium,visible_datetime,"#440[GoDs]が#523[EDFS]領有中のLV.1都市 #523(149,349)を攻撃し、陣営のために破壊宝箱x2を勝 ち取りました 2026-6-13 20:43:18"
frame_0299.png,history_modal,2026/06/13 20:58:33,#503,hMt,,#440,849,349,1,,都市,都市,destroy,破壊,medium,visible_datetime,"#503[hMt]が#440領有中のLV.1都市#440(849,349)を 攻撃し、陣営のために破壊宝箱xを勝ち取りました 2026-6-13 20:58:33"
frame_0299.png,history_modal,2026/06/17 00:00:50,#503,Stj,,#440,749,249,2,,都市,都市,destroy,破壊,medium,visible_datetime,"#503[5tjが#440領有中のLV.2都市#440(749,249)を 攻撃し、陣営のために破壊宝箱x5を勝ち取りました 2026-6-17 00:00:50"
frame_0299.png,history_modal,2026/06/17 00:02:04,#511,2N7,,#523,249,49,1,,都市,都市,destroy,破壊,medium,visible_datetime,"#511[2N7]が#523領有中のLV.1都市#523(249,49)を攻 撃し、陣営のために破壊宝箱xを勝ち取りました 2026-6-17 00:02:04"
frame_0300.png,history_modal,2026/06/13 20:58:33,#503,hMt,,#440,849,349,1,,都市,都市,destroy,破壊,medium,visible_datetime,"#503[hMt]が#440領有中のLV.1都市#440(849,349)を 攻撃し、陣営のために破壊宝箱xを勝ち取りました 2026-6-13 20:58:33"
frame_0300.png,history_modal,2026/06/17 00:02:04,#511,2N7,,#523,249,49,1,,都市,都市,destroy,破壊,medium,visible_datetime,"#511[2N7]が#523領有中のLV.1都市#523(249,49)を攻 撃し、陣営のために破壊宝箱※を勝ち取りました 2026-6-17 00:02:04"
frame_0301.png,history_modal,2026/06/13 20:58:33,#503,hMt,,#440,849,349,1,,都市,都市,destroy,破壊,medium,visible_datetime,"#503[hMt]が#440領有中のLV.1都市#440(849,349)を 攻撃し、陣営のために破壊宝箱xを勝ち取りました 2026-6-13 20:58:33"
frame_0301.png,history_modal,2026/06/17 00:00:50,#503,Stj,,#440,749,249,2,,都市,都市,destroy,破壊,medium,visible_datetime,"#503[5tjが#440領有中のLV.2都市#440(749,249)を 攻撃し、陣営のために破壊宝箱x5を勝ち取りました 2026-6-17 00:00:50"
frame_0301.png,history_modal,2026/06/17 00:02:04,#511,2N7,,#523,249,49,1,,都市,都市,destroy,破壊,medium,visible_datetime,"#511[2N7]が#523領有中のLV.1都市#523(249,49)を攻 撃し、陣営のために破壊宝箱xを勝ち取りました 2026-6-17 00:02:04"
frame_0301.png,history_modal,2026/06/17 02:03:02,#523,NBNH,,#440,749,149,1,,都市,都市,destroy,破壊,medium,visible_datetime,"#523[NBNH]が#440領有中のLV.1都市#440(749,149)を 攻撃し、陣営のために破壊宝箱xを勝ち取りました 2026-6-17 02:03:02"
frame_0302.png,history_modal,2026/06/17 02:03:02,#523,NBNH,,#440,749,149,1,,都市,都市,destroy,破壊,medium,visible_datetime,"#523[NBNH]が#440領有中のLv.1都市#440(749,149)を 攻撃し、陣営のために破壊宝箱xを勝ち取りました 2026-6-17 02:03:02"
frame_0302.png,history_modal,2026/06/17 04:02:18,#476,476d,ext,#509,149,149,1,,都市,都市,destroy,破壊,medium,visible_datetime,"#476[476d]が#509[ext]領有中のLV.1都市 #509(149,149)を攻撃し、陣営のために破壊宝箱x2を勝 ち取りました 2026-6-17 04:02:18"
frame_0302.png,history_modal,2026/06/17 04:02:56,#523,EDFS,DOLU,#440,749,49,1,,都市,都市,destroy,破壊,medium,visible_datetime,"#523[EDFSが#440[DOLU]領有中のLV.1都市 #440(749,49)を攻撃し、陣営のために破壊宝額xを勝 ち取りました 2026-6-17 04:02:56"
frame_0303.png,history_modal,2026/06/17 04:02:18,#476,476d,ext,#509,149,149,1,,都市,都市,destroy,破壊,medium,visible_datetime,"#476[476d]が#509[ext]領有中のLV.1都市 #509(149,149)を攻撃し、陣営のために破壊宝箱xを勝 ち取りました 2026-6-17 04:02:18"
frame_0303.png,history_modal,2026/06/17 04:02:56,#523,EDFS,0OLU,#440,749,49,1,,都市,都市,destroy,破壊,medium,visible_datetime,"#523[EDFS]が#440[0OLU]領有中のLV.1都市 #440(749,49)を攻撃し、陣営のために破壊宝額xを勝 ち取りました 2026-6-17 04:02:56"
frame_0303.png,history_modal,2026/06/17 04:04:34,#523,5DU,,#440,549,149,1,,都市,都市,destroy,破壊,medium,visible_datetime,"#523[5DU]が#440領有中のLV.1都市#440(549,149)を 攻撃し、陣営のために破壊宝箱xを勝ち取りました 2026-6-17 04:04:34"
frame_0304.png,history_modal,2026/06/17 04:02:18,#476,476d,eXt,#509,149,149,1,,都市,都市,destroy,破壊,medium,visible_datetime,"#476[476d]が#509[eXt]領有中のLV.1都市 #509(149,149)を攻撃し、陣営のために破壊宝箱x2を勝 ち取りました 2026-6-17 04:02:18"
frame_0304.png,history_modal,2026/06/17 04:02:56,#523,EDFS,0OLU,#440,749,49,1,,都市,都市,destroy,破壊,medium,visible_datetime,"#523[EDFS]が#440[0OLU]領有中のLV.1都市 #440(749,49)を攻撃し、陣営のために破壊宝箱xを勝 ち取りました 2026-6-17 04:02:56"
frame_0304.png,history_modal,2026/06/17 04:04:34,#523,5DU,,#440,549,149,1,,都市,都市,destroy,破壊,medium,visible_datetime,"#523[5DUが#440領有中のLV.1都市#440(549,149)を 攻撃し、陣営のために破壊宝箱※を勝ち取りました 2026-6-17 04:04:34"
frame_0305.png,history_modal,2026/06/17 04:03:59,#476,476d,VEX,#509,249,149,1,,都市,都市,destroy,破壊,medium,visible_datetime,"#476[476d]が#509[VEX]領有中のLV.1都市 #509(249,149)を攻撃し、陣営のために破壊宝箱x2を勝 ち取りました 2026-6-17 04:03:59"
frame_0305.png,history_modal,2026/06/17 04:04:34,#523,5DU,,#440,549,149,1,,都市,都市,destroy,破壊,medium,visible_datetime,"#523[5DUが#440領有中のLV.1都市#440(549,149)を 攻撃し、陣営のために破壊宝箱xを勝ち取りました 2026-6-17 04:04:34"
frame_0305.png,history_modal,2026/06/17 04:07:41,#503,CO2y,D0LU,#440,849,49,1,,都市,都市,destroy,破壊,medium,visible_datetime,"#503[CO2y]が#440[D0LU]領有中のLV.1都市 #440(849,49)を攻撃し、陣営のために破壊宝箱★を勝 ち取りました 2026-6-17 04:07:41"
frame_0305.png,history_modal,2026/06/17 04:08:26,#523,WUG,,#440,649,149,1,,都市,都市,destroy,破壊,medium,visible_datetime,"#523[WUG]が#440領有中のLV.1都市#440(649,149)を 攻撃し、陣営のために破壊宝箱xをち取りました 2026-6-17 04:08:26"
frame_0306.png,history_modal,2026/06/17 04:07:41,#503,COZy,DOLU,#440,849,49,1,,都市,都市,destroy,破壊,medium,visible_datetime,"#503[COZy]が#440[DOLU]領有中のLV.1都市 #440(849,49)を攻撃し、陣営のために破壊宝箱xを勝 ち取りました 2026-6-17 04:07:41"
frame_0306.png,history_modal,2026/06/17 04:13:55,#476,476A,GcC,#440,449,5649,3,,都市,都市,destroy,破壊,medium,visible_datetime,"#476[476Aが#440[Gcc]領有中のLV.3都市 #440(449,5649)を攻撃し、陣営のために破壊宝箱x10を 勝ち取りました 2026-6-17 04:13:55"
frame_0307.png,history_modal,2026/06/17 04:07:41,#503,COZy,DOLU,#440,849,49,1,,都市,都市,destroy,破壊,medium,visible_datetime,"#503[COZy]が#440[DOLU]領有中のLV.1都市 #440(849,49)を攻撃し、陣営のために破壊宝額xを勝 ち取りました 2026-6-17 04:07:41"
frame_0307.png,history_modal,2026/06/17 04:08:26,#523,WUG,,#440,649,149,1,,都市,都市,destroy,破壊,medium,visible_datetime,"#523[WUG]が#440領有中のLV.1都市#440(649,149)を 攻撃し、陣営のために破壊宝箱x2を勝ち取りました 2026-6-17 04:08:26"
frame_0307.png,history_modal,2026/06/17 04:13:42,#523,K4TR,,#440,649,49,1,,都市,都市,destroy,破壊,medium,visible_datetime,"#523[K4TR]が#440領有中のLV.1都市#440(649,49)を 攻撃し、陣営のために破壊宝箱xを勝ち取りました 2026-6-17 04:13:42"
frame_0307.png,history_modal,2026/06/17 04:14:49,#534,KTVS,u3o,#523,49,749,1,,都市,都市,destroy,破壊,medium,visible_datetime,"#534[KTVS]が#523[u30]領有中のLV.1都市#523(49,749)を 攻撃し、陣営のために破壊宝箱xを勝ち取りました 2026-6-17 04:14:49"
frame_0308.png,history_modal,2026/06/17 04:08:26,#523,WUG,,#440,649,149,1,,都市,都市,destroy,破壊,medium,visible_datetime,"#523[WUG]が#440領有中のLV.1都市#440(649,149)を 攻撃し、陣営のために破壊宝箱xを勝ち取りました 2026-6-17 04:08:26"
frame_0308.png,history_modal,2026/06/17 04:13:42,#523,K4TR,,#440,649,49,1,,都市,都市,destroy,破壊,medium,visible_datetime,"#523[K4TR]が#440領有中のLV.1都市#440(649,49)を 攻撃し、陣営のために破壊宝箱xを勝ち取りました 2026-6-17 04:13:42"
frame_0308.png,history_modal,2026/06/17 04:13:55,#476,476A,GcC,#440,449,649,3,,都市,都市,destroy,破壊,medium,visible_datetime,"#476[476A]が#440[Gcc]領有中のLV.3都市 #440(449,649)を攻撃し、陣営のために破壊宝箱x10を 勝ち取りました 2026-6-17 04:13:55"
frame_0308.png,history_modal,2026/06/17 04:14:49,#534,KTVS,u3o,#523,49,749,1,,都市,都市,destroy,破壊,medium,visible_datetime,"#534[KTVS]が#523[u30]領有中のLV.1都市#523(49,749)を 攻撃し、陣営のために破壊宝箱xを勝ち取りました 2026-6-17 04:14:49"
frame_0309.png,history_modal,2026/06/17 04:13:55,#476,476A,GcC,#440,449,649,3,,都市,都市,destroy,破壊,medium,visible_datetime,"#476[476Aが#440[Gcc]領有中のLV.3都市 #440(449,649)を攻撃し、陣営のために破壊宝箱※10を 勝ち取りました 2026-6-17 04:13:55"
frame_0309.png,history_modal,2026/06/17 04:14:49,#534,KTVS,u3o,#523,49,749,1,,都市,都市,destroy,破壊,medium,visible_datetime,"#534[KTVS]が#523[u30]領有中のLV.1都市#523(49,749)を 攻撃し、陣営のために破壊宝箱xを勝ち取りました 2026-6-17 04:14:49"
frame_0309.png,history_modal,2026/06/17 04:14:51,#534,JDX,u3o,#523,49,649,1,,都市,都市,destroy,破壊,medium,visible_datetime,"#534[JDX]が#523[u30]領有中のLV.1都市#523(49,649)を 攻撃し、陣営のために破壊宝箱x2を勝ち取りました 2026-6-17 04:14:51"
frame_0309.png,history_modal,2026/06/17 04:16:12,#534,KTVS,u3o,#523,149,749,1,,都市,都市,destroy,破壊,medium,visible_datetime,"#534[KTVS]が#523[u30]領有中のLV.1都市#523(149,749)を 攻撃し、陣営のために破壊宝箱xを勝ち取りました 2026-6-17 04:16:12"
frame_0310.png,history_modal,2026/06/17 04:14:51,#534,JDX,u3o,#523,49,649,1,,都市,都市,destroy,破壊,medium,visible_datetime,"#534[JDX]が#523[u3o]領有中のLV.1都市#523(49,649)を 攻撃し、陣営のために破壊宝箱xを勝ち取りました 2026-6-17 04:14:51"
frame_0310.png,history_modal,2026/06/17 04:16:12,#534,KTVS,u3o,#523,149,749,1,,都市,都市,destroy,破壊,medium,visible_datetime,"#534[KTVS]が#523[u30]領有中のLV.1都市#523(149,749)を 攻撃し、陣営のために破壊宝箱xを勝ち取りました 2026-6-17 04:16:12"
frame_0310.png,history_modal,2026/06/17 04:17:57,#476,476A,FHX,#509,549,649,3,,都市,都市,destroy,破壊,medium,visible_datetime,"#476[476A]が#509[FHX]領有中のLV.3都市 #509(549,649)を攻撃し、陣営のために破壊宝箱x10を 勝ち取りました 2026-6-17 04:17:57"
frame_0311.png,history_modal,2026/06/17 04:16:12,#534,KTVS,u3o,#523,149,749,1,,都市,都市,destroy,破壊,medium,visible_datetime,"#534[KTVS]が#523[u30]領有中のLV.1都市#523(149,749)を Xく 攻撃し、陣営のために破壊宝箱xを勝ち取りました 2026-6-17 04:16:12"
frame_0311.png,history_modal,2026/06/17 04:17:57,#476,476A,FHX,#509,549,649,3,,都市,都市,destroy,破壊,medium,visible_datetime,"#476[476Aが#509[FHX]領有中のLV.3都市 #509(549,649)を攻撃し、陣営のために破壊宝箱x10を 勝ち取りました 2026-6-17 04:17:57"
frame_0311.png,history_modal,2026/06/17 04:39:55,#480,BgNa,GoDs,#440,49,849,1,,都市,都市,destroy,破壊,medium,visible_datetime,"#480[BgNa]が#440[GoDs]領有中のLV.1都市 #440(49,849)を攻撃し、陣営のために破壊宝箱x2を勝 ち取りました 2026-6-17 04:39:55"
frame_0311.png,history_modal,2026/06/17 04:48:53,#523,NBNH,2N7,#511,449,49,1,,都市,都市,destroy,破壊,medium,visible_datetime,"#523[NBNH]が#511[2N7]領有中のLV.1都市#511(449,49)を 攻撃し、陣営のために破壊宝箱x2を勝ち取りました 2026-6-17 04:48:53"
frame_0312.png,history_modal,2026/06/17 04:16:12,#534,KTVS,u3o,#523,149,749,1,,都市,都市,destroy,破壊,medium,visible_datetime,"#534[KTVS]が#523[u30]領有中のLV.1都市#523(149,749)を 攻撃し、陣営のために破壊宝額x2を勝ち取りました 2026-6-17 04:16:12"
frame_0312.png,history_modal,2026/06/17 04:17:57,#476,476A,FHX,#509,549,649,3,,都市,都市,destroy,破壊,medium,visible_datetime,"#476[476A]が#509[FHX]領有中のLV.3都市 #509(549,649)を攻撃し、陣営のために破壊宝箱＊10を 勝ち取りました 2026-6-17 04:17:57"
frame_0312.png,history_modal,2026/06/17 04:39:55,#480,BgNa,GoDs,#440,49,849,1,,都市,都市,destroy,破壊,medium,visible_datetime,"#480[BgNa]が#440[GoDs]領有中のLV.1都市 #440(49,849)を攻撃し、陣営のために破壊宝額＊を勝 ち取りました 2026-6-17 04:39:55"
frame_0312.png,history_modal,2026/06/17 04:48:53,#523,NBNH,2N7,#511,449,49,1,,都市,都市,destroy,破壊,medium,visible_datetime,"#523[NBNH]が#511[2N7]領有中のLV.1都市#511(449,49)を 攻撃し、陣営のために破壊宝箱x2を勝ち取りました 2026-6-17 04:48:53"
frame_0313.png,history_modal,2026/06/17 04:48:53,#523,NBNH,2N7,#511,449,49,1,,都市,都市,destroy,破壊,medium,visible_datetime,"#523[NBNH]が#511[2N7]領有中のLV.1都市#511(449,49)を 攻撃し、陣営のために破壊宝箱x2を勝ち取りました 2026-6-17 04:48:53"
frame_0313.png,history_modal,2026/06/17 12:01:58,#509,SsQ,,#523,349,649,3,,都市,都市,destroy,破壊,medium,visible_datetime,"#509[5s0]が#523領有中のLV.3都市#523(349,649)を攻 撃し、陣営のために破壊宝箱＊10を勝ち取りました 2026-6-17 12:01:58"
frame_0313.png,history_modal,2026/06/17 12:02:07,#503,TIKW,TaW,#440,749,349,2,,都市,都市,destroy,破壊,medium,visible_datetime,"#503[TIKWが#440[TaW]領有中のLv.2都市 #440(749,349)を攻撃し、陣営のために破壊宝箱x5を勝 ち取りました 2026-6-17 12:02:07"
frame_0313.png,history_modal,2026/06/17 12:02:17,#511,2N7,K4TR,#523,249,149,1,,都市,都市,destroy,破壊,medium,visible_datetime,"#511[2N7]が#523[K4TR]領有中のLV.1都市#523(249,149)を 攻撃し、陣営のために破壊宝箱xを勝ち取りました 2026-6-17 12:02:17"
frame_0314.png,history_modal,2026/06/17 12:01:58,#509,SsQ,,#523,349,649,3,,都市,都市,destroy,破壊,medium,visible_datetime,"#509[5s0]が#523領有中のLV.3都市#523(349,649)を攻 撃し、陣営のために破壊宝箱x10を勝ち取りました 2026-6-17 12:01:58"
frame_0314.png,history_modal,2026/06/17 12:02:07,#503,TIKW,TaW,#440,749,349,2,,都市,都市,destroy,破壊,medium,visible_datetime,"#503[TIKWが#440[TaW]領有中のLv.2都市 #440(749,349)を攻撃し、陣営のために破壊宝箱x5を勝 ち取りました 2026-6-17 12:02:07"
frame_0314.png,history_modal,2026/06/17 12:02:17,#511,2N7,K4TR,#523,249,149,1,,都市,都市,destroy,破壊,medium,visible_datetime,"#511[2N7]が#523[K4TR]領有中のLV.1都市#523(249,149)を 攻撃し、陣営のために破壊宝箱＊を勝ち取りました 2026-6-17 12:02:17"
frame_0314.png,history_modal,2026/06/17 12:02:31,#509,BHE,WUG,#523,549,749,2,,都市,都市,destroy,破壊,medium,visible_datetime,"#509[BHE]が#523[WUG]領有中のLv.2都市 #523(549,749)を攻撃し、陣営のために破壊宝箱x5を勝 ち取りました 2026-6-17 12:02:31"
frame_0314.png,history_modal,2026/06/17 12:02:53,#509,FHX,WUG,#523,549,649,3,,都市,都市,destroy,破壊,medium,visible_datetime,"#509[FHX]が#523[WUG]領有中のLV.3都市 #523(549,649)を攻撃し、陣営のために破壊宝箱x10を 勝ち取りました 2026-6-17 12:02:53"
frame_0315.png,history_modal,2026/06/17 12:02:07,#503,TIKW,Tal,#440,749,349,2,,都市,都市,destroy,破壊,medium,visible_datetime,"#503[TIKWが#440[Tal]領有中のLv.2都市 #440(749,349)を攻撃し、陣営のために破壊宝箱x5を勝 ち取りました 2026-6-17 12:02:07"
frame_0315.png,history_modal,2026/06/17 12:02:17,#511,2N7,K4TR,#523,249,149,1,,都市,都市,destroy,破壊,medium,visible_datetime,"#511[2N7]が#523[K4TR]領有中のLV.1都市#523(249,149)を 攻撃し、陣営のために破壊宝箱＊を勝ち取りました 2026-6-17 12:02:17"
frame_0315.png,history_modal,2026/06/17 12:02:31,#509,BHE,WUG,#523,549,749,2,,都市,都市,destroy,破壊,medium,visible_datetime,"#509[BHE]が#523[WUG]領有中のLv.2都市 #523(549,749)を攻撃し、陣営のために破壊宝箱x5を勝 ち取りました 2026-6-17 12:02:31"
frame_0315.png,history_modal,2026/06/17 12:02:53,#509,FHX,WUG,#523,549,649,3,,都市,都市,destroy,破壊,medium,visible_datetime,"#509[FHX]が#523[WUG]領有中のLV.3都市 #523(549,649)を攻撃し、陣営のために破壊宝箱x10を 勝ち取りました 2026-6-17 12:02:53"
frame_0316.png,history_modal,2026/06/17 12:02:07,#503,TIKW,TaW,#440,749,349,2,,都市,都市,destroy,破壊,medium,visible_datetime,"#503[TIKWが#440[TaW]領有中のLv.2都市 #440(749,349)を攻撃し、陣営のために破壊宝箱*5を勝 ち取りました 2026-6-17 12:02:07"
frame_0316.png,history_modal,2026/06/17 12:02:17,#511,2N7,K4TR,#523,249,149,1,,都市,都市,destroy,破壊,medium,visible_datetime,"#511[2N7]が#523[K4TR]領有中のLV.1都市#523(249,149)を 攻撃し、陣営のために破壊宝箱xを勝ち取りました 2026-6-17 12:02:17"
frame_0316.png,history_modal,2026/06/17 12:02:31,#509,BHE,WUG,#523,549,749,2,,都市,都市,destroy,破壊,medium,visible_datetime,"#509[BHE]が#523[WUG]領有中のLv.2都市 #523(549,749)を攻撃し、陣営のために破壊宝箱x5を勝 ち取りました 2026-6-17 12:02:31"
frame_0316.png,history_modal,2026/06/17 12:02:53,#509,FHX,WUG,#523,549,649,3,,都市,都市,destroy,破壊,medium,visible_datetime,"#509[FHX]が#523[WUG]領有中のLV.3都市 #523(549,649)を攻撃し、陣営のために破壊宝箱x10を 勝ち取りました 2026-6-17 12:02:53"
frame_0316.png,history_modal,2026/06/17 12:03:17,#503,299,TrX,#440,849,549,1,,都市,都市,destroy,破壊,medium,visible_datetime,"#503[299]が#440[TrX]領有中のLV.1都市#440(849,549)を 攻撃し、陣営のために破壊宝箱xを勝ち取りました 2026-6-17 12:03:17"
frame_0317.png,history_modal,2026/06/17 12:02:53,#509,FHX,WUG,#523,549,649,3,,都市,都市,destroy,破壊,medium,visible_datetime,"#509[FHX]が#523[WUG]領有中のLV.3都市 #523(549,649)を攻撃し、陣営のために破壊宝額x10を 勝ち取りました 2026-6-17 12:02:53"
frame_0317.png,history_modal,2026/06/17 12:03:17,#503,299,TrX,#440,849,549,1,,都市,都市,destroy,破壊,medium,visible_datetime,"#503[299]が#440[TrX]領有中のLV.1都市#440(849,549)を 攻撃し、陣営のために破壊宝額x2を勝ち取りました 2026-6-17 12:03:17"
frame_0318.png,history_modal,2026/06/17 12:03:17,#503,299,TrX,#440,849,549,1,,都市,都市,destroy,破壊,medium,visible_datetime,"#503[299]が#440[TrX]領有中のLV.1都市#440(849,549)を 攻撃し、陣営のために破壊宝額xを勝ち取りました 2026-6-17 12:03:17"
frame_0318.png,history_modal,2026/06/17 12:04:18,#503,Lghs,BAJ,#440,549,749,2,,都市,都市,destroy,破壊,medium,visible_datetime,"#503[Lghs]が#440[BA]領有中のLv.2都市 #440(549,749)を攻撃し、陣営のために破壊宝箱x5を勝 ち取りました 2026-6-17 12:04:18"
frame_0318.png,history_modal,2026/06/17 12:07:36,#480,cDf8,DaNG,#511,649,949,1,,都市,都市,destroy,破壊,medium,visible_datetime,"#480[cDf8が#511[DaNG]領有中のLV.1都市 #511(649,949)を攻撃し、陣営のために破壊宝箱x2を勝 ち取りました 2026-6-17 12:07:36"
frame_0318.png,history_modal,2026/06/17 12:08:02,#509,MOn,cDf8,#480,749,449,2,,都市,都市,destroy,破壊,medium,visible_datetime,"#509[MOn]が#480[cDf8]領有中のLV.2都市 #480(749,449)を攻撃し、陣営のために破壊宝箱x5を勝 ち取りました 2026-6-17 12:08:02"
frame_0319.png,history_modal,2026/06/17 12:03:17,#503,299,TrX,#440,849,549,1,,都市,都市,destroy,破壊,medium,visible_datetime,"#503[299]が#440[TrX]領有中のLV.1都市#440(849,549)を 攻撃し、陣営のために破壊宝箱＊を勝ち取りました 2026-6-17 12:03:17"
frame_0319.png,history_modal,2026/06/17 12:07:36,#480,C0f8,DaNG,#511,649,949,1,,都市,都市,destroy,破壊,medium,visible_datetime,"#480[C0f8が#511[DaNG]領有中のLV.1都市 #511(649,949)を攻撃し、陣営のために破壊宝箱＊を勝 ち取りました 2026-6-17 12:07:36"
frame_0319.png,history_modal,2026/06/17 12:08:02,#509,Mon,cDf8,#480,749,449,2,,都市,都市,destroy,破壊,medium,visible_datetime,"#509[Monが#480[cDf8]領有中のLV.2都市 #480(749,449)を攻撃し、陣営のために破壊宝箱x5を勝 ち取りました 2026-6-17 12:08:02"
frame_0320.png,history_modal,2026/06/17 12:07:36,#480,CDf8,DaNG,#511,649,949,1,,都市,都市,destroy,破壊,medium,visible_datetime,"#480[CDf8]が#511[DaNG]領有中のLV.1都市 #511(649,949)を攻撃し、陣営のために破壊宝箱xを勝 ち取りました 2026-6-17 12:07:36"
frame_0320.png,history_modal,2026/06/17 12:08:02,#509,MOn,cof8,#480,749,449,2,,都市,都市,destroy,破壊,medium,visible_datetime,"#509[MOn]が#480[cof8]領有中のLV.2都市 #480(749,449)を攻撃し、陣営のために破壊宝箱x5を勝 ち取りました 2026-6-17 12:08:02"
frame_0320.png,history_modal,2026/06/17 12:10:39,#480,CDf8,G0Ds,#440,249,849,1,,都市,都市,destroy,破壊,medium,visible_datetime,"#480[CDf8が#440[G0Ds]領有中のLV.1都市 #440(249,849)を攻撃し、陣営のために破壊宝箱＊を勝 ち取りました 2026-6-17 12:10:39"
frame_0321.png,history_modal,2026/06/17 12:08:02,#509,MOn,cof8,#480,749,449,2,,都市,都市,destroy,破壊,medium,visible_datetime,"#509[MOn]が#480[cof8]領有中のLV.2都市 #480(749,449)を攻撃し、陣営のために破壊宝箱*5を勝 ち取りました 2026-6-17 12:08:02"
frame_0321.png,history_modal,2026/06/17 12:10:39,#480,CDf8,G0Ds,#440,249,849,1,,都市,都市,destroy,破壊,medium,visible_datetime,"#480[CDf8が#440[G0Ds]領有中のLV.1都市 #440(249,849)を攻撃し、陣営のために破壊宝箱xを勝 ち取りました 2026-6-17 12:10:39"
frame_0321.png,history_modal,2026/06/17 12:30:29,#534,JDX,fIrE,#523,249,749,2,,都市,都市,destroy,破壊,medium,visible_datetime,"#534[JDX]が#523[fIrE]領有中のLv.2都市#523(249,749)を 攻撃し、陣営のために破壊宝箱x5を勝ち取りました 2026-6-17 12:30:29"
frame_0322.png,history_modal,2026/06/17 12:10:39,#480,C0f8,GoDs,#440,249,849,1,,都市,都市,destroy,破壊,medium,visible_datetime,"#480[C0f8が#440[GoDs]領有中のLV.1都市 #440(249,849)を攻撃し、陣営のために破壊宝箱xを勝 ち取りました 2026-6-17 12:10:39"
frame_0322.png,history_modal,2026/06/17 12:29:45,#480,WbW,GoDs,#440,249,749,2,,都市,都市,destroy,破壊,medium,visible_datetime,"#480[WbWが#440[GoDs]領有中のLv.2都市 #440(249,749)を攻撃し、陣営のために破壊宝箱x5を勝 ち取りました 2026-6-17 12:29:45"
frame_0322.png,history_modal,2026/06/17 12:30:29,#534,JDX,fIrE,#523,249,749,2,,都市,都市,destroy,破壊,medium,visible_datetime,"#534[JDX]が#523[fIrE]領有中のLV.2都市#523(249,749)を 攻撃し、陣営のために破壊宝箱x5を勝ち取りました 2026-6-17 12:30:29"
frame_0323.png,history_modal,2026/06/17 12:10:39,#480,cDf8,GoDs,#440,249,849,1,,都市,都市,destroy,破壊,medium,visible_datetime,"#480[cDf8が#440[GoDs]領有中のLV.1都市 #440(249,849)を攻撃し、陣営のために破壊宝箱xを勝 ち取りました 2026-6-17 12:10:39"
frame_0323.png,history_modal,2026/06/17 12:29:45,#480,WbW,GoDs,#440,249,749,2,,都市,都市,destroy,破壊,medium,visible_datetime,"#480[WbWが#440[GoDs]領有中のLv.2都市 #440(249,749)を攻撃し、陣営のために破壊宝箱x5を勝 ち取りました 2026-6-17 12:29:45"
frame_0323.png,history_modal,2026/06/17 12:30:29,#534,JDX,fIrE,#523,249,749,2,,都市,都市,destroy,破壊,medium,visible_datetime,"#534[JDX]が#523[fIrE]領有中のLV.2都市#523(249,749)を 攻撃し、陣営のために破壊宝箱x5を勝ち取りました 2026-6-17 12:30:29"
frame_0324.png,history_modal,2026/06/17 12:29:45,#480,WbW,GoDs,#440,249,749,2,,都市,都市,destroy,破壊,medium,visible_datetime,"#480[WbWが#440[GoDs]領有中のLv.2都市 #440(249,749)を攻撃し、陣宮のために破壊宝箱x5を勝 ち取りました 2026-6-17 12:29:45"
frame_0324.png,history_modal,2026/06/17 12:31:55,#503,UMN,TaW,#440,949,749,1,,都市,都市,destroy,破壊,medium,visible_datetime,"#503[UMNが#440[TaW]領有中のLV.1都市 #440(949,749)を攻撃し、陣営のために破壊宝箱x2を勝 ち取りました 2026-6-17 12:31:55"
frame_0324.png,history_modal,2026/06/17 12:40:38,#509,SsQ,fIrE,#523,349,749,2,,都市,都市,destroy,破壊,medium,visible_datetime,"#509[5s0]が#523[fIrE]領有中のLV.2都市#523(349,749)を 攻撃し、陣営のために破壊宝箱x5を勝ち取りました 2026-6-17 12:40:38"
frame_0325.png,history_modal,2026/06/17 12:40:38,#509,5sq,fIrE,#523,349,749,2,,都市,都市,destroy,破壊,medium,visible_datetime,"#509[5sq]が#523[fIrE]領有中のLV.2都市#523(349,749)を 攻撃し、陣営のために破壊宝箱x5をち取りました 2026-6-17 12:40:38"
frame_0325.png,history_modal,2026/06/17 12:50:18,#509,FHX,WUG,#523,649,749,2,,都市,都市,destroy,破壊,medium,visible_datetime,"#509[FHX]が#523[WUG]領有中のLV.2都市 #523(649,749)を攻撃し、陣宮のために破壊宝額x5を勝 ち取りました 2026-6-17 12:50:18"
frame_0325.png,history_modal,2026/06/17 12:51:45,#503,one,89M,#534,949,649,1,,都市,都市,destroy,破壊,medium,visible_datetime,"#503[one]が#534[89M]領有中のLV.1都市#534(949,649)を 攻撃し、陣営のために破壊宝額＊を勝ち取りました 2026-6-17 12:51:45"
frame_0325.png,history_modal,2026/06/17 20:04:47,#440,GoDs,EDFS,#523,149,249,1,,都市,都市,destroy,破壊,medium,visible_datetime,"#440[GoDs]が#523[EDFS]領有中のLV.1都市 #523(149,249)を攻撃し、陣営のために破壊宝箱x2を勝 ち取りました 2026-6-17 20:04:47"
frame_0326.png,history_modal,2026/06/17 12:50:18,#509,FHX,WUG,#523,649,749,2,,都市,都市,destroy,破壊,medium,visible_datetime,"#509[FHX]が#523[WUG]領有中のLV.2都市 #523(649,749)を攻撃し、陣営のために破壊宝箱x5を勝 ち取りました 2026-6-17 12:50:18"
frame_0326.png,history_modal,2026/06/17 20:05:57,#511,JL0,EDFS,#523,649,49,1,,都市,都市,destroy,破壊,medium,visible_datetime,"#511[JL0]が#523[EDFS]領有中のLV.1都市#523(649,49)を 攻撃し、陣営のために破壊宝箱x2を勝ち取りました 2026-6-17 20:05:57"
frame_0327.png,history_modal,2026/06/17 12:50:18,#509,FHX,WUG,#523,649,749,2,,都市,都市,destroy,破壊,medium,visible_datetime,"#509[FHX]が#523[WUG]領有中のLv.2都市 #523(649,749)を攻撃し、陣営のために破壊宝箱x5を勝 ち取りました 2026-6-17 12:50:18"
frame_0328.png,history_modal,2026/06/17 20:04:47,#440,GoDs,EDFS,#523,149,249,1,,都市,都市,destroy,破壊,medium,visible_datetime,"#440[GoDs]が#523[EDFS]領有中のLV.1都市 #523(149,249)を攻撃し、陣営のために破壊宝箱xを勝 ち取りました 2026-6-17 20:04:47"
frame_0328.png,history_modal,2026/06/17 20:14:08,#476,476,TrX,#440,549,249,2,,都市,都市,destroy,破壊,medium,visible_datetime,"#476[476が#440[TrX]領有中のLV.2都市 #440(549,249)を攻撃し、陣営のために破壊宝箱x5を勝 ち取りました 2026-6-17 20:14:08"
frame_0329.png,history_modal,2026/06/17 20:09:24,#511,JL0,5DU,#523,749,149,1,,都市,都市,destroy,破壊,medium,visible_datetime,"#511[IL0]が#523[5DU]領有中のLV.1都市#523(749,149)を 攻撃し、陣営のために破壊宝箱xを勝ち取りました 2026-6-17 20:09:24"
frame_0329.png,history_modal,2026/06/17 20:14:08,#476,476B,TrX,#440,549,249,2,,都市,都市,destroy,破壊,medium,visible_datetime,"#476[476B]が#440[TrX]領有中のLv.2都市 #440(549,249)を攻撃し、陣営のために破壊宝箱x5を勝 ち取りました 2026-6-17 20:14:08"
frame_0329.png,history_modal,2026/06/17 20:21:01,#503,fzn,89M,#534,749,649,2,,都市,都市,destroy,破壊,medium,visible_datetime,"#503[fzn]が#534[89M]領有中のLV.2都市#534(749,649)を 攻撃し、陣営のために破壊宝箱x5を勝ち取りました 2026-6-17 20:21:01"
frame_0330.png,history_modal,2026/06/17 20:09:24,#511,JL0,5DU,#523,749,149,1,,都市,都市,destroy,破壊,medium,visible_datetime,"#511[IL0]が#523[5DU]領有中のLV.1都市#523(749,149)を 攻撃し、陣営のために破壊宝箱xを勝ち取りました 2026-6-17 20:09:24"
frame_0330.png,history_modal,2026/06/17 20:23:15,#523,fIrE,,#534,349,949,1,,都市,都市,destroy,破壊,medium,visible_datetime,"#523[fIrE]が#534領有中のLV.1都市#534(349,949)を 攻撃し、陣営のために破壊宝箱xを勝ち取りました 2026-6-17 20:23:15"
frame_0331.png,history_modal,2026/06/17 20:09:24,#511,JL0,5DU,#523,749,149,1,,都市,都市,destroy,破壊,medium,visible_datetime,"#511[JLO]が#523[5DU]領有中のLV.1都市#523(749,149)を 攻撃し、陣営のために破壊宝箱x2を勝ち取りました 2026-6-17 20:09:24"
frame_0331.png,history_modal,2026/06/17 20:23:15,#523,fIrE,,#534,349,949,1,,都市,都市,destroy,破壊,medium,visible_datetime,"#523[fIrE]が#534領有中のLV.1都市#534(349,949)を 攻撃し、陣営のために破壊宝箱xを勝ち取りました 2026-6-17 20:23:15"
frame_0332.png,history_modal,2026/06/17 20:23:15,#523,fIrE,,#534,349,949,1,,都市,都市,destroy,破壊,medium,visible_datetime,"#523[fIrE]が#534領有中のLV.1都市#534(349,949)を 攻撃し、陣営のために破壊宝箱xを勝ち取りました 2026-6-17 20:23:15"
frame_0332.png,history_modal,2026/06/17 20:24:13,#476,476M,5kh,#534,149,149,1,,都市,都市,destroy,破壊,medium,visible_datetime,"#476[476M]が#534[5kh]領有中のLV.1都市 #534(149,149)を攻撃し、陣営のために破壊宝箱x2を勝 ち取りました 2026-6-17 20:24:13"
frame_0332.png,history_modal,2026/06/17 20:24:58,#476,476K,5g,#534,849,349,1,,都市,都市,destroy,破壊,medium,visible_datetime,"#476[476k]が#534[5g]領有中のLV.1都市 #534(849,349)を攻撃し、陣営のために破壊宝箱xを勝 ち取りました 2026-6-17 20:24:58"
frame_0333.png,history_modal,2026/06/17 20:24:13,#476,476M,5Kh,#534,149,149,1,,都市,都市,destroy,破壊,medium,visible_datetime,"#476[476M]が#534[5Kh]領有中のLV.1都市 #534(149,149)を攻撃し、陣営のために破壊宝箱xを勝 ち取りました 2026-6-17 20:24:13"
frame_0333.png,history_modal,2026/06/17 20:24:58,#476,476K,5g3,#534,849,349,1,,都市,都市,destroy,破壊,medium,visible_datetime,"#476[476K]が#534[5g3]領有中のLV.1都市 #534(849,349)を攻撃し、陣営のために破壊宝額xを勝 ち取りました 2026-6-17 20:24:58"
frame_0333.png,history_modal,2026/06/17 20:27:54,#476,4762,MOE,#534,749,249,2,,都市,都市,destroy,破壊,medium,visible_datetime,"#476[4762]が#534[MOE]領有中のLV.2都市 #534(749,249)を攻撃し、陣営のために破壊宝箱x5を勝 ち取りました 2026-6-17 20:27:54"
frame_0334.png,history_modal,2026/06/17 20:24:13,#476,476M,5kh,#534,149,149,1,,都市,都市,destroy,破壊,medium,visible_datetime,"#476[476Mが#534[5kh]領有中のLV.1都市 #534(149,149)を攻撃し、陣営のために破壊宝箱＊を勝 ち取りました 2026-6-17 20:24:13"
frame_0334.png,history_modal,2026/06/17 20:24:58,#476,476K,5g,#534,849,349,1,,都市,都市,destroy,破壊,medium,visible_datetime,"#476[476K]が#534[5g]領有中のLV.1都市 #534(849,349)を攻撃し、陣営のために破壊宝箱x2を勝 ち取りました 2026-6-17 20:24:58"
frame_0334.png,history_modal,2026/06/17 20:27:54,#476,4762,MOE,#534,749,249,2,,都市,都市,destroy,破壊,medium,visible_datetime,"#476[4762]が#534[MOE]領有中のLV.2都市 #534(749,249)を攻撃し、陣営のために破壊宝箱x5を勝 ち取りました 2026-6-17 20:27:54"
frame_0334.png,history_modal,2026/06/17 20:30:20,#440,GcC,AAOA,#480,749,749,2,,都市,都市,destroy,破壊,medium,visible_datetime,"#440[GcC]が#480[AAOA]領有中のLv.2都市 #480(749,749)を攻撃し、陣営のために破壊宝箱x5を勝 ち取りました 2026-6-17 20:30:20"
frame_0335.png,history_modal,2026/06/17 20:24:13,#476,476M,SKh,#534,149,149,1,,都市,都市,destroy,破壊,medium,visible_datetime,"#476[476M]が#534[SKh]領有中のLV.1都市 #534(149,149)を攻撃し、陣営のために破壊宝箱xを勝 ち取りました 2026-6-17 20:24:13"
frame_0335.png,history_modal,2026/06/17 20:27:54,#476,476z,MOE,#534,749,249,2,,都市,都市,destroy,破壊,medium,visible_datetime,"#476[476z]が#534[MOE]領有中のLV.2都市 #534(749,249)を攻撃し、陣営のために破壊宝箱x5を勝 ち取りました 2026-6-17 20:27:54"
frame_0335.png,history_modal,2026/06/17 20:30:20,#440,GcC,AAOA,#480,749,749,2,,都市,都市,destroy,破壊,medium,visible_datetime,"#440[Gcc]が#480[AAOA]領有中のLv.2都市 #480(749,749)を攻撃し、陣営のために破壊宝箱x5を勝 ち取りました 2026-6-17 20:30:20"
frame_0336.png,history_modal,2026/06/17 20:27:54,#476,4762,MOE,#534,749,249,2,,都市,都市,destroy,破壊,medium,visible_datetime,"#476[4762]が#534[MOE]領有中のLV.2都市 #534(749,249)を攻撃し、陣営のために破壊宝箱x5を勝 ち取りました 2026-6-17 20:27:54"
frame_0336.png,history_modal,2026/06/17 20:30:20,#440,GcC,AADA,#480,749,749,2,,都市,都市,destroy,破壊,medium,visible_datetime,"#440[Gcc]が#480[AADA]領有中のLV.2都市 #480(749,749)を攻撃し、陣営のために破壊宝箱x5を勝 ち取りました 2026-6-17 20:30:20"
frame_0336.png,history_modal,2026/06/17 20:43:42,#440,TaW,AAOA,#480,949,149,1,,都市,都市,destroy,破壊,medium,visible_datetime,"#440[TaWが#480[AAOA]領有中のLV.1都市 #480(949,149)を攻撃し、陣営のために破壊宝箱xを勝 ち取りました 2026-6-17 20:43:42"
frame_0337.png,history_modal,2026/06/17 20:37:37,#523,fIrE,,#534,249,949,1,,都市,都市,destroy,破壊,medium,visible_datetime,"#523[fIrE]が#534領有中のLV.1都市#534(249,949)を 攻撃し、陣営のために破壊宝箱x2を勝ち取りました 2026-6-17 20:37:37"
frame_0337.png,history_modal,2026/06/20 04:02:42,#509,MOn,AAOA,#480,849,249,1,,都市,都市,destroy,破壊,medium,visible_datetime,"#509[MOn]が#480[AAOA]領有中のLV.1都市 #480(849,249)を攻撃し、陣営のために破壊宝箱x2を勝 ち取りました 2026-6-20 04:02:42"
frame_0337.png,history_modal,2026/06/20 04:08:57,#509,SsQ,AAOA,#480,749,549,2,,都市,都市,destroy,破壊,medium,visible_datetime,"#509[5s0]が#480[AAOA]領有中のLv.2都市 #480(749,549)を攻撃し、陣営のために破壊宝箱x5を勝 ち取りました 2026-6-20 04:08:57"
frame_0338.png,history_modal,2026/06/20 04:02:42,#509,MOn,AAOA,#480,849,249,1,,都市,都市,destroy,破壊,medium,visible_datetime,"#509[MOn]が#480[AAOA]領有中のLV.1都市 #480(849,249)を攻撃し、陣営のために破壊宝箱xを勝 ち取りました 2026-6-20 04:02:42"
frame_0338.png,history_modal,2026/06/20 04:08:57,#509,SsQ,AAOA,#480,749,549,2,,都市,都市,destroy,破壊,medium,visible_datetime,"#509[5s0]が#480[AAOA]領有中のLv.2都市 #480(749,549)を攻撃し、陣営のために破壊宝箱x5を勝 ち取りました 2026-6-20 04:08:57"
frame_0339.png,history_modal,2026/06/17 20:43:42,#440,TaW,AAOA,#480,949,149,1,,都市,都市,destroy,破壊,medium,visible_datetime,"#440[TaWが#480[AAOA]領有中のLV.1都市 #480(949,149)を攻撃し、陣営のために破壊宝箱xを勝 ち取りました 2026-6-17 20:43:42"
frame_0339.png,history_modal,2026/06/20 04:02:42,#509,MOn,AAOA,#480,849,249,1,,都市,都市,destroy,破壊,medium,visible_datetime,"#509[MOn]が#480[AAOA]領有中のLV.1都市 #480(849,249)を攻撃し、陣営のために破壊宝箱x2を勝 ち取りました 2026-6-20 04:02:42"
frame_0339.png,history_modal,2026/06/20 04:08:57,#509,SsQ,AAOA,#480,749,549,2,,都市,都市,destroy,破壊,medium,visible_datetime,"#509[5s0]が#480[AAOA]領有中のLV.2都市 #480(749,549)を攻撃し、陣営のために破壊宝箱x5を勝 ち取りました 2026-6-20 04:08:57"
frame_0339.png,history_modal,2026/06/20 04:24:32,#509,MOn,AAOA,#480,849,349,1,,都市,都市,destroy,破壊,medium,visible_datetime,"#509[MOn]が#480[AAOA]領有中のLV.1都市 #480(849,349)を攻撃し、陣営のために破壊宝箱xを勝 ち取りました 2026-6-20 04:24:32"
frame_0340.png,history_modal,2026/06/20 04:24:32,#509,MOn,AAOA,#480,849,349,1,,都市,都市,destroy,破壊,medium,visible_datetime,"#509[MOn]が#480[AAOA]領有中のLV.1都市 #480(849,349)を攻撃し、陣営のために破壊宝箱x2を勝 ち取りました 2026-6-20 04:24:32"
frame_0341.png,history_modal,2026/06/20 04:24:32,#509,MOn,AAOA,#480,849,349,1,,都市,都市,destroy,破壊,medium,visible_datetime,"#509[MOn]が#480[AAOA]領有中のLV.1都市 #480(849,349)を攻撃し、陣営のために破壊宝箱x2を勝 ち取りました 2026-6-20 04:24:32"
frame_0341.png,history_modal,2026/06/20 04:31:22,#503,COZy,DOLU,#440,949,49,1,,都市,都市,destroy,破壊,medium,visible_datetime,"#503[COZy]が#440[DOLU]領有中のLV.1都市 #440(949,49)を攻撃し、陣営のために破壊宝箱＊2を勝 ち取りました 2026-6-20 04:31:22"
frame_0341.png,history_modal,2026/06/20 04:43:19,#534,JDX,u3o,#523,249,849,1,,都市,都市,destroy,破壊,medium,visible_datetime,"#534[JDX]が#523[u30]領有中のLV.1都市#523(249,849)を 攻撃し、陣営のために破壊宝箱xを勝ち取りました 2026-6-20 04:43:19"
frame_0341.png,history_modal,2026/06/20 12:02:13,#476,476M,,#534,149,649,1,,都市,都市,destroy,破壊,medium,visible_datetime,"#476[476M]が#534領有中のLV.1都市#534(149,649)を 攻撃し、陣営のために破壊宝箱xを勝ち取りました 2026-6-20 12:02:13"
frame_0342.png,history_modal,2026/06/20 04:43:19,#534,JDX,u3o,#523,249,849,1,,都市,都市,destroy,破壊,medium,visible_datetime,"#534[JDX]が#523[u30]領有中のLV.1都市#523(249,849)を 攻撃し、陣営のために破壊宝箱xを勝ち取りました 2026-6-20 04:43:19"
frame_0343.png,history_modal,2026/06/20 04:43:19,#534,JDX,u3o,#523,249,849,1,,都市,都市,destroy,破壊,medium,visible_datetime,"#534[JDX]が#523[u3o]領有中のLV.1都市#523(249,849)を 攻撃し、陣営のために破壊宝額＊を勝ち取りました 2026-6-20 04:43:19"
frame_0344.png,history_modal,2026/06/20 04:40:37,#523,WUG,2N7,#511,649,149,1,,都市,都市,destroy,破壊,medium,visible_datetime,"#523[WUGが#511[2N7]領有中のLV.1都市#511(649,149)を 攻撃し、陣営のために破壊宝箱xを勝ち取りました 2026-6-20 04:40:37"
frame_0344.png,history_modal,2026/06/20 04:43:19,#534,JDX,u3o,#523,249,849,1,,都市,都市,destroy,破壊,medium,visible_datetime,"#534[DX]が#523[u30]領有中のLV.1都市#523(249,849)を 攻撃し、陣営のために破壊宝箱xを勝ち取りました 2026-6-20 04:43:19"
frame_0344.png,history_modal,2026/06/20 12:02:13,#476,476M,,#534,149,649,1,,都市,都市,destroy,破壊,medium,visible_datetime,"#476[476M]が#534領有中のLV.1都市#534(149,649)を 攻撃し、陣営のために破壊宝箱xを勝ち取りました 2026-6-20 12:02:13"
frame_0345.png,history_modal,2026/06/20 12:10:11,#476,476M,,#534,149,549,1,,都市,都市,destroy,破壊,medium,visible_datetime,"#476[476M]が#534領有中のLV.1都市#534(149,549)を 攻撃し、陣営のために破壊宝箱xを勝ち取りました 2026-6-20 12:10:11"
frame_0345.png,history_modal,2026/06/20 12:15:51,#440,BAJ,50U,#523,649,249,2,,都市,都市,destroy,破壊,medium,visible_datetime,"#440[BAが#523[50U]領有中のLv.2都市#523(649,249)を 攻撃し、陣営のために破壊宝箱x5をち取りました 2026-6-20 12:15:51"
frame_0345.png,history_modal,2026/06/20 12:18:15,#476,476d,nO9,#534,149,449,1,,都市,都市,destroy,破壊,medium,visible_datetime,"#476[476d]が#534[n09]領有中のLV.1都市 #534(149,449)を攻撃し、陣営のために破壊宝箱xを勝 ち取りました 2026-6-20 12:18:15"
frame_0346.png,history_modal,2026/06/20 12:10:11,#476,476M,,#534,149,549,1,,都市,都市,destroy,破壊,medium,visible_datetime,"#476[476M]が#534領有中のLV.1都市#534(149,549)を 攻撃し、陣営のために破壊宝箱x2を勝ち取りました 2026-6-20 12:10:11"
frame_0346.png,history_modal,2026/06/20 12:15:51,#440,BAJ,50U,#523,649,249,2,,都市,都市,destroy,破壊,medium,visible_datetime,"#440[BAが#523[50U]領有中のLv.2都市#523(649,249)を 攻撃し、陣営のために破壊宝箱x5をち取りました 2026-6-20 12:15:51"
frame_0346.png,history_modal,2026/06/20 12:20:30,#534,KTVS,50U,#523,49,549,1,,都市,都市,destroy,破壊,medium,visible_datetime,"#534[KTVS]が#523[50U]領有中のLV.1都市#523(49,549)を 攻撃し、陣営のために破壊宝箱xをち取りました 2026-6-20 12:20:30"
frame_0347.png,history_modal,2026/06/20 12:10:11,#476,476M,,#534,149,549,1,,都市,都市,destroy,破壊,medium,visible_datetime,"#476[476M]が#534領有中のLV.1都市#534(149,549)を 攻撃し、陣営のために破壊宝箱xを勝ち取りました 2026-6-20 12:10:11"
frame_0347.png,history_modal,2026/06/20 12:15:51,#440,BAJ,50u,#523,649,249,2,,都市,都市,destroy,破壊,medium,visible_datetime,"#440[BAが#523[50u]領有中のLv.2都市#523(649,249)を 攻撃し、陣営のために破壊宝箱x5を勝ち取りました 2026-6-20 12:15:51"
frame_0347.png,history_modal,2026/06/20 12:18:15,#476,476d,nO9,#534,149,449,1,,都市,都市,destroy,破壊,medium,visible_datetime,"#476[476d]が#534[n09]領有中のLV.1都市 #534(149,449)を攻撃し、陣営のために破壊宝箱xを勝 ち取りました 2026-6-20 12:18:15"
frame_0347.png,history_modal,2026/06/20 12:20:30,#534,KTVS,5DU,#523,49,549,1,,都市,都市,destroy,破壊,medium,visible_datetime,"#534[KTVSが#523[5DU]領有中のLV.1都市#523(49,549)を 攻撃し、陣営のために破壊宝箱x2を勝ち取りました 2026-6-20 12:20:30"
frame_0347.png,history_modal,2026/06/20 12:21:45,#534,KTVS,50u,#523,149,649,1,,都市,都市,destroy,破壊,medium,visible_datetime,"#534[KTVSが#523[50u]領有中のLV.1都市 #523(149,649)を攻撃し、陣営のために破壊宝箱xを勝 ち取りました 2026-6-20 12:21:45"
frame_0348.png,history_modal,2026/06/20 12:15:51,#440,BAJ,50U,#523,649,249,2,,都市,都市,destroy,破壊,medium,visible_datetime,"#440[BAが#523[50U]領有中のLV.2都市#523(649,249)を 攻撃し、陣営のために破壊宝箱x5を勝ち取りました 2026-6-20 12:15:51"
frame_0348.png,history_modal,2026/06/20 12:18:15,#476,476d,nO9,#534,149,449,1,,都市,都市,destroy,破壊,medium,visible_datetime,"#476[476d]が#534[n09]領有中のLV.1都市 #534(149,449)を攻撃し、陣営のために破壊宝箱xを勝 ち取りました 2026-6-20 12:18:15"
frame_0348.png,history_modal,2026/06/20 12:20:30,#534,KTVS,50U,#523,49,549,1,,都市,都市,destroy,破壊,medium,visible_datetime,"#534[KTVSが#523[50U]領有中のLV.1都市#523(49,549)を 攻撃し、陣営のために破壊宝箱x2を勝ち取りました 2026-6-20 12:20:30"
frame_0348.png,history_modal,2026/06/20 12:21:45,#534,KTVS,5DU,#523,149,649,1,,都市,都市,destroy,破壊,medium,visible_datetime,"#534[KTVS]が#523[5DU]領有中のLV.1都市 #523(149,649)を攻撃し、陣営のために破壊宝箱x2を勝 ち取りました 2026-6-20 12:21:45"
frame_0348.png,history_modal,2026/06/20 12:23:11,#476,476d,nO9,#534,149,349,1,,都市,都市,destroy,破壊,medium,visible_datetime,"#476[476d]が#534[n09]領有中のLV.1都市 #534(149,349)を攻撃し、陣営のために破壊宝箱xを勝 ち取りました 2026-6-20 12:23:11"
frame_0349.png,history_modal,2026/06/20 12:23:11,#476,476d,nO9,#534,149,349,1,,都市,都市,destroy,破壊,medium,visible_datetime,"#476[476d]が#534[n09]領有中のLV.1都市 #534(149,349)を攻撃し、陣営のために破壊宝箱xを勝 ち取りました 2026-6-20 12:23:11"
frame_0349.png,history_modal,2026/06/20 12:24:37,#534,JDX,fIrE,#523,449,749,2,,都市,都市,destroy,破壊,medium,visible_datetime,"#534[JDX]が#523[fIrE]領有中のLV.2都市#523(449,749)を 攻撃し、陣営のために破壊宝箱x5を勝ち取りました 2026-6-20 12:24:37"
frame_0350.png,history_modal,2026/06/20 12:23:11,#476,476d,nO9,#534,149,349,1,,都市,都市,destroy,破壊,medium,visible_datetime,"#476[476d]が#534[n09]領有中のLV.1都市 #534(149,349)を攻撃し、陣営のために破壊宝箱xを勝 ち取りました 2026-6-20 12:23:11"
frame_0351.png,history_modal,2026/06/20 12:24:37,#534,JDX,fIrE,#523,449,749,2,,都市,都市,destroy,破壊,medium,visible_datetime,"#534[IDX]が#523[fIrE]領有中のLv.2都市#523(449,749)を 攻撃し、陣営のために破壊宝箱x5を勝ち取りました 2026-6-20 12:24:37"
frame_0352.png,history_modal,2026/06/20 12:30:23,#509,SsQ,BgNa,#480,849,649,1,,都市,都市,destroy,破壊,medium,visible_datetime,"#509[5s0]が#480[BgNa]領有中のLV.1都市 #480(849,649)を攻撃し、陣宮のために破壊宝額x2を勝 ち取りました 2026-6-20 12:30:23"
frame_0352.png,history_modal,2026/06/20 12:36:25,#503,fzn,GoDs,#440,949,349,1,,都市,都市,destroy,破壊,medium,visible_datetime,"#503[fzn]が#440[GoDS]領有中のLV.1都市 #440(949,349)を攻撃し、陣営のために破壊宝額*を勝 ち取りました 2026-6-20 12:36:25"
frame_0352.png,history_modal,2026/06/20 12:44:22,#480,C0f8,2N7,#511,449,949,1,,都市,都市,destroy,破壊,medium,visible_datetime,"#480[C0f8が#511[2N7]領有中のLV.1都市 #511(449,949)を攻撃し、陣営のために破壊宝箱x2を勝 ち取りました 2026-6-20 12:44:22"
frame_0353.png,history_modal,2026/06/20 12:44:22,#480,CDf8,2N7,#511,449,949,1,,都市,都市,destroy,破壊,medium,visible_datetime,"#480[CDf8]が#511[2N7]領有中のLV.1都市 #511(449,949)を攻撃し、陣営のために破壊宝箱x2を勝 ち取りました 2026-6-20 12:44:22"
frame_0353.png,history_modal,2026/06/20 12:46:58,#503,5tjl,TrX,#440,849,449,1,,都市,都市,destroy,破壊,medium,visible_datetime,"#503[5tjlが#440[TrX]領有中のLv.1都市#440(849,449)を 攻撃し、陣営のために破壊宝箱xをち取りました 2026-6-20 12:46:58"
frame_0353.png,history_modal,2026/06/20 12:48:47,#440,BAJ,Wbu,#480,649,749,2,,都市,都市,destroy,破壊,medium,visible_datetime,"#440[BA]が#480[Wbu]領有中のLv.2都市 #480(649,749)を攻撃し、陣営のために破壊宝箱x5を勝 ち取りました 2026-6-20 12:48:47"
frame_0354.png,history_modal,2026/06/20 12:44:22,#480,CDf8,2N7,#511,449,949,1,,都市,都市,destroy,破壊,medium,visible_datetime,"#480[CDf8が#511[2N7]領有中のLV.1都市 #511(449,949)を攻撃し、陣営のために破壊宝箱xを勝 ち取りました 2026-6-20 12:44:22"
frame_0354.png,history_modal,2026/06/20 12:46:58,#503,5t,TrX,#440,849,449,1,,都市,都市,destroy,破壊,medium,visible_datetime,"#503[5t]が#440[TrX]領有中のLV.1都市#440(849,449)を 攻撃し、陣営のために破壊宝額xを勝ち取りました 2026-6-20 12:46:58"
frame_0354.png,history_modal,2026/06/20 12:52:52,#440,GcC,BgNa,#480,749,649,2,,都市,都市,destroy,破壊,medium,visible_datetime,"#440[Gcc]が#480[BgNa]領有中のLV.2都市 #480(749,649)を攻撃し、陣営のために破壊宝箱★5を勝 ち取りました 2026-6-20 12:52:52"
frame_0355.png,history_modal,2026/06/20 12:44:22,#480,CDf8,2N7,#511,449,949,1,,都市,都市,destroy,破壊,medium,visible_datetime,"#480[CDf8]が#511[2N7]領有中のLV.1都市 #511(449,949)を攻撃し、陣営のために破壊宝箱xを勝 ち取りました 2026-6-20 12:44:22"
frame_0355.png,history_modal,2026/06/20 12:46:58,#503,Stj,TrX,#440,849,449,1,,都市,都市,destroy,破壊,medium,visible_datetime,"#503[5tjが#440[TrX]領有中のLV.1都市#440(849,449)を 攻撃し、陣営のために破壊宝箱xを勝ち取りました 2026-6-20 12:46:58"
frame_0356.png,history_modal,2026/06/20 12:46:58,#503,5t,TrX,#440,849,449,1,,都市,都市,destroy,破壊,medium,visible_datetime,"#503[5t]が#440[TrX]領有中のLV.1都市#440(849,449)を 攻撃し、陣営のために破壊宝箱xを勝ち取りました 2026-6-20 12:46:58"
frame_0356.png,history_modal,2026/06/20 12:52:52,#440,GcC,BgNa,#480,749,649,2,,都市,都市,destroy,破壊,medium,visible_datetime,"#440[Gcc]が#480[BgNa]領有中のLV.2都市 #480(749,649)を攻撃し、陣営のために破壊宝額＊5を勝 ち取りました 2026-6-20 12:52:52"
frame_0357.png,history_modal,2026/06/20 12:52:52,#440,GcC,BgNa,#480,749,649,2,,都市,都市,destroy,破壊,medium,visible_datetime,"#440[Gcc]が#480[BgNa]領有中のLV.2都市 #480(749,649)を攻撃し、陣営のために破壊宝箱x5を勝 ち取りました 2026-6-20 12:52:52"
frame_0357.png,history_modal,2026/06/20 20:02:03,#476,476A,BAJ,#440,649,749,2,,都市,都市,destroy,破壊,medium,visible_datetime,"#476[476A]が#440[BAJ]領有中のLV.2都市 #440(649,749)を攻撃し、陣営のために破壊宝箱x5を勝 ち取りました 2026-6-20 20:02:03"
frame_0357.png,history_modal,2026/06/20 20:02:36,#511,2N7,K4TR,#523,349,49,1,,都市,都市,destroy,破壊,medium,visible_datetime,"#511[2N7]が#523[K4TR]領有中のLV.1都市#523(349,49)を 攻撃し、陣営のために破壊宝箱xを勝ち取りました 2026-6-20 20:02:36"
frame_0357.png,history_modal,2026/06/20 20:04:50,#511,2N7,K4TR,#523,349,149,1,,都市,都市,destroy,破壊,medium,visible_datetime,"#511[2N7]が#523[K4TR]領有中のLV.1都市#523(349,149)を 攻撃し、陣営のために破壊宝箱xを勝ち取りました 2026-6-20 20:04:50"
frame_0357.png,history_modal,2026/06/20 20:05:16,#440,TaW,pigg,#480,949,249,1,,都市,都市,destroy,破壊,medium,visible_datetime,"#440[TaWが#480[pigg]領有中のLV.1都市 #480(949,249)を攻撃し、陣営のために破壊宝箱xを勝 ち取りました 2026-6-20 20:05:16"
frame_0358.png,history_modal,2026/06/20 20:02:36,#511,2N7,K4TR,#523,349,49,1,,都市,都市,destroy,破壊,medium,visible_datetime,"#511[2N7]が#523[K4TR]領有中のLV.1都市#523(349,49)を とく 攻撃し、陣営のために破壊宝箱xを勝ち取りました 2026-6-20 20:02:36"
frame_0358.png,history_modal,2026/06/20 20:04:50,#511,2N7,K4TR,#523,349,149,1,,都市,都市,destroy,破壊,medium,visible_datetime,"#511[2N7]が#523[K4TR]領有中のLV.1都市#523(349,149)を 攻撃し、陣営のために破壊宝箱x2を勝ち取りました 2026-6-20 20:04:50"
frame_0358.png,history_modal,2026/06/20 20:05:16,#440,TaW,Digg,#480,949,249,1,,都市,都市,destroy,破壊,medium,visible_datetime,"#440[TaWが#480[Digg]領有中のLV.1都市 #480(949,249)を攻撃し、陣営のために破壊宝箱xを勝 ち取りました 2026-6-20 20:05:16"
frame_0358.png,history_modal,2026/06/20 20:05:18,#509,FHX,fIrE,#523,449,649,3,,都市,都市,destroy,破壊,medium,visible_datetime,"#509[FHX]が#523[fIrE]領有中のLV.3都市#523(449,649)を 攻撃し、陣営のために破壊宝箱x10を勝ち取りました 2026-6-20 20:05:18"
frame_0359.png,history_modal,2026/06/20 20:02:36,#511,2N7,K4TR,#523,349,49,1,,都市,都市,destroy,破壊,medium,visible_datetime,"#511[2N7]が#523[K4TR]領有中のLV.1都市#523(349,49)を 攻撃し、陣営のために破壊宝箱xをち取りました 2026-6-20 20:02:36"
frame_0359.png,history_modal,2026/06/20 20:04:50,#511,2N7,K4TR,#523,349,149,1,,都市,都市,destroy,破壊,medium,visible_datetime,"#511[2N7]が#523[K4TR]領有中のLV.1都市#523(349,149)を 攻撃し、陣営のために破壊宝額＊を勝ち取りました 2026-6-20 20:04:50"
frame_0359.png,history_modal,2026/06/20 20:05:18,#509,FHX,fIrE,#523,449,649,3,,都市,都市,destroy,破壊,medium,visible_datetime,"#509[FHX]が#523[fIrE]領有中のLV.3都市#523(449,649)を 攻撃し、陣営のために破壊宝箱x10を勝ち取りました 2026-6-20 20:05:18"
frame_0360.png,history_modal,2026/06/20 20:04:50,#511,2N7,K4TR,#523,349,149,1,,都市,都市,destroy,破壊,medium,visible_datetime,"#511[2N7]が#523[K4TR]領有中のLV.1都市#523(349,149)を 攻撃し、陣営のために破壊宝箱xを勝ち取りました 2026-6-20 20:04:50"
frame_0360.png,history_modal,2026/06/20 20:05:16,#440,TaW,Digg,#480,949,249,1,,都市,都市,destroy,破壊,medium,visible_datetime,"#440[TaWが#480[Digg]領有中のLV.1都市 #480(949,249)を攻撃し、陣営のために破壊宝箱xを勝 ち取りました 2026-6-20 20:05:16"
frame_0361.png,history_modal,2026/06/20 20:05:18,#509,FHX,fIrE,#523,449,549,3,,都市,都市,destroy,破壊,medium,visible_datetime,"#509[FHXが#523[fIrE]領有中のLV.3都市#523(449,549)を 攻撃し、陣営のために破壊宝箱*10を勝ち取りました 2026-6-20 20:05:18"
frame_0361.png,history_modal,2026/06/20 20:08:32,#523,NBNH,1L0,#511,149,749,1,,都市,都市,destroy,破壊,medium,visible_datetime,"#523[NBNH]が#511[1L0]領有中のLV.1都市#511(149,749)を 攻撃し、陣営のために破壊宝箱xを勝ち取りました 2026-6-20 20:08:32"
frame_0361.png,history_modal,2026/06/20 20:13:43,#480,BgNa,GcC,#440,149,849,1,,都市,都市,destroy,破壊,medium,visible_datetime,"#480[BgNa]が#440[Gcc]領有中のLV.1都市 #440(149,849)を攻撃し、陣営のために破壊宝額xを勝 ち取りました 2026-6-20 20:13:43"
frame_0361.png,history_modal,2026/06/20 20:16:08,#440,G0Ds,EDFS,#523,49,149,1,,都市,都市,destroy,破壊,medium,visible_datetime,"#440[G0Ds]が#523[EDFS]領有中のLV.1都市 #523(49,149)を攻撃し、陣営のために破壊宝箱xを勝ち 取りました 2026-6-20 20:16:08"
frame_0362.png,history_modal,2026/06/20 20:08:32,#523,NBNH,JL0,#511,149,749,1,,都市,都市,destroy,破壊,medium,visible_datetime,"#523[NBNH]が#511[JL0]領有中のLV.1都市#511(149,749)を 攻撃し、陣営のために破壊宝箱xを勝ち取りました 2026-6-20 20:08:32"
frame_0362.png,history_modal,2026/06/20 20:13:43,#480,BgNa,GcC,#440,149,849,1,,都市,都市,destroy,破壊,medium,visible_datetime,"#480[BgNa]が#440[Gcc]領有中のLV.1都市 #440(149,849)を攻撃し、陣営のために破壊宝箱x2を勝 ち取りました 2026-6-20 20:13:43"
frame_0362.png,history_modal,2026/06/20 20:20:25,#476,476C,n0g,#534,49,249,1,,都市,都市,destroy,破壊,medium,visible_datetime,"#476[476c]が#534[n0g]領有中のLV.1都市#534(49,249)を 攻撃し、陣営のために破壊宝箱xを勝ち取りました 2026-6-20 20:20:25"
frame_0363.png,history_modal,2026/06/20 20:13:43,#480,BgNa,GcC,#440,149,849,1,,都市,都市,destroy,破壊,medium,visible_datetime,"#480[BgNa]が#440[Gcc]領有中のLV.1都市 #440(149,849)を攻撃し、陣営のために破壊宝箱xを勝 ち取りました 2026-6-20 20:13:43"
frame_0363.png,history_modal,2026/06/20 20:16:08,#440,GoDs,EDFS,#523,49,149,1,,都市,都市,destroy,破壊,medium,visible_datetime,"#440[GoDs]が#523[EDFS]領有中のLV.1都市 #523(49,149)を攻撃し、陣営のために破壊宝箱xを勝ち 取りました 2026-6-20 20:16:08"
frame_0363.png,history_modal,2026/06/20 20:20:25,#476,476C,nO9,#534,49,249,1,,都市,都市,destroy,破壊,medium,visible_datetime,"#476[476C]が#534[n09]領有中のLV.1都市#534(49,249)を 攻撃し、陣営のために破壊宝箱xを勝ち取りました 2026-6-20 20:20:25"
frame_0364.png,history_modal,2026/06/20 20:16:08,#440,GoDs,EDFS,#523,49,149,1,,都市,都市,destroy,破壊,medium,visible_datetime,"#440[GoDs]が#523[EDFS]領有中のLV.1都市 #523(49,149)を攻撃し、陣営のために破壊宝箱x2を勝ち 取りました 2026-6-20 20:16:08"
frame_0364.png,history_modal,2026/06/20 20:20:25,#476,476C,n0g,#534,49,249,1,,都市,都市,destroy,破壊,medium,visible_datetime,"#476[476C]が#534[n0g]領有中のLV.1都市#534(49,249)を 攻撃し、陣営のために破壊宝箱xを勝ち取りました 2026-6-20 20:20:25"
frame_0364.png,history_modal,2026/06/20 20:21:34,#509,FHX,NBNH,#523,849,449,1,,都市,都市,destroy,破壊,medium,visible_datetime,"#509[FHX]が#523[NBNH]領有中のLV.1都市 #523(849,449)を攻撃し、陣営のために破壊宝箱xを勝 ち取りました 2026-6-20 20:21:34"
frame_0365.png,history_modal,2026/06/20 20:13:43,#480,BgNa,GcC,#440,149,849,1,,都市,都市,destroy,破壊,medium,visible_datetime,"#480[BgNa]が#440[Gcc]領有中のLV.1都市 #440(149,849)を攻撃し、陣営のために破壊宝箱xを勝 ち取りました 2026-6-20 20:13:43"
frame_0365.png,history_modal,2026/06/20 20:16:08,#440,GoDs,EDFS,#523,49,149,1,,都市,都市,destroy,破壊,medium,visible_datetime,"#440[GoDs]が#523[EDFS]領有中のLv.1都市 #523(49,149)を攻撃し、陣営のために破壊宝箱x2を勝ち 取りました 2026-6-20 20:16:08"
frame_0365.png,history_modal,2026/06/20 20:20:25,#476,476C,nO9,#534,49,249,1,,都市,都市,destroy,破壊,medium,visible_datetime,"#476[476c]が#534[n09]領有中のLV.1都市#534(49,249)を 攻撃し、陣宮のために破壊宝額xを勝ち取りました 2026-6-20 20:20:25"
frame_0365.png,history_modal,2026/06/20 20:21:34,#509,FHX,NBNH,#523,849,449,1,,都市,都市,destroy,破壊,medium,visible_datetime,"#509[FHX]が#523[NBNH]領有中のLV.1都市 #523(849,449)を攻撃し、陣営のために破壊宝箱xを勝 ち取りました 2026-6-20 20:21:34"
frame_0365.png,history_modal,2026/06/20 20:55:11,#476,476B,GcC,#440,449,249,2,,都市,都市,destroy,破壊,medium,visible_datetime,"#476[476B]が#440[Gcc]領有中のLV.2都市 #440(449,249)を攻撃し、陣営のために破壊宝箱5を勝 ち取りました 2026-6-20 20:55:11"
frame_0366.png,history_modal,2026/06/20 20:13:43,#480,BgNa,GcC,#440,149,849,1,,都市,都市,destroy,破壊,medium,visible_datetime,"#480[BgNa]が#440[Gcc]領有中のLV.1都市 #440(149,849)を攻撃し、陣営のために破壊宝箱xを勝 ち取りました 2026-6-20 20:13:43"
frame_0366.png,history_modal,2026/06/20 20:16:08,#440,GoDs,EDFS,#523,49,149,1,,都市,都市,destroy,破壊,medium,visible_datetime,"#440[GoDs]が#523[EDFS]領有中のLV.1都市 #523(49,149)を攻撃し、陣営のために破壊宝箱x2を勝ち 取りました 2026-6-20 20:16:08"
frame_0366.png,history_modal,2026/06/20 20:20:25,#476,476C,nO9,#534,49,249,1,,都市,都市,destroy,破壊,medium,visible_datetime,"#476[476c]が#534[n09]領有中のLV.1都市#534(49,249)を 攻撃し、陣宮のために破壊宝額xを勝ち取りました 2026-6-20 20:20:25"
frame_0366.png,history_modal,2026/06/20 20:21:34,#509,FHX,NBNH,#523,849,449,1,,都市,都市,destroy,破壊,medium,visible_datetime,"#509[FHX]が#523[NBNH]領有中のLV.1都市 #523(849,449)を攻撃し、陣営のために破壊宝箱xを勝 ち取りました 2026-6-20 20:21:34"
frame_0366.png,history_modal,2026/06/20 20:55:11,#476,476B,GcC,#440,449,249,2,,都市,都市,destroy,破壊,medium,visible_datetime,"#476[476B]が#440[Gcc]領有中のLV.2都市 #440(449,249)を攻撃し、陣営のために破壊宝箱x5を勝 ち取りました 2026-6-20 20:55:11"
