target_server,coord,x,y,event_time,actor_server,actor_alliance,defender_alliance,level,text_color,destroyed_by,frame,timestamp_sec,raw_text
#511,j-20,949,949,2026-5-27 00:02:19,#480,CDf8,,1,red,enemy,range01_frame_000001.png,0.0,"#480[CDf8]が#511領有中のLv.1都市#511(949,949)を攻撃し、陣営のために破壊宝箱×2を勝ち取りました"
#511,i-20,949,849,2026-5-27 00:04:30,#480,CDf8,,1,red,enemy,range01_frame_000001.png,0.0,"#480[CDf8]が#511領有中のLv.1都市#511(949,849)を攻撃し、陣営のために破壊宝箱×2を勝ち取りました"
#509,a-6,249,49,2026-5-27 00:11:4,#476,476Z,,1,red,enemy,range01_frame_000001.png,0.0,"#476[476Z]が#509領有中のLv.1都市#509(249,49)を攻撃し、陣営のために破壊宝箱×2を勝ち取りました"
#509,a-4,149,49,2026-5-27 00:17:4,#476,476Z,,1,red,enemy,range01_frame_000001.png,0.0,"#476[476Z]が#509領有中のLv.1都市#509(149,49)を攻撃し、陣営のために破壊宝箱×2を勝ち取りました"
#509,a-8,349,49,2026-5-27 00:35:3,#476,ALj,,1,red,enemy,range01_frame_000001.png,0.0,"#476[ALj]が#509領有中のLv.1都市#509(349,49)を攻撃し、陣営のために破壊宝箱×2を勝ち取りました"
#511,j-20,949,949,2026-5-27 00:02:19,#480,CDf8,,1,red,enemy,range01_frame_000002.png,0.0,"#480[CDf8]が#511領有中のLv.1都市#511(949,949)を攻撃し、陣営のために破壊宝箱×2を勝ち取りました"
#511,i-20,949,849,2026-5-27 00:04:30,#480,CDf8,,1,red,enemy,range01_frame_000002.png,0.0,"#480[CDf8]が#511領有中のLv.1都市#511(949,849)を攻撃し、陣営のために破壊宝箱×2を勝ち取りました"
#509,a-6,249,49,2026-5-27 00:11:4,#476,476Z,,1,red,enemy,range01_frame_000002.png,0.0,"#476[476Z]が#509領有中のLv.1都市#509(249,49)を攻撃し、陣営のために破壊宝箱×2を勝ち取りました"
#509,a-4,149,49,2026-5-27 00:17:4,#476,476Z,,1,red,enemy,range01_frame_000002.png,0.0,"#476[476Z]が#509領有中のLv.1都市#509(149,49)を攻撃し、陣営のために破壊宝箱×2を勝ち取りました"
#509,a-8,349,49,2026-5-27 00:35:3,#476,ALj,,1,red,enemy,range01_frame_000002.png,0.0,"#476[ALj]が#509領有中のLv.1都市#509(349,49)を攻撃し、陣営のために破壊宝箱×2を勝ち取りました"
#511,j-20,949,949,2026-5-27 00:02:18,#480,CDf8,,1,red,enemy,range01_frame_000003.png,1.0,"#480[CDf8]が#511領有中のLv.1都市#511(949,949)を攻撃し、陣営のために破壊宝箱×2を勝ち取りました"
#511,i-20,949,849,2026-5-27 00:04:30,#480,CDf8,,1,red,enemy,range01_frame_000003.png,1.0,"#480[CDf8]が#511領有中のLv.1都市#511(949,849)を攻撃し、陣営のために破壊宝箱×2を勝ち取りました"
#509,a-6,249,49,2026-5-27 00:11:4,#476,476Z,,1,red,enemy,range01_frame_000003.png,1.0,"#476[476Z]が#509領有中のLv.1都市#509(249,49)を攻撃し、陣営のために破壊宝箱×2を勝ち取りました"
#509,a-4,149,49,2026-5-27 00:17:4,#476,476Z,,1,red,enemy,range01_frame_000003.png,1.0,"#476[476Z]が#509領有中のLv.1都市#509(149,49)を攻撃し、陣営のために破壊宝箱×2を勝ち取りました"
#509,a-8,349,49,2026-5-27 00:35:3,#476,ALj,,1,red,enemy,range01_frame_000003.png,1.0,"#476[ALj]が#509領有中のLv.1都市#509(349,49)を攻撃し、陣営のために破壊宝箱×2を勝ち取りました"
#511,j-20,949,949,2026-5-27 00:02:18,#480,CDf8,,1,red,enemy,range01_frame_000005.png,2.0,"#480[CDf8]が#511領有中のLv.1都市#511(949,949)を攻撃し、陣営のために破壊宝箱×2を勝ち取りました"
#511,i-20,949,849,2026-5-27 00:04:30,#480,CDf8,,1,red,enemy,range01_frame_000005.png,2.0,"#480[CDf8]が#511領有中のLv.1都市#511(949,849)を攻撃し、陣営のために破壊宝箱×2を勝ち取りました"
#509,a-6,249,49,2026-5-27 00:11:44,#476,476Z,,1,red,enemy,range01_frame_000005.png,2.0,"#476[476Z]が#509領有中のLv.1都市#509(249,49)を攻撃し、陣営のために破壊宝箱×2を勝ち取りました"
#509,a-4,149,49,2026-5-27 00:17:44,#476,476Z,,1,red,enemy,range01_frame_000005.png,2.0,"#476[476Z]が#509領有中のLv.1都市#509(149,49)を攻撃し、陣営のために破壊宝箱×2を勝ち取りました"
#509,a-8,349,49,2026-5-27 00:35:33,#476,ALj,,1,red,enemy,range01_frame_000005.png,2.0,"#476[ALj]が#509領有中のLv.1都市#509(349,49)を攻撃し、陣営のために破壊宝箱×2を勝ち取りました"
#511,j-20,949,949,2026-5-27 00:02:18,#480,CDf8,,1,red,enemy,range01_frame_000007.png,3.0,"#480[CDf8]が#511領有中のLv.1都市#511(949,949)を攻撃し、陣営のために破壊宝箱×2を勝ち取りました"
#511,i-20,949,849,2026-5-27 00:04:30,#480,CDf8,,1,red,enemy,range01_frame_000007.png,3.0,"#480[CDf8]が#511領有中のLv.1都市#511(949,849)を攻撃し、陣営のために破壊宝箱×2を勝ち取りました"
#509,a-6,249,49,2026-5-27 00:11:44,#476,476Z,,1,red,enemy,range01_frame_000007.png,3.0,"#476[476Z]が#509領有中のLv.1都市#509(249,49)を攻撃し、陣営のために破壊宝箱×2を勝ち取りました"
#509,a-4,149,49,2026-5-27 00:17:44,#476,476Z,,1,red,enemy,range01_frame_000007.png,3.0,"#476[476Z]が#509領有中のLv.1都市#509(149,49)を攻撃し、陣営のために破壊宝箱×2を勝ち取りました"
#509,a-8,349,49,2026-5-27 00:35:33,#476,ALj,,1,red,enemy,range01_frame_000007.png,3.0,"#476[ALj]が#509領有中のLv.1都市#509(349,49)を攻撃し、陣営のために破壊宝箱×2を勝ち取りました"
#511,j-20,949,949,2026-5-27 00:02:18,#480,CDf8,,1,red,enemy,range01_frame_000008.png,3.0,"#480[CDf8]が#511領有中のLv.1都市#511(949,949)を攻撃し、陣営のために破壊宝箱×2を勝ち取りました"
#511,i-20,949,849,2026-5-27 00:04:30,#480,CDf8,,1,red,enemy,range01_frame_000008.png,3.0,"#480[CDf8]が#511領有中のLv.1都市#511(949,849)を攻撃し、陣営のために破壊宝箱×2を勝ち取りました"
#509,a-6,249,49,2026-5-27 00:11:44,#476,476Z,,1,red,enemy,range01_frame_000008.png,3.0,"#476[476Z]が#509領有中のLv.1都市#509(249,49)を攻撃し、陣営のために破壊宝箱×2を勝ち取りました"
#509,a-4,149,49,2026-5-27 00:17:44,#476,476Z,,1,red,enemy,range01_frame_000008.png,3.0,"#476[476Z]が#509領有中のLv.1都市#509(149,49)を攻撃し、陣営のために破壊宝箱×2を勝ち取りました"
#509,a-8,349,49,2026-5-27 00:35:33,#476,ALj,,1,red,enemy,range01_frame_000008.png,3.0,"#476[ALj]が#509領有中のLv.1都市#509(349,49)を攻撃し、陣営のために破壊宝箱×2を勝ち取りました"
#511,i-20,949,849,2026-5-27 00:02:18,#480,CDf8,,1,red,enemy,range01_frame_000009.png,4.0,"#480[CDf8]が#511領有中のLv.1都市#511(949,849)を攻撃し、陣営のために破壊宝箱×2を勝ち取りました"
#509,a-6,249,49,2026-5-27 00:04:30,#476,476Z,,1,red,enemy,range01_frame_000009.png,4.0,"#476[476Z]が#509領有中のLv.1都市#509(249,49)を攻撃し、陣営のために破壊宝箱×2を勝ち取りました"
#509,a-4,149,49,2026-5-27 00:11:4,#476,476Z,,1,red,enemy,range01_frame_000009.png,4.0,"#476[476Z]が#509領有中のLv.1都市#509(149,49)を攻撃し、陣営のために破壊宝箱×2を勝ち取りました"
#509,a-8,349,49,2026-5-27 00:17:4,#476,476Z,,1,red,enemy,range01_frame_000009.png,4.0,"#476[476Z]が#509領有中のLv.1都市#509(349,49)を攻撃し、陣営のために破壊宝箱×2を勝ち取りました"
#509,a-10,449,49,2026-5-27 00:35:33,#476,ALj,,1,red,enemy,range01_frame_000009.png,4.0,"#476[ALj]が#509領有中のLv.1都市#509(449,49)を攻撃し、陣営のために破壊宝箱×2を勝ち取りました"
#509,a-14,649,49,2026-5-27 00:52:1,#476,ALj,,1,red,enemy,range01_frame_000009.png,4.0,"#476[ALj]が#509領有中のLv.1都市#509(649,49)を攻撃し、陣営のために破壊宝箱×2を勝ち取りました"
#509,a-6,249,49,2026-5-27 00:04:30,#476,476Z,,1,red,enemy,range01_frame_000010.png,4.0,"#476[476Z]が#509領有中のLv.1都市#509(249,49)を攻撃し、陣営のために破壊宝箱×2を勝ち取りました"
#509,a-4,149,49,2026-5-27 00:11:4,#476,476Z,,1,red,enemy,range01_frame_000010.png,4.0,"#476[476Z]が#509領有中のLv.1都市#509(149,49)を攻撃し、陣営のために破壊宝箱×2を勝ち取りました"
#509,a-8,349,49,2026-5-27 00:17:4,#476,476Z,,1,red,enemy,range01_frame_000010.png,4.0,"#476[476Z]が#509領有中のLv.1都市#509(349,49)を攻撃し、陣営のために破壊宝箱×2を勝ち取りました"
#509,a-10,449,49,2026-5-27 00:35:33,#476,ALj,,1,red,enemy,range01_frame_000010.png,4.0,"#476[ALj]が#509領有中のLv.1都市#509(449,49)を攻撃し、陣営のために破壊宝箱×2を勝ち取りました"
#509,a-14,649,49,2026-5-27 00:52:1,#476,ALj,,1,red,enemy,range01_frame_000010.png,4.0,"#476[ALj]が#509領有中のLv.1都市#509(649,49)を攻撃し、陣営のために破壊宝箱×2を勝ち取りました"
#509,a-6,249,49,2026-5-27 00:04:30,#476,476Z,,1,red,enemy,range01_frame_000011.png,5.0,"#476[476Z]が#509領有中のLv.1都市#509(249,49)を攻撃し、陣営のために破壊宝箱×2を勝ち取りました"
#509,a-4,149,49,2026-5-27 00:11:40,#476,476Z,,1,red,enemy,range01_frame_000011.png,5.0,"#476[476Z]が#509領有中のLv.1都市#509(149,49)を攻撃し、陣営のために破壊宝箱×2を勝ち取りました"
#509,a-8,349,49,2026-5-27 00:35:30,#476,ALJ,,1,red,enemy,range01_frame_000011.png,5.0,"#476[ALJ]が#509領有中のLv.1都市#509(349,49)を攻撃し、陣営のために破壊宝箱×2を勝ち取りました"
#509,a-10,449,49,2026-5-27 00:52:10,#476,ALJ,,1,red,enemy,range01_frame_000011.png,5.0,"#476[ALJ]が#509領有中のLv.1都市#509(449,49)を攻撃し、陣営のために破壊宝箱×2を勝ち取りました"
#509,a-14,649,49,2026-5-27 03:04:40,#476,476K,,1,red,enemy,range01_frame_000011.png,5.0,"#476[476K]が#509領有中のLv.1都市#509(649,49)を攻撃し、陣営のために破壊宝箱×2を勝ち取りました"
#509,a-6,249,49,2026-5-27 00:04:30,#476,476Z,,1,red,enemy,range01_frame_000012.png,5.0,"#476[476Z]が#509領有中のLv.1都市#509(249,49)を攻撃し、陣営のために破壊宝箱×2を勝ち取りました"
#509,a-4,149,49,2026-5-27 00:11:40,#476,476Z,,1,red,enemy,range01_frame_000012.png,5.0,"#476[476Z]が#509領有中のLv.1都市#509(149,49)を攻撃し、陣営のために破壊宝箱×2を勝ち取りました"
#509,a-8,349,49,2026-5-27 00:35:30,#476,ALJ,,1,red,enemy,range01_frame_000012.png,5.0,"#476[ALJ]が#509領有中のLv.1都市#509(349,49)を攻撃し、陣営のために破壊宝箱×2を勝ち取りました"
#509,a-10,449,49,2026-5-27 00:52:10,#476,ALJ,,1,red,enemy,range01_frame_000012.png,5.0,"#476[ALJ]が#509領有中のLv.1都市#509(449,49)を攻撃し、陣営のために破壊宝箱×2を勝ち取りました"
#509,a-14,649,49,2026-5-27 03:04:40,#476,476K,,1,red,enemy,range01_frame_000012.png,5.0,"#476[476K]が#509領有中のLv.1都市#509(649,49)を攻撃し、陣営のために破壊宝箱×2を勝ち取りました"
#509,a-4,149,49,2026-5-27 00:11:4,#476,476Z,,1,red,enemy,range01_frame_000013.png,6.0,"#476[476Z]が#509領有中のLv.1都市#509(149,49)を攻撃し、陣営のために破壊宝箱×2を勝ち取りました"
#509,a-8,349,49,2026-5-27 00:17:4,#476,ALj,,1,red,enemy,range01_frame_000013.png,6.0,"#476[ALj]が#509領有中のLv.1都市#509(349,49)を攻撃し、陣営のために破壊宝箱×2を勝ち取りました"
#509,a-10,449,49,2026-5-27 00:35:3,#476,ALj,,1,red,enemy,range01_frame_000013.png,6.0,"#476[ALj]が#509領有中のLv.1都市#509(449,49)を攻撃し、陣営のために破壊宝箱×2を勝ち取りました"
#509,a-12,549,49,2026-5-27 00:52:1,#476,ALj,,1,red,enemy,range01_frame_000013.png,6.0,"#476[ALj]が#509領有中のLv.1都市#509(549,49)を攻撃し、陣営のために破壊宝箱×2を勝ち取りました"
#509,a-4,149,49,2026-5-27 00:11:4,#476,476Z,,1,red,enemy,range01_frame_000014.png,6.0,"#476[476Z]が#509領有中のLv.1都市#509(149,49)を攻撃し、陣営のために破壊宝箱×2を勝ち取りました"
#509,a-8,349,49,2026-5-27 00:17:4,#476,ALj,,1,red,enemy,range01_frame_000014.png,6.0,"#476[ALj]が#509領有中のLv.1都市#509(349,49)を攻撃し、陣営のために破壊宝箱×2を勝ち取りました"
#509,a-10,449,49,2026-5-27 00:35:3,#476,ALj,,1,red,enemy,range01_frame_000014.png,6.0,"#476[ALj]が#509領有中のLv.1都市#509(449,49)を攻撃し、陣営のために破壊宝箱×2を勝ち取りました"
#509,a-12,549,49,2026-5-27 00:52:1,#476,ALj,,1,red,enemy,range01_frame_000014.png,6.0,"#476[ALj]が#509領有中のLv.1都市#509(549,49)を攻撃し、陣営のために破壊宝箱×2を勝ち取りました"
#509,a-4,149,49,2026-5-27 00:17:4,#476,476Z,,1,red,enemy,range01_frame_000015.png,7.0,"#476[476Z]が#509領有中のLv.1都市#509(149,49)を攻撃し、陣営のために破壊宝箱×2を勝ち取りました"
#509,a-8,349,49,2026-5-27 00:35:3,#476,ALj,,1,red,enemy,range01_frame_000015.png,7.0,"#476[ALj]が#509領有中のLv.1都市#509(349,49)を攻撃し、陣営のために破壊宝箱×2を勝ち取りました"
#509,a-10,449,49,2026-5-27 00:52:1,#476,ALj,,1,red,enemy,range01_frame_000015.png,7.0,"#476[ALj]が#509領有中のLv.1都市#509(449,49)を攻撃し、陣営のために破壊宝箱×2を勝ち取りました"
#509,a-14,649,49,2026-5-27 03:04:4,#476,476K,,1,red,enemy,range01_frame_000015.png,7.0,"#476[476K]が#509領有中のLv.1都市#509(649,49)を攻撃し、陣営のために破壊宝箱×2を勝ち取りました"
#509,a-12,549,49,2026-5-27 03:09:4,#476,476K,,1,red,enemy,range01_frame_000015.png,7.0,"#476[476K]が#509領有中のLv.1都市#509(549,49)を攻撃し、陣営のために破壊宝箱×2を勝ち取りました"
#509,a-4,149,49,2026-5-27 00:17:4,#476,476Z,,1,red,enemy,range01_frame_000016.png,7.0,"#476[476Z]が#509領有中のLv.1都市#509(149,49)を攻撃し、陣営のために破壊宝箱×2を勝ち取りました"
#509,a-8,349,49,2026-5-27 00:35:3,#476,ALj,,1,red,enemy,range01_frame_000016.png,7.0,"#476[ALj]が#509領有中のLv.1都市#509(349,49)を攻撃し、陣営のために破壊宝箱×2を勝ち取りました"
#509,a-10,449,49,2026-5-27 00:52:1,#476,ALj,,1,red,enemy,range01_frame_000016.png,7.0,"#476[ALj]が#509領有中のLv.1都市#509(449,49)を攻撃し、陣営のために破壊宝箱×2を勝ち取りました"
#509,a-14,649,49,2026-5-27 03:04:4,#476,476K,,1,red,enemy,range01_frame_000016.png,7.0,"#476[476K]が#509領有中のLv.1都市#509(649,49)を攻撃し、陣営のために破壊宝箱×2を勝ち取りました"
#509,a-12,549,49,2026-5-27 03:09:4,#476,476K,,1,red,enemy,range01_frame_000016.png,7.0,"#476[476K]が#509領有中のLv.1都市#509(549,49)を攻撃し、陣営のために破壊宝箱×2を勝ち取りました"
#509,a-4,149,49,2026-5-27 00:17:4,#476,476Z,,1,red,enemy,range01_frame_000017.png,8.0,"#476[476Z]が#509領有中のLv.1都市 #509(149,49)を攻撃し、陣営のために破壊宝箱×2を勝ち取りました"
#509,a-8,349,49,2026-5-27 00:35:33,#476,ALj,,1,red,enemy,range01_frame_000017.png,8.0,"#476[ALj]が#509領有中のLv.1都市 #509(349,49)を攻撃し、陣営のために破壊宝箱×2を勝ち取りました"
#509,a-10,449,49,2026-5-27 00:52:1,#476,ALj,,1,red,enemy,range01_frame_000017.png,8.0,"#476[ALj]が#509領有中のLv.1都市 #509(449,49)を攻撃し、陣営のために破壊宝箱×2を勝ち取りました"
#509,a-14,649,49,2026-5-27 03:04:4,#476,476K,,1,red,enemy,range01_frame_000017.png,8.0,"#476[476K]が#509領有中のLv.1都市 #509(649,49)を攻撃し、陣営のために破壊宝箱×2を勝ち取りました"
#509,a-12,549,49,2026-5-27 03:09:4,#476,476K,,1,red,enemy,range01_frame_000017.png,8.0,"#476[476K]が#509領有中のLv.1都市 #509(549,49)を攻撃し、陣営のために破壊宝箱×2を勝ち取りました"
#509,a-4,149,49,2026-5-27 00:17:4,#476,476Z,,1,red,enemy,range01_frame_000018.png,8.0,"#476[476Z]が#509領有中のLv.1都市 #509(149,49)を攻撃し、陣営のために破壊宝箱×2を勝ち取りました"
#509,a-8,349,49,2026-5-27 00:35:33,#476,ALj,,1,red,enemy,range01_frame_000018.png,8.0,"#476[ALj]が#509領有中のLv.1都市 #509(349,49)を攻撃し、陣営のために破壊宝箱×2を勝ち取りました"
#509,a-10,449,49,2026-5-27 00:52:1,#476,ALj,,1,red,enemy,range01_frame_000018.png,8.0,"#476[ALj]が#509領有中のLv.1都市 #509(449,49)を攻撃し、陣営のために破壊宝箱×2を勝ち取りました"
#509,a-14,649,49,2026-5-27 03:04:4,#476,476K,,1,red,enemy,range01_frame_000018.png,8.0,"#476[476K]が#509領有中のLv.1都市 #509(649,49)を攻撃し、陣営のために破壊宝箱×2を勝ち取りました"
#509,a-12,549,49,2026-5-27 03:09:4,#476,476K,,1,red,enemy,range01_frame_000018.png,8.0,"#476[476K]が#509領有中のLv.1都市 #509(549,49)を攻撃し、陣営のために破壊宝箱×2を勝ち取りました"
#509,a-8,349,49,2026-5-27 00:17:4,#476,AL],,1,red,enemy,range01_frame_000019.png,9.0,"#476[AL]が#509領有中のLv.1都市#509(349,49)を攻撃し、陣営のために破壊宝箱×2を勝ち取りました"
#509,a-10,449,49,2026-5-27 00:35:3,#476,AL],,1,red,enemy,range01_frame_000019.png,9.0,"#476[AL]が#509領有中のLv.1都市#509(449,49)を攻撃し、陣営のために破壊宝箱×2を勝ち取りました"
#509,a-14,649,49,2026-5-27 00:52:1,#476,476K,,1,red,enemy,range01_frame_000019.png,9.0,"#476[476K]が#509領有中のLv.1都市#509(649,49)を攻撃し、陣営のために破壊宝箱×2を勝ち取りました"
#509,a-12,549,49,2026-5-27 03:04:4,#476,476K,,1,red,enemy,range01_frame_000019.png,9.0,"#476[476K]が#509領有中のLv.1都市#509(549,49)を攻撃し、陣営のために破壊宝箱×2を勝ち取りました"
#509,a-12,549,49,2026-5-27 03:09:4,#476,476K,,1,red,enemy,range01_frame_000019.png,9.0,"#476[476K]が#509領有中のLv.1都市#509(549,49)を攻撃し、陣営のために破壊宝箱×2を勝ち取りました"
#509,a-10,449,49,2026-5-27 00:35:3,#476,AL],,1,red,enemy,range01_frame_000020.png,9.0,"#476[AL]が#509領有中のLv.1都市#509(449,49)を攻撃し、陣営のために破壊宝箱×2を勝ち取りました"
#509,a-14,649,49,2026-5-27 00:52:1,#476,476K,,1,red,enemy,range01_frame_000020.png,9.0,"#476[476K]が#509領有中のLv.1都市#509(649,49)を攻撃し、陣営のために破壊宝箱×2を勝ち取りました"
#509,a-12,549,49,2026-5-27 03:04:4,#476,476K,,1,red,enemy,range01_frame_000020.png,9.0,"#476[476K]が#509領有中のLv.1都市#509(549,49)を攻撃し、陣営のために破壊宝箱×2を勝ち取りました"
#509,a-12,549,49,2026-5-27 03:09:4,#476,476K,,1,red,enemy,range01_frame_000020.png,9.0,"#476[476K]が#509領有中のLv.1都市#509(549,49)を攻撃し、陣営のために破壊宝箱×2を勝ち取りました"
#480,b-6,249,149,2026-5-27 04:37:2,#440,GoDs,PmP,1,blue,ally,range01_frame_000020.png,9.0,"#440[GoDs]が#480[PmP]領有中のLv.1都市#480(249,149)を攻撃し、陣営のために破壊宝箱×2を勝ち取りました"
#511,c-4,149,249,2026-5-27 04:37:2,#523,5DU,,1,red,enemy,range01_frame_000020.png,9.0,"#523[5DU]が#511領有中のLv.1都市#511(149,249)を攻撃し、陣営のために破壊宝箱×2を勝ち取りました"
#509,a-10,449,49,2026-5-27 00:52:11,#476,ALj,,1,red,enemy,range01_frame_000021.png,10.0,"#476[ALj]が#509領有中のLv.1都市#509(449,49)を攻撃し、陣営のために破壊宝箱×2を勝ち取りました"
#509,a-14,649,49,2026-5-27 03:04:40,#476,476K,,1,red,enemy,range01_frame_000021.png,10.0,"#476[476K]が#509領有中のLv.1都市#509(649,49)を攻撃し、陣営のために破壊宝箱×2を勝ち取りました"
#509,a-12,549,49,2026-5-27 03:09:40,#476,476K,,1,red,enemy,range01_frame_000021.png,10.0,"#476[476K]が#509領有中のLv.1都市#509(549,49)を攻撃し、陣営のために破壊宝箱×2を勝ち取りました"
#480,b-6,249,149,2026-5-27 04:37:20,#440,GoDs,PmP,1,blue,ally,range01_frame_000021.png,10.0,"#440[GoDs]が#480[PmP]領有中のLv.1都市#480(249,149)を攻撃し、陣営のために破壊宝箱×2を勝ち取りました"
#511,c-4,149,249,2026-5-27 10:36:10,#523,5DU,,1,red,enemy,range01_frame_000021.png,10.0,"#523[5DU]が#511領有中のLv.1都市#511(149,249)を攻撃し、陣営のために破壊宝箱×2を勝ち取りました"
#509,a-10,449,49,2026-5-27 00:52:11,#476,476K,,1,red,enemy,range01_frame_000022.png,10.0,"#476[476K]が#509領有中のLv.1都市#509(449,49)を攻撃し、陣営のために破壊宝箱×2を勝ち取りました"
#509,a-14,649,49,2026-5-27 03:04:40,#476,476K,,1,red,enemy,range01_frame_000022.png,10.0,"#476[476K]が#509領有中のLv.1都市#509(649,49)を攻撃し、陣営のために破壊宝箱×2を勝ち取りました"
#509,a-12,549,49,2026-5-27 03:09:40,#476,476K,,1,red,enemy,range01_frame_000022.png,10.0,"#476[476K]が#509領有中のLv.1都市#509(549,49)を攻撃し、陣営のために破壊宝箱×2を勝ち取りました"
#480,b-6,249,149,2026-5-27 04:37:20,#440,GoDs,PmP,1,blue,ally,range01_frame_000022.png,10.0,"#440[GoDs]が#480[PmP]領有中のLv.1都市#480(249,149)を攻撃し、陣営のために破壊宝箱×2を勝ち取りました"
#511,c-4,149,249,2026-5-27 10:36:10,#523,5DU,,1,red,enemy,range01_frame_000022.png,10.0,"#523[5DU]が#511領有中のLv.1都市#511(149,249)を攻撃し、陣営のために破壊宝箱×2を勝ち取りました"
#480,b-8,349,149,,#440,GoDs,BgNa,1,blue,ally,range01_frame_000022.png,10.0,"#440[GoDs]が#480[BgNa]領有中のLv.1都市#480(349,149)を攻撃し、陣営のために破壊宝箱×2を勝ち取りました"
#509,a-14,649,49,2026-5-27 03:04:40,#476,476K,,1,red,enemy,range01_frame_000023.png,11.0,"#476[476K]が#509領有中のLv.1都市#509(649,49)を攻撃し、陣営のために破壊宝箱×2を勝ち取りました"
#509,a-12,549,49,2026-5-27 03:09:40,#476,476K,,1,red,enemy,range01_frame_000023.png,11.0,"#476[476K]が#509領有中のLv.1都市#509(549,49)を攻撃し、陣営のために破壊宝箱×2を勝ち取りました"
#480,b-6,249,149,2026-5-27 04:37:20,#440,GoDs,PmP,1,blue,ally,range01_frame_000023.png,11.0,"#440[GoDs]が#480[PmP]領有中のLv.1都市#480(249,149)を攻撃し、陣営のために破壊宝箱×2を勝ち取りました"
#511,c-4,149,249,2026-5-27 10:36:10,#523,5DU,,1,red,enemy,range01_frame_000023.png,11.0,"#523[5DU]が#511領有中のLv.1都市#511(149,249)を攻撃し、陣営のために破壊宝箱×2を勝ち取りました"
#480,b-8,349,149,2026-5-27 12:01:50,#440,GoDs,BgNa,1,blue,ally,range01_frame_000023.png,11.0,"#440[GoDs]が#480[BgNa]領有中のLv.1都市#480(349,149)を攻撃し、陣営のために破壊宝箱×2を勝ち取りました"
#509,a-14,649,49,2026-5-27 03:04:40,#476,476K,,1,red,enemy,range01_frame_000024.png,11.0,"#476[476K]が#509領有中のLv.1都市#509(649,49)を攻撃し、陣営のために破壊宝箱×2を勝ち取りました"
#509,a-12,549,49,2026-5-27 03:09:40,#476,476K,,1,red,enemy,range01_frame_000024.png,11.0,"#476[476K]が#509領有中のLv.1都市#509(549,49)を攻撃し、陣営のために破壊宝箱×2を勝ち取りました"
#480,b-6,249,149,2026-5-27 04:37:20,#440,GoDs,PmP,1,blue,ally,range01_frame_000024.png,11.0,"#440[GoDs]が#480[PmP]領有中のLv.1都市#480(249,149)を攻撃し、陣営のために破壊宝箱×2を勝ち取りました"
#511,c-4,149,249,2026-5-27 10:36:10,#523,5DU,,1,red,enemy,range01_frame_000024.png,11.0,"#523[5DU]が#511領有中のLv.1都市#511(149,249)を攻撃し、陣営のために破壊宝箱×2を勝ち取りました"
#480,b-8,349,149,2026-5-27 12:01:50,#440,GoDs,BgNa,1,blue,ally,range01_frame_000024.png,11.0,"#440[GoDs]が#480[BgNa]領有中のLv.1都市#480(349,149)を攻撃し、陣営のために破壊宝箱×2を勝ち取りました"
#509,f-16,749,549,2026-5-27 12:??:??,#503,GX99,FHX,2,red,enemy,range01_frame_000024.png,11.0,"#503[GX99]が#509[FHX]領有中のLv.2都市#509(749,549)を攻撃し、陣営のために破壊宝箱×5を勝ち..."
#509,a-12,549,49,2026-5-27 03:04:40,#476,476K,,1,red,enemy,range01_frame_000025.png,12.0,"#476[476K]が#509領有中のLv.1都市#509(549,49)を攻撃し、陣営のために破壊宝箱×2を勝ち取りました"
#480,b-6,249,149,2026-5-27 04:37:20,#440,GoDs,PmP,1,unknown,unknown,range01_frame_000025.png,12.0,"#440[GoDs]が#480[PmP]領有中のLv.1都市#480(249,149)を攻撃し、陣営のために破壊宝箱×2を勝ち取りました"
#511,c-4,149,249,2026-5-27 10:36:10,#523,5DU,,1,red,enemy,range01_frame_000025.png,12.0,"#523[5DU]が#511領有中のLv.1都市#511(149,249)を攻撃し、陣営のために破壊宝箱×2を勝ち取りました"
#480,b-8,349,149,2026-5-27 12:01:50,#440,GoDs,BgNa,1,unknown,unknown,range01_frame_000025.png,12.0,"#440[GoDs]が#480[BgNa]領有中のLv.1都市#480(349,149)を攻撃し、陣営のために破壊宝箱×2を勝ち取りました"
#509,f-16,749,549,2026-5-27 12:01:50,#503,GX99,FHX,2,red,enemy,range01_frame_000025.png,12.0,"#503[GX99]が#509[FHX]領有中のLv.2都市#509(749,549)を攻撃し、陣営のために破壊宝箱×5を勝ち取りました"
#509,a-12,549,49,2026-5-27 03:09:40,#476,476K,,1,red,enemy,range01_frame_000026.png,12.0,"#476[476K]が#509領有中のLv.1都市#509(549,49)を攻撃し、陣営のために破壊宝箱×2を勝ち取りました"
#480,b-6,249,149,2026-5-27 04:37:20,#440,GoDs,PmP,1,unknown,unknown,range01_frame_000026.png,12.0,"#440[GoDs]が#480[PmP]領有中のLv.1都市#480(249,149)を攻撃し、陣営のために破壊宝箱×2を勝ち取りました"
#511,c-4,149,249,2026-5-27 10:36:10,#523,5DU,,1,red,enemy,range01_frame_000026.png,12.0,"#523[5DU]が#511領有中のLv.1都市#511(149,249)を攻撃し、陣営のために破壊宝箱×2を勝ち取りました"
#480,b-8,349,149,2026-5-27 12:01:50,#440,GoDs,BgNa,1,unknown,unknown,range01_frame_000026.png,12.0,"#440[GoDs]が#480[BgNa]領有中のLv.1都市#480(349,149)を攻撃し、陣営のために破壊宝箱×2を勝ち取りました"
#509,f-16,749,549,2026-5-27 12:01:50,#503,GX99,FHX,2,red,enemy,range01_frame_000026.png,12.0,"#503[GX99]が#509[FHX]領有中のLv.2都市#509(749,549)を攻撃し、陣営のために破壊宝箱×5を勝ち取りました"
#509,a-12,549,49,2026-5-27 03:09:40,#476,476K,,1,red,enemy,range01_frame_000027.png,13.0,"#476[476K]が#509領有中のLv.1都市#509(549,49)を攻撃し、陣営のために破壊宝箱×2を勝ち取りました"
#480,b-6,249,149,2026-5-27 04:37:2,#440,GoDs,PmP,1,blue,ally,range01_frame_000027.png,13.0,"#440[GoDs]が#480[PmP]領有中のLv.1都市#480(249,149)を攻撃し、陣営のために破壊宝箱×2を勝ち取りました"
#511,c-4,149,249,2026-5-27 10:36:1,#523,5DU,,1,red,enemy,range01_frame_000027.png,13.0,"#523[5DU]が#511領有中のLv.1都市#511(149,249)を攻撃し、陣営のために破壊宝箱×2を勝ち取りました"
#480,b-8,349,149,2026-5-27 12:01:5,#440,GoDs,BgNa,1,blue,ally,range01_frame_000027.png,13.0,"#440[GoDs]が#480[BgNa]領有中のLv.1都市#480(349,149)を攻撃し、陣営のために破壊宝箱×2を勝ち取りました"
#509,f-16,749,549,2026-5-27 12:01:5,#503,GX99,FHX,2,red,enemy,range01_frame_000027.png,13.0,"#503[GX99]が#509[FHX]領有中のLv.2都市#509(749,549)を攻撃し、陣営のために破壊宝箱×5を勝ち取りました"
#509,a-12,549,49,2026-5-27 03:09:40,#476,476K,,1,red,enemy,range01_frame_000029.png,14.0,"#476[476K]が#509頑有中のLv.1都市#509(549,49)を攻撃し、陣営のために破壊宝箱×2を勝ち取りました"
#480,b-6,249,149,2026-5-27 04:37:2,#440,GoDs,PmP,1,blue,ally,range01_frame_000029.png,14.0,"#440[GoDs]が#480[PmP]頑有中のLv.1都市#480(249,149)を攻撃し、陣営のために破壊宝箱×2を勝ち取りました"
#511,c-4,149,249,2026-5-27 10:36:1,#523,5DU,,1,red,enemy,range01_frame_000029.png,14.0,"#523[5DU]が#511頑有中のLv.1都市#511(149,249)を攻撃し、陣営のために破壊宝箱×2を勝ち取りました"
#480,b-8,349,149,2026-5-27 12:01:5,#440,GoDs,BgNa,1,blue,ally,range01_frame_000029.png,14.0,"#440[GoDs]が#480[BgNa]頑有中のLv.1都市#480(349,149)を攻撃し、陣営のために破壊宝箱×2を勝ち取りました"
#509,f-16,749,549,2026-5-27 12:01:5,#503,GX99,FHX,2,red,enemy,range01_frame_000029.png,14.0,"#503[GX99]が#509[FHX]頑有中のLv.2都市#509(749,549)を攻撃し、陣営のために破壊宝箱×5を勝ち取りました"
#509,f-18,849,549,2026-5-27 12:01:5,#503,Bye,FHX,1,red,enemy,range01_frame_000030.png,14.0,"#503[Bye]が#509[FHX]頑有中のLv.1都市#509(849,549)を攻撃し、陣営のために破壊宝箱×2を勝ち取りました"
#480,b-6,249,149,2026-5-27 04:37:2,#440,GoDs,Pmp,1,blue,ally,range01_frame_000031.png,15.0,"#440[GoDs]が#480[Pmp]領有中のLv.1都市 #480(249,149)を攻撃し、陣営のために破壊宝箱×2を勝ち取りました"
#511,c-4,149,249,2026-5-27 10:36:1,#523,5DU,,1,red,enemy,range01_frame_000031.png,15.0,"#523[5DU]が#511領有中のLv.1都市 #511(149,249)を攻撃し、陣営のために破壊宝箱×2を勝ち取りました"
#480,b-8,349,149,2026-5-27 12:01:5,#440,GoDs,BgNa,1,blue,ally,range01_frame_000031.png,15.0,"#440[GoDs]が#480[BgNa]領有中のLv.1都市 #480(349,149)を攻撃し、陣営のために破壊宝箱×2を勝ち取りました"
#509,f-16,749,549,2026-5-27 12:01:5,#503,GX99,FHX,2,red,enemy,range01_frame_000031.png,15.0,"#503[GX99]が#509[FHX]領有中のLv.2都市 #509(749,549)を攻撃し、陣営のために破壊宝箱×5を勝ち取りました"
#509,f-18,849,549,2026-5-27 12:02:3,#503,Bye,FHX,1,red,enemy,range01_frame_000031.png,15.0,"#503[Bye]が#509[FHX]領有中のLv.1都市 #509(849,549)を攻撃し、陣営のために破壊宝箱×2を勝ち取りました"
#511,h-12,549,749,2026-5-27 12:02:3,#476,476X,DaNG,2,red,enemy,range01_frame_000032.png,15.0,"#476[476X]が#511[DaNG]領有中のLv.2都市 #511(549,749)を攻撃し、陣営のために破壊宝箱×5を勝ち取りました"
#511,c-4,149,249,2026-5-27 10:36:1,#523,5DU,,1,red,enemy,range01_frame_000033.png,16.0,"#523[5DU]が#511 領有中のLv.1都市 #511(149,249)を攻撃し、陣営のために破壊宝箱×2を勝ち取りました"
#480,b-8,349,149,2026-5-27 12:01:5,#440,GoDs,BgNa,1,blue,ally,range01_frame_000033.png,16.0,"#440[GoDs]が#480[BgNa]領有中のLv.1都市 #480(349,149)を攻撃し、陣営のために破壊宝箱×2を勝ち取りました"
#509,f-16,749,549,2026-5-27 12:01:5,#503,GX99,FHX,2,red,enemy,range01_frame_000033.png,16.0,"#503[GX99]が#509[FHX]領有中のLv.2都市 #509(749,549)を攻撃し、陣営のために破壊宝箱×5を勝ち取りました"
#509,f-18,849,549,2026-5-27 12:02:3,#503,Bye,FHX,1,red,enemy,range01_frame_000033.png,16.0,"#503[Bye]が#509[FHX]領有中のLv.1都市 #509(849,549)を攻撃し、陣営のために破壊宝箱×2を勝ち取りました"
#511,h-12,549,749,2026-5-27 12:03:3,#476,476X,DaNG,2,red,enemy,range01_frame_000033.png,16.0,"#476[476X]が#511[DaNG]領有中のLv.2都市 #511(549,749)を攻撃し、陣営のために破壊宝箱×5を勝ち取りました"
#480,b-8,349,149,2026-5-27 10:36:1,#440,GoDs,BgNa,1,blue,ally,range01_frame_000034.png,16.0,"#440[GoDs]が#480[BgNa]領有中のLv.1都市 #480(349,149)を攻撃し、陣営のために破壊宝箱×2を勝ち取りました"
#509,f-16,749,549,2026-5-27 12:01:5,#503,GX99,FHX,2,red,enemy,range01_frame_000034.png,16.0,"#503[GX99]が#509[FHX]領有中のLv.2都市 #509(749,549)を攻撃し、陣営のために破壊宝箱×5を勝ち取りました"
#509,f-18,849,549,2026-5-27 12:02:3,#503,Bye,FHX,1,red,enemy,range01_frame_000034.png,16.0,"#503[Bye]が#509[FHX]領有中のLv.1都市 #509(849,549)を攻撃し、陣営のために破壊宝箱×2を勝ち取りました"
#511,h-12,549,749,2026-5-27 12:03:3,#476,476X,DaNG,2,red,enemy,range01_frame_000034.png,16.0,"#476[476X]が#511[DaNG]領有中のLv.2都市 #511(549,749)を攻撃し、陣営のために破壊宝箱×5を勝ち取りました"
#480,b-8,349,149,2026-5-27 12:01:5,#440,GoDs,BgNa,1,blue,ally,range01_frame_000035.png,17.0,"#440[GoDs]が#480[BgNa]領有中のLv.1都市 #480(349,149)を攻撃し、陣営のために破壊宝箱×2を勝ち取りました"
#509,f-16,749,549,2026-5-27 12:01:5,#503,GX99,FHX,2,red,enemy,range01_frame_000035.png,17.0,"#503[GX99]が#509[FHX]領有中のLv.2都市 #509(749,549)を攻撃し、陣営のために破壊宝箱×5を勝ち取りました"
#509,f-18,849,549,2026-5-27 12:02:3,#503,Bye,FHX,1,red,enemy,range01_frame_000035.png,17.0,"#503[Bye]が#509[FHX]領有中のLv.1都市 #509(849,549)を攻撃し、陣営のために破壊宝箱×2を勝ち取りました"
#511,h-12,549,749,2026-5-27 12:03:3,#476,476X,DaNG,2,red,enemy,range01_frame_000035.png,17.0,"#476[476X]が#511[DaNG]領有中のLv.2都市 #511(549,749)を攻撃し、陣営のために破壊宝箱×5を勝ち取りました"
#511,h-14,649,749,2026-5-27 12:06:1,#476,476X,DaNG,2,red,enemy,range01_frame_000035.png,17.0,"#476[476X]が#511[DaNG]領有中のLv.2都市 #511(649,749)を攻撃し、陣営のために破壊宝箱×5を勝ち取りました"
#509,f-16,749,549,2026-5-27 12:01:5,#503,GX99,FHX,2,red,enemy,range01_frame_000036.png,17.0,"#503[GX99]が#509[FHX]領有中のLv.2都市 #509(749,549)を攻撃し、陣営のために破壊宝箱×5を勝ち取りました"
#509,f-18,849,549,2026-5-27 12:02:3,#503,Bye,FHX,1,red,enemy,range01_frame_000036.png,17.0,"#503[Bye]が#509[FHX]領有中のLv.1都市 #509(849,549)を攻撃し、陣営のために破壊宝箱×2を勝ち取りました"
#511,h-12,549,749,2026-5-27 12:03:3,#476,476X,DaNG,2,red,enemy,range01_frame_000036.png,17.0,"#476[476X]が#511[DaNG]領有中のLv.2都市 #511(549,749)を攻撃し、陣営のために破壊宝箱×5を勝ち取りました"
#511,h-14,649,749,2026-5-27 12:06:1,#476,476X,DaNG,2,red,enemy,range01_frame_000036.png,17.0,"#476[476X]が#511[DaNG]領有中のLv.2都市 #511(649,749)を攻撃し、陣営のために破壊宝箱×5を勝ち取りました"
#511,g-18,849,649,,#480,BgNa,,1,blue,ally,range01_frame_000036.png,17.0,"#480[BgNa]が#511領有中のLv.1都市 #511(849,649)を攻撃し、陣営のために破壊宝箱×2を勝ち取りました"
#509,f-16,749,549,2026-5-27 12:01:5,#503,GX99,FHX,2,red,enemy,range01_frame_000037.png,18.0,"#503[GX99]が#509[FHX]領有中のLv.2都市 #509(749,549)を攻撃し、陣営のために破壊宝箱×5を勝ち取りました"
#509,f-18,849,549,2026-5-27 12:02:3,#503,Bye,FHX,1,red,enemy,range01_frame_000037.png,18.0,"#503[Bye]が#509[FHX]領有中のLv.1都市 #509(849,549)を攻撃し、陣営のために破壊宝箱×2を勝ち取りました"
#511,h-12,549,749,2026-5-27 12:03:3,#476,476X,DaNG,2,red,enemy,range01_frame_000037.png,18.0,"#476[476X]が#511[DaNG]領有中のLv.2都市 #511(549,749)を攻撃し、陣営のために破壊宝箱×5を勝ち取りました"
#511,h-14,649,749,2026-5-27 12:06:1,#476,476X,DaNG,2,red,enemy,range01_frame_000037.png,18.0,"#476[476X]が#511[DaNG]領有中のLv.2都市 #511(649,749)を攻撃し、陣営のために破壊宝箱×5を勝ち取りました"
#511,g-18,849,649,2026-5-27 12:07:3,#480,BgNa,,1,blue,ally,range01_frame_000037.png,18.0,"#480[BgNa]が#511領有中のLv.1都市 #511(849,649)を攻撃し、陣営のために破壊宝箱×2を勝ち取りました"
#509,f-16,749,549,2026-5-27 12:01:5,#503,GX99,FHX,2,red,enemy,range01_frame_000038.png,18.0,"#503[GX99]が#509[FHX]領有中のLv.2都市 #509(749,549)を攻撃し、陣営のために破壊宝箱×5を勝ち取りました"
#509,f-18,849,549,2026-5-27 12:02:3,#503,Bye,FHX,1,red,enemy,range01_frame_000038.png,18.0,"#503[Bye]が#509[FHX]領有中のLv.1都市 #509(849,549)を攻撃し、陣営のために破壊宝箱×2を勝ち取りました"
#511,h-12,549,749,2026-5-27 12:03:3,#476,476X,DaNG,2,red,enemy,range01_frame_000038.png,18.0,"#476[476X]が#511[DaNG]領有中のLv.2都市 #511(549,749)を攻撃し、陣営のために破壊宝箱×5を勝ち取りました"
#511,h-14,649,749,2026-5-27 12:06:1,#476,476X,DaNG,2,red,enemy,range01_frame_000038.png,18.0,"#476[476X]が#511[DaNG]領有中のLv.2都市 #511(649,749)を攻撃し、陣営のために破壊宝箱×5を勝ち取りました"
#511,g-18,849,649,2026-5-27 12:07:3,#480,BgNa,,1,blue,ally,range01_frame_000038.png,18.0,"#480[BgNa]が#511領有中のLv.1都市 #511(849,649)を攻撃し、陣営のために破壊宝箱×2を勝ち取りました"
#509,f-16,749,549,2026-5-27 12:01:5,#503,GX99,FHX,2,red,enemy,range01_frame_000039.png,19.0,"#503[GX99]が#509[FHX]領有中のLv.2都市 #509(749,549)を攻撃し、陣営のために破壊宝箱×5を勝ち取りました"
#509,f-18,849,549,2026-5-27 12:02:3,#503,Bye,FHX,1,red,enemy,range01_frame_000039.png,19.0,"#503[Bye]が#509[FHX]領有中のLv.1都市 #509(849,549)を攻撃し、陣営のために破壊宝箱×2を勝ち取りました"
#511,h-12,549,749,2026-5-27 12:03:3,#476,476X,DaNG,2,red,enemy,range01_frame_000039.png,19.0,"#476[476X]が#511[DaNG]領有中のLv.2都市 #511(549,749)を攻撃し、陣営のために破壊宝箱×5を勝ち取りました"
#511,h-14,649,749,2026-5-27 12:06:1,#476,476X,DaNG,2,red,enemy,range01_frame_000039.png,19.0,"#476[476X]が#511[DaNG]領有中のLv.2都市 #511(649,749)を攻撃し、陣営のために破壊宝箱×5を勝ち取りました"
#511,g-18,849,649,2026-5-27 12:07:3,#480,BgNa,,1,blue,ally,range01_frame_000039.png,19.0,"#480[BgNa]が#511領有中のLv.1都市 #511(849,649)を攻撃し、陣営のために破壊宝箱×2を勝ち取りました"
#509,f-16,749,549,2026-5-27 12:01:5,#503,GX99,FHX,2,red,enemy,range01_frame_000041.png,20.0,"#503[GX99]が#509[FHX]領有中のLv.2都市 #509(749,549)を攻撃し、陣営のために破壊宝箱×5を勝ち取りました"
#509,f-18,849,549,2026-5-27 12:02:3,#503,Bye,FHX,1,red,enemy,range01_frame_000041.png,20.0,"#503[Bye]が#509[FHX]領有中のLv.1都市 #509(849,549)を攻撃し、陣営のために破壊宝箱×2を勝ち取りました"
#511,h-12,549,749,2026-5-27 12:03:3,#476,476X,DaNG,2,red,enemy,range01_frame_000041.png,20.0,"#476[476X]が#511[DaNG]領有中のLv.2都市 #511(549,749)を攻撃し、陣営のために破壊宝箱×5を勝ち取りました"
#511,h-14,649,749,2026-5-27 12:06:1,#476,476X,DaNG,2,red,enemy,range01_frame_000041.png,20.0,"#476[476X]が#511[DaNG]領有中のLv.2都市 #511(649,749)を攻撃し、陣営のために破壊宝箱×5を勝ち取りました"
#511,g-18,849,649,2026-5-27 12:07:3,#480,BgNa,,1,blue,ally,range01_frame_000041.png,20.0,"#480[BgNa]が#511領有中のLv.1都市 #511(849,649)を攻撃し、陣営のために破壊宝箱×2を勝ち取りました"
#511,b-4,149,149,2026-5-27 12:07:4,#523,K4TR,2N7,1,red,enemy,range01_frame_000041.png,20.0,"#523[K4TR]が#511[2N7]領有中のLv.1都市 #511(149,149)を攻撃し、陣営のために破壊宝箱×2を勝ち取りました"
#509,f-18,849,549,2026-5-27 12:01:5,#503,Bye,FHX,1,red,enemy,range01_frame_000042.png,20.0,"#503[Bye]が#509[FHX]領有中のLv.1都市 #509(849,549)を攻撃し、陣営のために破壊宝箱×2を勝ち取りました"
#511,h-12,549,749,2026-5-27 12:03:3,#476,476X,DaNG,2,red,enemy,range01_frame_000042.png,20.0,"#476[476X]が#511[DaNG]領有中のLv.2都市 #511(549,749)を攻撃し、陣営のために破壊宝箱×5を勝ち取りました"
#511,h-14,649,749,2026-5-27 12:06:1,#476,476X,DaNG,2,red,enemy,range01_frame_000042.png,20.0,"#476[476X]が#511[DaNG]領有中のLv.2都市 #511(649,749)を攻撃し、陣営のために破壊宝箱×5を勝ち取りました"
#511,g-18,849,649,2026-5-27 12:07:3,#480,BgNa,,1,blue,ally,range01_frame_000042.png,20.0,"#480[BgNa]が#511領有中のLv.1都市 #511(849,649)を攻撃し、陣営のために破壊宝箱×2を勝ち取りました"
#511,b-4,149,149,2026-5-27 12:07:4,#523,K4TR,2N7,1,red,enemy,range01_frame_000042.png,20.0,"#523[K4TR]が#511[2N7]領有中のLv.1都市 #511(149,149)を攻撃し、陣営のために破壊宝箱×2を勝ち取りました"
#511,h-12,549,749,2026-5-27 12:03:3,#476,476X,DaNG,2,red,enemy,range01_frame_000043.png,21.0,"#476[476X]が#511[DaNG]領有中のLv.2都市 #511(549,749)を攻撃し、陣営のために破壊宝箱×5を勝ち取りました"
#511,h-12,549,749,2026-5-27 12:06:1,#476,476X,DaNG,2,red,enemy,range01_frame_000043.png,21.0,"#476[476X]が#511[DaNG]領有中のLv.2都市 #511(549,749)を攻撃し、陣営のために破壊宝箱×5を勝ち取りました"
#511,g-18,849,649,2026-5-27 12:07:3,#480,BgNa,,1,red,enemy,range01_frame_000043.png,21.0,"#480[BgNa]が#511領有中のLv.1都市 #511(849,649)を攻撃し、陣営のために破壊宝箱×2を勝ち取りました"
#511,b-4,149,149,2026-5-27 12:07:4,#523,K4TR,2N7,1,red,enemy,range01_frame_000043.png,21.0,"#523[K4TR]が#511[2N7]領有中のLv.1都市 #511(149,149)を攻撃し、陣営のために破壊宝箱×2を勝ち取りました"
#511,h-12,549,749,2026-5-27 12:03:3,#476,476X,DaNG,2,red,enemy,range01_frame_000044.png,21.0,"#476[476X]が#511[DaNG]領有中のLv.2都市 #511(549,749)を攻撃し、陣営のために破壊宝箱×5を勝ち取りました"
#511,h-12,549,749,2026-5-27 12:06:1,#476,476X,DaNG,2,red,enemy,range01_frame_000044.png,21.0,"#476[476X]が#511[DaNG]領有中のLv.2都市 #511(549,749)を攻撃し、陣営のために破壊宝箱×5を勝ち取りました"
#511,g-18,849,649,2026-5-27 12:07:3,#480,BgNa,,1,red,enemy,range01_frame_000044.png,21.0,"#480[BgNa]が#511領有中のLv.1都市 #511(849,649)を攻撃し、陣営のために破壊宝箱×2を勝ち取りました"
#511,b-4,149,149,2026-5-27 12:07:4,#523,K4TR,2N7,1,red,enemy,range01_frame_000044.png,21.0,"#523[K4TR]が#511[2N7]領有中のLv.1都市 #511(149,149)を攻撃し、陣営のために破壊宝箱×2を勝ち取りました"
#480,c-6,249,249,2026-5-27 12:11:3,#440,BAJ,BgNa,2,blue,ally,range01_frame_000044.png,21.0,"#440[BAJ]が#480[BgNa]領有中のLv.2都市 #480(249,249)を攻撃し、陣営のために破壊宝箱×5を勝ち取りました"
#511,h-14,649,749,2026-5-27 12:03:3,#476,476X,DaNG,2,red,enemy,range01_frame_000045.png,22.0,"#476[476X]が#511[DaNG]領有中のLv.2都市 #511(649,749)を攻撃し、陣営のために破壊宝箱×5を勝ち取りました"
#511,g-18,849,649,2026-5-27 12:06:1,#480,BgNa,,1,blue,ally,range01_frame_000045.png,22.0,"#480[BgNa]が#511領有中のLv.1都市 #511(849,649)を攻撃し、陣営のために破壊宝箱×2を勝ち取りました"
#511,b-4,149,149,2026-5-27 12:07:4,#523,K4TR,2N7,1,red,enemy,range01_frame_000045.png,22.0,"#523[K4TR]が#511[2N7]領有中のLv.1都市 #511(149,149)を攻撃し、陣営のために破壊宝箱×2を勝ち取りました"
#480,c-6,249,249,2026-5-27 12:11:3,#440,BAJ,BgNa,2,blue,ally,range01_frame_000045.png,22.0,"#440[BAJ]が#480[BgNa]領有中のLv.2都市 #480(249,249)を攻撃し、陣営のために破壊宝箱×5を勝ち取りました"
#534,c-10,449,249,2026-5-27 12:11:3,#476,476C,SHA,2,red,enemy,range01_frame_000045.png,22.0,"#476[476C]が#534[SHA]領有中のLv.2都市 #534(449,249)を攻撃し、陣営のために破壊宝箱×5を勝ち取りました"
#511,h-14,649,749,2026-5-27 12:06:1,#476,476X,DaNG,2,red,enemy,range01_frame_000046.png,22.0,"#476[476X]が#511[DaNG]領有中のLv.2都市 #511(649,749)を攻撃し、陣営のために破壊宝箱×5を勝ち取りました"
#511,g-18,849,649,2026-5-27 12:07:3,#480,BgNa,,1,blue,ally,range01_frame_000046.png,22.0,"#480[BgNa]が#511領有中のLv.1都市 #511(849,649)を攻撃し、陣営のために破壊宝箱×2を勝ち取りました"
#511,b-4,149,149,2026-5-27 12:07:4,#523,K4TR,2N7,1,red,enemy,range01_frame_000046.png,22.0,"#523[K4TR]が#511[2N7]領有中のLv.1都市 #511(149,149)を攻撃し、陣営のために破壊宝箱×2を勝ち取りました"
#480,c-6,249,249,2026-5-27 12:11:3,#440,BAJ,BgNa,2,blue,ally,range01_frame_000046.png,22.0,"#440[BAJ]が#480[BgNa]領有中のLv.2都市 #480(249,249)を攻撃し、陣営のために破壊宝箱×5を勝ち取りました"
#534,c-10,449,249,2026-5-27 12:11:3,#476,476C,SHA,2,red,enemy,range01_frame_000046.png,22.0,"#476[476C]が#534[SHA]領有中のLv.2都市 #534(449,249)を攻撃し、陣営のために破壊宝箱×5を勝ち取りました"
#511,g-18,849,649,2026-5-27 12:06:1,#480,BgNa,,1,red,enemy,range01_frame_000047.png,23.0,"#480[BgNa]が#511領有中のLv.1都市#511(849,649)を攻撃し、陣営のために破壊宝箱×2を勝ち取りました"
#511,b-4,149,149,2026-5-27 12:07:3,#523,K4TR,2N7,1,red,enemy,range01_frame_000047.png,23.0,"#523[K4TR]が#511[2N7]領有中のLv.1都市#511(149,149)を攻撃し、陣営のために破壊宝箱×2を勝ち取りました"
#480,c-6,249,249,2026-5-27 12:11:3,#440,BAJ,BgNa,2,blue,ally,range01_frame_000047.png,23.0,"#440[BAJ]が#480[BgNa]領有中のLv.2都市#480(249,249)を攻撃し、陣営のために破壊宝箱×5を勝ち取りました"
#534,c-10,449,249,2026-5-27 12:11:3,#476,476C,SHA,2,red,enemy,range01_frame_000047.png,23.0,"#476[476C]が#534[SHA]領有中のLv.2都市#534(449,249)を攻撃し、陣営のために破壊宝箱×5を勝ち取りました"
#534,c-8,349,249,2026-5-27 12:13:5,#476,476C,SHA,2,red,enemy,range01_frame_000047.png,23.0,"#476[476C]が#534[SHA]領有中のLv.2都市#534(349,249)を攻撃し、陣営のために破壊宝箱×5を勝ち取りました"
#511,g-18,849,649,2026-5-27 12:06:1,#480,BgNa,,1,red,enemy,range01_frame_000048.png,23.0,"#480[BgNa]が#511領有中のLv.1都市#511(849,649)を攻撃し、陣営のために破壊宝箱×2を勝ち取りました"
#511,b-4,149,149,2026-5-27 12:07:3,#523,K4TR,2N7,1,red,enemy,range01_frame_000048.png,23.0,"#523[K4TR]が#511[2N7]領有中のLv.1都市#511(149,149)を攻撃し、陣営のために破壊宝箱×2を勝ち取りました"
#480,c-6,249,249,2026-5-27 12:11:3,#440,BAJ,BgNa,2,blue,ally,range01_frame_000048.png,23.0,"#440[BAJ]が#480[BgNa]領有中のLv.2都市#480(249,249)を攻撃し、陣営のために破壊宝箱×5を勝ち取りました"
#534,c-10,449,249,2026-5-27 12:11:3,#476,476C,SHA,2,red,enemy,range01_frame_000048.png,23.0,"#476[476C]が#534[SHA]領有中のLv.2都市#534(449,249)を攻撃し、陣営のために破壊宝箱×5を勝ち取りました"
#534,c-8,349,249,2026-5-27 12:13:5,#476,476C,SHA,2,red,enemy,range01_frame_000048.png,23.0,"#476[476C]が#534[SHA]領有中のLv.2都市#534(349,249)を攻撃し、陣営のために破壊宝箱×5を勝ち取りました"
#511,g-18,849,649,2026-5-27 12:07:30,#480,BgNa,,1,red,enemy,range01_frame_000049.png,24.0,"#480[BgNa]が#511領有中のLv.1都市#511(849,649)を攻撃し、陣営のために破壊宝箱×2を勝ち取りました"
#511,b-4,149,149,2026-5-27 12:07:4,#523,K4TR,2N7,1,red,enemy,range01_frame_000049.png,24.0,"#523[K4TR]が#511[2N7]領有中のLv.1都市#511(149,149)を攻撃し、陣営のために破壊宝箱×2を勝ち取りました"
#480,c-6,249,249,2026-5-27 12:11:30,#440,BAJ,BgNa,2,blue,ally,range01_frame_000049.png,24.0,"#440[BAJ]が#480[BgNa]領有中のLv.2都市#480(249,249)を攻撃し、陣営のために破壊宝箱×5を勝ち取りました"
#534,c-10,449,249,2026-5-27 12:11:3,#476,476C,SHA,2,red,enemy,range01_frame_000049.png,24.0,"#476[476C]が#534[SHA]領有中のLv.2都市#534(449,249)を攻撃し、陣営のために破壊宝箱×5を勝ち取りました"
#534,c-8,349,249,2026-5-27 12:13:5,#476,476C,SHA,2,red,enemy,range01_frame_000049.png,24.0,"#476[476C]が#534[SHA]領有中のLv.2都市#534(349,249)を攻撃し、陣営のために破壊宝箱×5を勝ち取りました"
#511,g-18,849,649,2026-5-27 12:07:30,#480,BgNa,,1,red,enemy,range01_frame_000050.png,24.0,"#480[BgNa]が#511領有中のLv.1都市#511(849,649)を攻撃し、陣営のために破壊宝箱×2を勝ち取りました"
#511,b-4,149,149,2026-5-27 12:07:4,#523,K4TR,2N7,1,red,enemy,range01_frame_000050.png,24.0,"#523[K4TR]が#511[2N7]領有中のLv.1都市#511(149,149)を攻撃し、陣営のために破壊宝箱×2を勝ち取りました"
#480,c-6,249,249,2026-5-27 12:11:30,#440,BAJ,BgNa,2,blue,ally,range01_frame_000050.png,24.0,"#440[BAJ]が#480[BgNa]領有中のLv.2都市#480(249,249)を攻撃し、陣営のために破壊宝箱×5を勝ち取りました"
#534,c-10,449,249,2026-5-27 12:11:3,#476,476C,SHA,2,red,enemy,range01_frame_000050.png,24.0,"#476[476C]が#534[SHA]領有中のLv.2都市#534(449,249)を攻撃し、陣営のために破壊宝箱×5を勝ち取りました"
#534,c-8,349,249,2026-5-27 12:13:5,#476,476C,SHA,2,red,enemy,range01_frame_000050.png,24.0,"#476[476C]が#534[SHA]領有中のLv.2都市#534(349,249)を攻撃し、陣営のために破壊宝箱×5を勝ち取りました"
#511,g-18,849,649,2026-5-27 12:07:38,#480,BgNa,,1,red,enemy,range01_frame_000051.png,25.0,"#480[BgNa]が#511領有中のLv.1都市#511(849,649)を攻撃し、陣営のために破壊宝箱×2を勝ち取りました"
#511,b-4,149,149,2026-5-27 12:07:4,#523,K4TR,2N7,1,red,enemy,range01_frame_000051.png,25.0,"#523[K4TR]が#511[2N7]領有中のLv.1都市#511(149,149)を攻撃し、陣営のために破壊宝箱×2を勝ち取りました"
#480,c-6,249,249,2026-5-27 12:11:30,#440,BAJ,BgNa,2,blue,ally,range01_frame_000051.png,25.0,"#440[BAJ]が#480[BgNa]領有中のLv.2都市#480(249,249)を攻撃し、陣営のために破壊宝箱×5を勝ち取りました"
#534,c-10,449,249,2026-5-27 12:11:3,#476,476C,SHA,2,red,enemy,range01_frame_000051.png,25.0,"#476[476C]が#534[SHA]領有中のLv.2都市#534(449,249)を攻撃し、陣営のために破壊宝箱×5を勝ち取りました"
#534,c-8,349,249,2026-5-27 12:13:5,#476,476C,SHA,2,red,enemy,range01_frame_000051.png,25.0,"#476[476C]が#534[SHA]領有中のLv.2都市#534(349,249)を攻撃し、陣営のために破壊宝箱×5を勝ち取りました"
#511,a-6,249,49,2026-5-27 12:14:3,#523,u3o,,1,red,enemy,range01_frame_000051.png,25.0,"#523[u3o]が#511領有中のLv.1都市#511(249,49)を攻撃し、陣営のために破壊宝箱×2を勝ち取りました"
#511,b-4,149,149,2026-5-27 12:07:38,#523,K4TR,2N7,1,red,enemy,range01_frame_000052.png,25.0,"#523[K4TR]が#511[2N7]領有中のLv.1都市#511(149,149)を攻撃し、陣営のために破壊宝箱×2を勝ち取りました"
#480,c-6,249,249,2026-5-27 12:11:30,#440,BAJ,BgNa,2,blue,ally,range01_frame_000052.png,25.0,"#440[BAJ]が#480[BgNa]領有中のLv.2都市#480(249,249)を攻撃し、陣営のために破壊宝箱×5を勝ち取りました"
#534,c-10,449,249,2026-5-27 12:11:3,#476,476C,SHA,2,red,enemy,range01_frame_000052.png,25.0,"#476[476C]が#534[SHA]領有中のLv.2都市#534(449,249)を攻撃し、陣営のために破壊宝箱×5を勝ち取りました"
#534,c-8,349,249,2026-5-27 12:13:5,#476,476C,SHA,2,red,enemy,range01_frame_000052.png,25.0,"#476[476C]が#534[SHA]領有中のLv.2都市#534(349,249)を攻撃し、陣営のために破壊宝箱×5を勝ち取りました"
#511,a-6,249,49,2026-5-27 12:14:3,#523,u3o,,1,red,enemy,range01_frame_000052.png,25.0,"#523[u3o]が#511領有中のLv.1都市#511(249,49)を攻撃し、陣営のために破壊宝箱×2を勝ち取りました"
#480,c-6,249,249,2026-5-27 12:11:30,#440,BAJ,BgNa,2,blue,ally,range01_frame_000053.png,26.0,"#440[BAJ]が#480[BgNa]領有中のLv.2都市 #480(249,249)を攻撃し、陣営のために破壊宝箱×5を勝ち取りました"
#534,c-10,449,249,2026-5-27 12:11:30,#476,476C,SHA,2,red,enemy,range01_frame_000053.png,26.0,"#476[476C]が#534[SHA]領有中のLv.2都市 #534(449,249)を攻撃し、陣営のために破壊宝箱×5を勝ち取りました"
#534,c-8,349,249,2026-5-27 12:13:50,#476,476C,SHA,2,red,enemy,range01_frame_000053.png,26.0,"#476[476C]が#534[SHA]領有中のLv.2都市 #534(349,249)を攻撃し、陣営のために破壊宝箱×5を勝ち取りました"
#511,a-6,249,49,2026-5-27 12:14:30,#523,u3o,,1,red,enemy,range01_frame_000053.png,26.0,"#523[u3o]が#511領有中のLv.1都市 #511(249,49)を攻撃し、陣営のために破壊宝箱×2を勝ち取りました"
#509,h-18,849,749,2026-5-27 12:17:10,#503,Stj,MOn,1,red,enemy,range01_frame_000053.png,26.0,"#503[Stj]が#509[MOn]領有中のLv.1都市 #509(849,749)を攻撃し、陣営のために破壊宝箱×2を勝ち取りました"
#480,c-6,249,249,2026-5-27 12:11:30,#440,BAJ,BgNa,2,blue,ally,range01_frame_000054.png,26.0,"#440[BAJ]が#480[BgNa]領有中のLv.2都市 #480(249,249)を攻撃し、陣営のために破壊宝箱×5を勝ち取りました"
#534,c-10,449,249,2026-5-27 12:11:30,#476,476C,SHA,2,red,enemy,range01_frame_000054.png,26.0,"#476[476C]が#534[SHA]領有中のLv.2都市 #534(449,249)を攻撃し、陣営のために破壊宝箱×5を勝ち取りました"
#534,c-8,349,249,2026-5-27 12:13:50,#476,476C,SHA,2,red,enemy,range01_frame_000054.png,26.0,"#476[476C]が#534[SHA]領有中のLv.2都市 #534(349,249)を攻撃し、陣営のために破壊宝箱×5を勝ち取りました"
#511,a-6,249,49,2026-5-27 12:14:30,#523,u3o,,1,red,enemy,range01_frame_000054.png,26.0,"#523[u3o]が#511領有中のLv.1都市 #511(249,49)を攻撃し、陣営のために破壊宝箱×2を勝ち取りました"
#509,h-18,849,749,2026-5-27 12:17:10,#503,Stj,MOn,1,red,enemy,range01_frame_000054.png,26.0,"#503[Stj]が#509[MOn]領有中のLv.1都市 #509(849,749)を攻撃し、陣営のために破壊宝箱×2を勝ち取りました"
#534,c-10,449,249,2026-5-27 12:11:30,#476,476C,SHA,2,red,enemy,range01_frame_000055.png,27.0,"#476[476C]が#534[SHA]領有中のLv.2都市 #534(449,249)を攻撃し、陣営のために破壊宝箱×5を勝ち取りました"
#534,c-8,349,249,2026-5-27 12:13:5,#476,476C,SHA,2,red,enemy,range01_frame_000055.png,27.0,"#476[476C]が#534[SHA]領有中のLv.2都市 #534(349,249)を攻撃し、陣営のために破壊宝箱×5を勝ち取りました"
#511,a-6,249,49,2026-5-27 12:14:3,#523,u30,,1,red,enemy,range01_frame_000055.png,27.0,"#523[u30]が#511領有中のLv.1都市 #511(249,49)を攻撃し、陣営のために破壊宝箱×2を勝ち取りました"
#509,h-18,849,749,2026-5-27 12:17:1,#503,Stj,MOn,1,red,enemy,range01_frame_000055.png,27.0,"#503[Stj]が#509[MOn]領有中のLv.1都市 #509(849,749)を攻撃し、陣営のために破壊宝箱×2を勝ち取りました"
#480,c-16,749,249,2026-5-27 12:17:50,#509,SsQ,CDf8,2,blue,ally,range01_frame_000055.png,27.0,"#509[SsQ]が#480[CDf8]領有中のLv.2都市 #480(749,249)を攻撃し、陣営のために破壊宝箱×5を勝ち取りました"
#534,c-10,449,249,2026-5-27 12:11:30,#476,476C,SHA,2,red,enemy,range01_frame_000056.png,27.0,"#476[476C]が#534[SHA]領有中のLv.2都市 #534(449,249)を攻撃し、陣営のために破壊宝箱×5を勝ち取りました"
#534,c-8,349,249,2026-5-27 12:13:5,#476,476C,SHA,2,red,enemy,range01_frame_000056.png,27.0,"#476[476C]が#534[SHA]領有中のLv.2都市 #534(349,249)を攻撃し、陣営のために破壊宝箱×5を勝ち取りました"
#511,a-6,249,49,2026-5-27 12:14:3,#523,u30,,1,red,enemy,range01_frame_000056.png,27.0,"#523[u30]が#511領有中のLv.1都市 #511(249,49)を攻撃し、陣営のために破壊宝箱×2を勝ち取りました"
#509,h-18,849,749,2026-5-27 12:17:1,#503,Stj,MOn,1,red,enemy,range01_frame_000056.png,27.0,"#503[Stj]が#509[MOn]領有中のLv.1都市 #509(849,749)を攻撃し、陣営のために破壊宝箱×2を勝ち取りました"
#480,c-16,749,249,2026-5-27 12:17:50,#509,SsQ,CDf8,2,blue,ally,range01_frame_000056.png,27.0,"#509[SsQ]が#480[CDf8]領有中のLv.2都市 #480(749,249)を攻撃し、陣営のために破壊宝箱×5を勝ち取りました"
#511,b-8,349,149,2026-5-27 12:17:5,#523,K4TR,,1,red,enemy,range01_frame_000056.png,27.0,"#523[K4TR]が#511領有中のLv.1都市 #511(349,149)を攻撃し、陣営のために破壊宝箱×2を勝ち取りました"
#534,c-8,349,249,2026-5-27 12:13:5,#476,476C,SHA,2,red,enemy,range01_frame_000057.png,28.0,"#476[476C]が#534[SHA]領有中のLv.2都市 #534(349,249)を攻撃し、陣営のために破壊宝箱×5を勝ち取りました"
#511,a-6,249,49,2026-5-27 12:14:3,#523,u3o,,1,red,enemy,range01_frame_000057.png,28.0,"#523[u3o]が#511領有中のLv.1都市#511(249,49)を攻撃し、陣営のために破壊宝箱×2を勝ち取りました"
#509,h-18,849,749,2026-5-27 12:17:1,#503,Stj,MOn,1,red,enemy,range01_frame_000057.png,28.0,"#503[Stj]が#509[MOn]領有中のLv.1都市#509(849,749)を攻撃し、陣営のために破壊宝箱×2を勝ち取りました"
#480,c-16,749,249,2026-5-27 12:17:5,#509,SsQ,CDf8,2,blue,ally,range01_frame_000057.png,28.0,"#509[SsQ]が#480[CDf8]領有中のLv.2都市 #480(749,249)を攻撃し、陣営のために破壊宝箱×5を勝ち取りました"
#511,b-8,349,149,2026-5-27 12:19:2,#523,K4TR,,1,red,enemy,range01_frame_000057.png,28.0,"#523[K4TR]が#511領有中のLv.1都市#511(349,149)を攻撃し、陣営のために破壊宝箱×2を勝ち取りました"
#534,c-8,349,249,2026-5-27 12:13:5,#476,476C,SHA,2,red,enemy,range01_frame_000058.png,28.0,"#476[476C]が#534[SHA]領有中のLv.2都市 #534(349,249)を攻撃し、陣営のために破壊宝箱×5を勝ち取りました"
#511,a-6,249,49,2026-5-27 12:14:3,#523,u3o,,1,red,enemy,range01_frame_000058.png,28.0,"#523[u3o]が#511領有中のLv.1都市#511(249,49)を攻撃し、陣営のために破壊宝箱×2を勝ち取りました"
#509,h-18,849,749,2026-5-27 12:17:1,#503,Stj,MOn,1,red,enemy,range01_frame_000058.png,28.0,"#503[Stj]が#509[MOn]領有中のLv.1都市#509(849,749)を攻撃し、陣営のために破壊宝箱×2を勝ち取りました"
#480,c-16,749,249,2026-5-27 12:17:5,#509,SsQ,CDf8,2,blue,ally,range01_frame_000058.png,28.0,"#509[SsQ]が#480[CDf8]領有中のLv.2都市 #480(749,249)を攻撃し、陣営のために破壊宝箱×5を勝ち取りました"
#511,b-8,349,149,2026-5-27 12:19:2,#523,K4TR,,1,red,enemy,range01_frame_000058.png,28.0,"#523[K4TR]が#511領有中のLv.1都市#511(349,149)を攻撃し、陣営のために破壊宝箱×2を勝ち取りました"
#534,c-8,349,249,2026-5-27 12:13:5,#476,476C,SHA,2,red,enemy,range01_frame_000059.png,29.0,"#476[476C]が#534[SHA]領有中のLv.2都市 #534(349,249)を攻撃し、陣営のために破壊宝箱×5を勝ち取りました"
#511,a-6,249,49,2026-5-27 12:14:3,#523,u3o,,1,red,enemy,range01_frame_000059.png,29.0,"#523[u3o]が#511領有中のLv.1都市#511(249,49)を攻撃し、陣営のために破壊宝箱×2を勝ち取りました"
#509,h-18,849,749,2026-5-27 12:17:1,#503,Stj,MOn,1,red,enemy,range01_frame_000059.png,29.0,"#503[Stj]が#509[MOn]領有中のLv.1都市 #509(849,749)を攻撃し、陣営のために破壊宝箱×2を勝ち取りました"
#480,c-16,749,249,2026-5-27 12:17:5,#509,SsQ,CDf8,2,blue,ally,range01_frame_000059.png,29.0,"#509[SsQ]が#480[CDf8]領有中のLv.2都市 #480(749,249)を攻撃し、陣営のために破壊宝箱×5を勝ち取りました"
#511,b-8,349,149,2026-5-27 12:19:2,#523,K4TR,,1,red,enemy,range01_frame_000059.png,29.0,"#523[K4TR]が#511領有中のLv.1都市#511(349,149)を攻撃し、陣営のために破壊宝箱×2を勝ち取りました"
#534,c-8,349,249,2026-5-27 12:13:5,#476,476C,SHA,2,red,enemy,range01_frame_000060.png,29.0,"#476[476C]が#534[SHA]領有中のLv.2都市 #534(349,249)を攻撃し、陣営のために破壊宝箱×5を勝ち取りました"
#511,a-6,249,49,2026-5-27 12:14:3,#523,u3o,,1,red,enemy,range01_frame_000060.png,29.0,"#523[u3o]が#511領有中のLv.1都市#511(249,49)を攻撃し、陣営のために破壊宝箱×2を勝ち取りました"
#509,h-18,849,749,2026-5-27 12:17:1,#503,Stj,MOn,1,red,enemy,range01_frame_000060.png,29.0,"#503[Stj]が#509[MOn]領有中のLv.1都市 #509(849,749)を攻撃し、陣営のために破壊宝箱×2を勝ち取りました"
#480,c-16,749,249,2026-5-27 12:17:5,#509,SsQ,CDf8,2,blue,ally,range01_frame_000060.png,29.0,"#509[SsQ]が#480[CDf8]領有中のLv.2都市 #480(749,249)を攻撃し、陣営のために破壊宝箱×5を勝ち取りました"
#511,b-8,349,149,2026-5-27 12:19:2,#523,K4TR,,1,red,enemy,range01_frame_000060.png,29.0,"#523[K4TR]が#511領有中のLv.1都市#511(349,149)を攻撃し、陣営のために破壊宝箱×2を勝ち取りました"
#534,c-8,349,249,2026-5-27 12:13:51,#476,476C,SHA,2,red,enemy,range01_frame_000061.png,30.0,"#476[476C]が#534[SHA]領有中のLv.2都市 #534(349,249)を攻撃し、陣営のために破壊宝箱×5を勝ち取りました"
#511,a-6,249,49,2026-5-27 12:14:31,#523,u3o,,1,red,enemy,range01_frame_000061.png,30.0,"#523[u3o]が#511領有中のLv.1都市#511(249,49)を攻撃し、陣営のために破壊宝箱×2を勝ち取りました"
#509,h-18,849,749,2026-5-27 12:17:11,#503,Stj,MOn,1,red,enemy,range01_frame_000061.png,30.0,"#503[Stj]が#509[MOn]領有中のLv.1都市 #509(849,749)を攻撃し、陣営のために破壊宝箱×2を勝ち取りました"
#480,c-16,749,249,2026-5-27 12:17:50,#509,SsQ,CDf8,2,blue,ally,range01_frame_000061.png,30.0,"#509[SsQ]が#480[CDf8]領有中のLv.2都市 #480(749,249)を攻撃し、陣営のために破壊宝箱×5を勝ち取りました"
#511,b-8,349,149,2026-5-27 12:19:21,#523,K4TR,,1,red,enemy,range01_frame_000061.png,30.0,"#523[K4TR]が#511領有中のLv.1都市 #511(349,149)を攻撃し、陣営のために破壊宝箱×2を勝ち取りました"
#511,e-4,149,449,2026-5-27 12:19:31,#523,EDFS,,1,red,enemy,range01_frame_000062.png,30.0,"#523[EDFS]が#511領有中のLv.1都市 #511(149,449)を攻撃し、陣営のために破壊宝箱×2を勝ち取りました"
#509,h-18,849,749,2026-5-27 12:14:3,#503,Stj,MOn,1,red,enemy,range01_frame_000063.png,31.0,"#503[Stj]が#509[MOn]領有中のLv.1都市#509(849,749)を攻撃し、陣営のために破壊宝箱×2を勝ち取りました"
#480,c-16,749,249,2026-5-27 12:17:5,#509,SsQ,CDF8,2,blue,ally,range01_frame_000063.png,31.0,"#509[SsQ]が#480[CDF8]領有中のLv.2都市#480(749,249)を攻撃し、陣営のために破壊宝箱×5を勝ち取りました"
#511,b-8,349,149,2026-5-27 12:19:2,#523,K4TR,,1,red,enemy,range01_frame_000063.png,31.0,"#523[K4TR]が#511領有中のLv.1都市#511(349,149)を攻撃し、陣営のために破壊宝箱×2を勝ち取りました"
#511,e-4,149,449,2026-5-27 12:19:3,#523,EDFS,,1,red,enemy,range01_frame_000063.png,31.0,"#523[EDFS]が#511領有中のLv.1都市#511(149,449)を攻撃し、陣営のために破壊宝箱×2を勝ち取りました"
#509,c-18,849,249,2026-5-27 12:19:5,#480,RCON,SsQ,1,red,enemy,range01_frame_000063.png,31.0,"#480[RCON]が#509[SsQ]領有中のLv.1都市#509(849,249)を攻撃し、陣営のために破壊宝箱×2を勝ち取りました"
#480,c-12,549,249,2026-5-27 12:17:5,#509,SsQ,CDF8,2,blue,ally,range01_frame_000064.png,31.0,"#509[SsQ]が#480[CDF8]領有中のLv.2都市#480(549,249)を攻撃し、陣営のために破壊宝箱×5を勝ち取りました"
#480,c-16,749,249,2026-5-27 12:17:50,#509,SsQ,CDf8,2,blue,ally,range01_frame_000065.png,32.0,"#509[SsQ]が#480[CDf8]領有中のLv.2都市 #480(749,249)を攻撃し、陣営のために破壊宝箱×5を勝ち取りました"
#511,b-8,349,149,2026-5-27 12:19:20,#523,K4TR,,1,red,enemy,range01_frame_000065.png,32.0,"#523[K4TR]が#511領有中のLv.1都市 #511(349,149)を攻撃し、陣営のために破壊宝箱×2を勝ち取りました"
#511,e-4,149,449,2026-5-27 12:19:30,#523,EDFS,,1,red,enemy,range01_frame_000065.png,32.0,"#523[EDFS]が#511領有中のLv.1都市 #511(149,449)を攻撃し、陣営のために破壊宝箱×2を勝ち取りました"
#509,c-18,849,249,2026-5-27 12:19:50,#480,RCON,SsQ,1,red,enemy,range01_frame_000065.png,32.0,"#480[RCON]が#509[SsQ]領有中のLv.1都市 #509(849,249)を攻撃し、陣営のために破壊宝箱×2を勝ち取りました"
#480,c-14,649,249,2026-5-27 12:20:00,#509,SsQ,CDf8,2,blue,ally,range01_frame_000065.png,32.0,"#509[SsQ]が#480[CDf8]領有中のLv.2都市 #480(649,249)を攻撃し、陣営のために破壊宝箱×5を勝ち取りました"
#480,c-16,749,249,2026-5-27 12:17:50,#509,SsQ,CDf8,2,blue,ally,range01_frame_000066.png,32.0,"#509[SsQ]が#480[CDf8]領有中のLv.2都市 #480(749,249)を攻撃し、陣営のために破壊宝箱×5を勝ち取りました"
#511,b-8,349,149,2026-5-27 12:19:20,#523,K4TR,,1,red,enemy,range01_frame_000066.png,32.0,"#523[K4TR]が#511領有中のLv.1都市 #511(349,149)を攻撃し、陣営のために破壊宝箱×2を勝ち取りました"
#511,e-4,149,449,2026-5-27 12:19:30,#523,EDFS,,1,red,enemy,range01_frame_000066.png,32.0,"#523[EDFS]が#511領有中のLv.1都市 #511(149,449)を攻撃し、陣営のために破壊宝箱×2を勝ち取りました"
#509,c-18,849,249,2026-5-27 12:19:50,#480,RCON,SsQ,1,red,enemy,range01_frame_000066.png,32.0,"#480[RCON]が#509[SsQ]領有中のLv.1都市 #509(849,249)を攻撃し、陣営のために破壊宝箱×2を勝ち取りました"
#480,c-14,649,249,2026-5-27 12:20:00,#509,SsQ,CDf8,2,blue,ally,range01_frame_000066.png,32.0,"#509[SsQ]が#480[CDf8]領有中のLv.2都市 #480(649,249)を攻撃し、陣営のために破壊宝箱×5を勝ち取りました"
#509,e-16,749,449,2026-5-27 12:20:0?,#503,Lghs,FHX,2,red,enemy,range01_frame_000066.png,32.0,"#503[Lghs]が#509[FHX]領有中のLv.2都市 #509(749,449)を攻撃し、陣営のために破壊宝箱×5を勝ち取りました"
#511,b-8,349,149,2026-5-27 12:19:2,#523,K4TR,,1,red,enemy,range01_frame_000067.png,33.0,"#523[K4TR]が#511領有中のLv.1都市#511(349,149)を攻撃し、陣営のために破壊宝箱×2を勝ち取りました"
#511,e-4,149,449,2026-5-27 12:19:3,#523,EDFS,,1,red,enemy,range01_frame_000067.png,33.0,"#523[EDFS]が#511領有中のLv.1都市#511(149,449)を攻撃し、陣営のために破壊宝箱×2を勝ち取りました"
#509,c-18,849,249,2026-5-27 12:19:5,#480,RCON,SsQ,1,red,enemy,range01_frame_000067.png,33.0,"#480[RCON]が#509[SsQ]領有中のLv.1都市#509(849,249)を攻撃し、陣営のために破壊宝箱×2を勝ち取りました"
#480,c-14,649,249,2026-5-27 12:20:0,#509,SsQ,CDf8,2,blue,ally,range01_frame_000067.png,33.0,"#509[SsQ]が#480[CDf8]領有中のLv.2都市#480(649,249)を攻撃し、陣営のために破壊宝箱×5を勝ち取りました"
#509,e-16,749,449,2026-5-27 12:20:4,#503,Lghs,FHX,2,red,enemy,range01_frame_000067.png,33.0,"#503[Lghs]が#509[FHX]領有中のLv.2都市#509(749,449)を攻撃し、陣営のために破壊宝箱×5を勝ち取りました"
#511,b-8,349,149,2026-5-27 12:19:2,#523,K4TR,,1,red,enemy,range01_frame_000068.png,33.0,"#523[K4TR]が#511領有中のLv.1都市#511(349,149)を攻撃し、陣営のために破壊宝箱×2を勝ち取りました"
#511,e-4,149,449,2026-5-27 12:19:3,#523,EDFS,,1,red,enemy,range01_frame_000068.png,33.0,"#523[EDFS]が#511領有中のLv.1都市#511(149,449)を攻撃し、陣営のために破壊宝箱×2を勝ち取りました"
#509,c-18,849,249,2026-5-27 12:19:5,#480,RCON,SsQ,1,red,enemy,range01_frame_000068.png,33.0,"#480[RCON]が#509[SsQ]領有中のLv.1都市#509(849,249)を攻撃し、陣営のために破壊宝箱×2を勝ち取りました"
#480,c-14,649,249,2026-5-27 12:20:0,#509,SsQ,CDf8,2,blue,ally,range01_frame_000068.png,33.0,"#509[SsQ]が#480[CDf8]領有中のLv.2都市#480(649,249)を攻撃し、陣営のために破壊宝箱×5を勝ち取りました"
#509,e-16,749,449,2026-5-27 12:20:4,#503,Lghs,FHX,2,red,enemy,range01_frame_000068.png,33.0,"#503[Lghs]が#509[FHX]領有中のLv.2都市#509(749,449)を攻撃し、陣営のために破壊宝箱×5を勝ち取りました"
#511,b-8,349,149,2026-5-27 12:19:2,#523,K4TR,,1,red,enemy,range01_frame_000069.png,34.0,"#523[K4TR]が#511領有中のLv.1都市#511(349,149)を攻撃し、陣営のために破壊宝箱×2を勝ち取りました"
#511,e-4,149,449,2026-5-27 12:19:3,#523,EDFS,,1,red,enemy,range01_frame_000069.png,34.0,"#523[EDFS]が#511領有中のLv.1都市#511(149,449)を攻撃し、陣営のために破壊宝箱×2を勝ち取りました"
#509,c-18,849,249,2026-5-27 12:19:5,#480,RCON,SsQ,1,red,enemy,range01_frame_000069.png,34.0,"#480[RCON]が#509[SsQ]領有中のLv.1都市#509(849,249)を攻撃し、陣営のために破壊宝箱×2を勝ち取りました"
#480,c-14,649,249,2026-5-27 12:20:0,#509,SsQ,CDf8,2,blue,ally,range01_frame_000069.png,34.0,"#509[SsQ]が#480[CDf8]領有中のLv.2都市#480(649,249)を攻撃し、陣営のために破壊宝箱×5を勝ち取りました"
#509,e-16,749,449,2026-5-27 12:20:4,#503,Lghs,FHX,2,red,enemy,range01_frame_000069.png,34.0,"#503[Lghs]が#509[FHX]領有中のLv.2都市#509(749,449)を攻撃し、陣営のために破壊宝箱×5を勝ち取りました"
#511,b-8,349,149,2026-5-27 12:19:2,#523,K4TR,,1,red,enemy,range01_frame_000071.png,35.0,"#523[K4TR]が#511領有中のLv.1都市#511(349,149)を攻撃し、陣営のために破壊宝箱×2を勝ち取りました"
#511,e-4,149,449,2026-5-27 12:19:3,#523,EDFS,,1,red,enemy,range01_frame_000071.png,35.0,"#523[EDFS]が#511領有中のLv.1都市#511(149,449)を攻撃し、陣営のために破壊宝箱×2を勝ち取りました"
#509,c-18,849,249,2026-5-27 12:19:5,#480,RCON,SsQ,1,red,enemy,range01_frame_000071.png,35.0,"#480[RCON]が#509[SsQ]領有中のLv.1都市#509(849,249)を攻撃し、陣営のために破壊宝箱×2を勝ち取りました"
#480,c-14,649,249,2026-5-27 12:20:0,#509,SsQ,CDf8,2,blue,ally,range01_frame_000071.png,35.0,"#509[SsQ]が#480[CDf8]領有中のLv.2都市#480(649,249)を攻撃し、陣営のために破壊宝箱×5を勝ち取りました"
#509,e-16,749,449,2026-5-27 12:20:4,#503,Lghs,FHX,2,red,enemy,range01_frame_000071.png,35.0,"#503[Lghs]が#509[FHX]領有中のLv.2都市#509(749,449)を攻撃し、陣営のために破壊宝箱×5を勝ち取りました"
#511,e-4,149,449,2026-5-27 12:19:2,#523,EDFS,,1,red,enemy,range01_frame_000072.png,35.0,"#523[EDFS]が#511領有中のLv.1都市#511(149,449)を攻撃し、陣営のために破壊宝箱×2を勝ち取りました"
#509,c-18,849,249,2026-5-27 12:19:5,#480,RCON,SsQ,1,red,enemy,range01_frame_000072.png,35.0,"#480[RCON]が#509[SsQ]領有中のLv.1都市#509(849,249)を攻撃し、陣営のために破壊宝箱×2を勝ち取りました"
#480,c-14,649,249,2026-5-27 12:20:0,#509,SsQ,CDf8,2,blue,ally,range01_frame_000072.png,35.0,"#509[SsQ]が#480[CDf8]領有中のLv.2都市#480(649,249)を攻撃し、陣営のために破壊宝箱×5を勝ち取りました"
#509,e-16,749,449,2026-5-27 12:20:4,#503,Lghs,FHX,2,red,enemy,range01_frame_000072.png,35.0,"#503[Lghs]が#509[FHX]領有中のLv.2都市#509(749,449)を攻撃し、陣営のために破壊宝箱×5を勝ち取りました"
#509,h-16,749,749,2026-5-27 12:21:1,#503,Stj,MOn,2,red,enemy,range01_frame_000072.png,35.0,"#503[Stj]が#509[MOn]領有中のLv.2都市#509(749,749)を攻撃し、陣営のために破壊宝箱×5を勝ち取りました"
#509,c-18,849,249,2026-5-27 12:19:5,#480,RCON,SsQ,1,red,enemy,range01_frame_000073.png,36.0,"#480[RCON]が#509[SsQ]領有中のLv.1都市 #509(849,249)を攻撃し、陣営のために破壊宝箱×2を勝ち取りました"
#480,c-14,649,249,2026-5-27 12:20:0,#509,SsQ,CDf8,2,blue,ally,range01_frame_000073.png,36.0,"#509[SsQ]が#480[CDf8]領有中のLv.2都市 #480(649,249)を攻撃し、陣営のために破壊宝箱×5を勝ち取りました"
#509,e-16,749,449,2026-5-27 12:20:4,#503,Lghs,FHX,2,red,enemy,range01_frame_000073.png,36.0,"#503[Lghs]が#509[FHX]領有中のLv.2都市 #509(749,449)を攻撃し、陣営のために破壊宝箱×5を勝ち取りました"
#509,h-16,749,749,2026-5-27 12:21:1,#503,Stj,MOn,2,red,enemy,range01_frame_000073.png,36.0,"#503[Stj]が#509[MOn]領有中のLv.2都市 #509(749,749)を攻撃し、陣営のために破壊宝箱×5を勝ち取りました"
#509,c-10,449,249,2026-5-27 12:22:4,#503,Lghs,VEX,2,red,enemy,range01_frame_000073.png,36.0,"#503[Lghs]が#509[VEX]領有中のLv.2都市 #509(449,249)を攻撃し、陣営のために破壊宝箱×5を勝ち取りました"
#509,c-18,849,249,2026-5-27 12:19:5,#480,RCON,SsQ,1,red,enemy,range01_frame_000074.png,36.0,"#480[RCON]が#509[SsQ]領有中のLv.1都市 #509(849,249)を攻撃し、陣営のために破壊宝箱×2を勝ち取りました"
#480,c-14,649,249,2026-5-27 12:20:0,#509,SsQ,CDf8,2,blue,ally,range01_frame_000074.png,36.0,"#509[SsQ]が#480[CDf8]領有中のLv.2都市 #480(649,249)を攻撃し、陣営のために破壊宝箱×5を勝ち取りました"
#509,e-16,749,449,2026-5-27 12:20:4,#503,Lghs,FHX,2,red,enemy,range01_frame_000074.png,36.0,"#503[Lghs]が#509[FHX]領有中のLv.2都市 #509(749,449)を攻撃し、陣営のために破壊宝箱×5を勝ち取りました"
#509,h-16,749,749,2026-5-27 12:21:1,#503,Stj,MOn,2,red,enemy,range01_frame_000074.png,36.0,"#503[Stj]が#509[MOn]領有中のLv.2都市 #509(749,749)を攻撃し、陣営のために破壊宝箱×5を勝ち取りました"
#509,c-10,449,249,2026-5-27 12:22:4,#503,Lghs,VEX,2,red,enemy,range01_frame_000074.png,36.0,"#503[Lghs]が#509[VEX]領有中のLv.2都市 #509(449,249)を攻撃し、陣営のために破壊宝箱×5を勝ち取りました"
#480,c-14,649,249,2026-5-27 12:20:04,#509,SsQ,CDf8,2,blue,ally,range01_frame_000075.png,37.0,"#509[SsQ]が#480[CDf8]領有中のLv.2都市 #480(649,249)を攻撃し、陣営のために破壊宝箱×5を勝ち取りました"
#509,e-16,749,449,2026-5-27 12:20:40,#503,Lghs,FHX,2,red,enemy,range01_frame_000075.png,37.0,"#503[Lghs]が#509[FHX]領有中のLv.2都市 #509(749,449)を攻撃し、陣営のために破壊宝箱×5を勝ち取りました"
#509,h-16,749,749,2026-5-27 12:21:11,#503,Stj,MOn,2,red,enemy,range01_frame_000075.png,37.0,"#503[Stj]が#509[MOn]領有中のLv.2都市 #509(749,749)を攻撃し、陣営のために破壊宝箱×5を勝ち取りました"
#509,c-10,449,249,2026-5-27 12:22:40,#503,Lghs,VEX,2,red,enemy,range01_frame_000075.png,37.0,"#503[Lghs]が#509[VEX]領有中のLv.2都市 #509(449,249)を攻撃し、陣営のために破壊宝箱×5を勝ち取りました"
#511,b-6,249,149,2026-5-27 12:23:2,#523,u3o,,1,red,enemy,range01_frame_000075.png,37.0,"#523[u3o]が#511領有中のLv.1都市 #511(249,149)を攻撃し、陣営のために破壊宝箱×2を勝ち取りました"
#509,e-16,749,449,2026-5-27 12:20:04,#503,Lghs,FHX,2,red,enemy,range01_frame_000076.png,37.0,"#503[Lghs]が#509[FHX]領有中のLv.2都市 #509(749,449)を攻撃し、陣営のために破壊宝箱×5を勝ち取りました"
#509,h-16,749,749,2026-5-27 12:21:11,#503,Stj,MOn,2,red,enemy,range01_frame_000076.png,37.0,"#503[Stj]が#509[MOn]領有中のLv.2都市 #509(749,749)を攻撃し、陣営のために破壊宝箱×5を勝ち取りました"
#509,c-10,449,249,2026-5-27 12:22:40,#503,Lghs,VEX,2,red,enemy,range01_frame_000076.png,37.0,"#503[Lghs]が#509[VEX]領有中のLv.2都市 #509(449,249)を攻撃し、陣営のために破壊宝箱×5を勝ち取りました"
#511,b-6,249,149,2026-5-27 12:23:2,#523,u3o,,1,red,enemy,range01_frame_000076.png,37.0,"#523[u3o]が#511領有中のLv.1都市 #511(249,149)を攻撃し、陣営のために破壊宝箱×2を勝ち取りました"
#511,e-12,549,449,2026-5-27 12:23:2,#480,BgNa,SVa,3,red,enemy,range01_frame_000076.png,37.0,"#480[BgNa]が#511[SVa]領有中のLv.3都市 #511(549,449)を攻撃し、陣営のために破壊宝箱×10を..."
#509,e-16,749,449,2026-5-27 12:20:4,#503,Lghs,FHX,2,red,enemy,range01_frame_000077.png,38.0,"#503[Lghs]が#509[FHX]領有中のLv.2都市 #509(749,449)を攻撃し、陣営のために破壊宝箱×5を勝ち取りました"
#509,h-16,749,749,2026-5-27 12:21:1,#503,Stj,MOn,2,red,enemy,range01_frame_000077.png,38.0,"#503[Stj]が#509[MOn]領有中のLv.2都市 #509(749,749)を攻撃し、陣営のために破壊宝箱×5を勝ち取りました"
#509,c-10,449,249,2026-5-27 12:22:4,#503,Lghs,VEX,2,red,enemy,range01_frame_000077.png,38.0,"#503[Lghs]が#509[VEX]領有中のLv.2都市 #509(449,249)を攻撃し、陣営のために破壊宝箱×5を勝ち取りました"
#511,b-6,249,149,2026-5-27 12:23:2,#523,u3o,,1,blue,ally,range01_frame_000077.png,38.0,"#523[u3o]が#511領有中のLv.1都市 #511(249,149)を攻撃し、陣営のために破壊宝箱×2を勝ち取りました"
#511,e-14,649,449,2026-5-27 12:25:1,#480,BgNa,SVa,3,red,enemy,range01_frame_000077.png,38.0,"#480[BgNa]が#511[SVa]領有中のLv.3都市 #511(649,449)を攻撃し、陣営のために破壊宝箱×10を勝ち取りました"
#509,e-16,749,449,2026-5-27 12:20:4,#503,Lghs,FHX,2,red,enemy,range01_frame_000078.png,38.0,"#503[Lghs]が#509[FHX]領有中のLv.2都市 #509(749,449)を攻撃し、陣営のために破壊宝箱×5を勝ち取りました"
#509,h-16,749,749,2026-5-27 12:21:1,#503,Stj,MOn,2,red,enemy,range01_frame_000078.png,38.0,"#503[Stj]が#509[MOn]領有中のLv.2都市 #509(749,749)を攻撃し、陣営のために破壊宝箱×5を勝ち取りました"
#509,c-10,449,249,2026-5-27 12:22:4,#503,Lghs,VEX,2,red,enemy,range01_frame_000078.png,38.0,"#503[Lghs]が#509[VEX]領有中のLv.2都市 #509(449,249)を攻撃し、陣営のために破壊宝箱×5を勝ち取りました"
#511,b-6,249,149,2026-5-27 12:23:2,#523,u3o,,1,blue,ally,range01_frame_000078.png,38.0,"#523[u3o]が#511領有中のLv.1都市 #511(249,149)を攻撃し、陣営のために破壊宝箱×2を勝ち取りました"
#511,e-14,649,449,2026-5-27 12:25:1,#480,BgNa,SVa,3,red,enemy,range01_frame_000078.png,38.0,"#480[BgNa]が#511[SVa]領有中のLv.3都市 #511(649,449)を攻撃し、陣営のために破壊宝箱×10を勝ち取りました"
#509,e-16,749,449,2026-5-27 12:20:4,#503,Lghs,FHX,2,red,enemy,range01_frame_000079.png,39.0,"#503[Lghs]が#509[FHX]領有中のLv.2都市 #509(749,449)を攻撃し、陣営のために破壊宝箱×5を勝ち取りました"
#509,h-16,749,749,2026-5-27 12:21:1,#503,Stj,MOn,2,red,enemy,range01_frame_000079.png,39.0,"#503[Stj]が#509[MOn]領有中のLv.2都市 #509(749,749)を攻撃し、陣営のために破壊宝箱×5を勝ち取りました"
#509,c-10,449,249,2026-5-27 12:22:4,#503,Lghs,VEX,2,red,enemy,range01_frame_000079.png,39.0,"#503[Lghs]が#509[VEX]領有中のLv.2都市 #509(449,249)を攻撃し、陣営のために破壊宝箱×5を勝ち取りました"
#511,b-6,249,149,2026-5-27 12:23:2,#523,u3o,,1,blue,ally,range01_frame_000079.png,39.0,"#523[u3o]が#511領有中のLv.1都市 #511(249,149)を攻撃し、陣営のために破壊宝箱×2を勝ち取りました"
#511,e-14,649,449,2026-5-27 12:25:1,#480,BgNa,SVa,3,red,enemy,range01_frame_000079.png,39.0,"#480[BgNa]が#511[SVa]領有中のLv.3都市 #511(649,449)を攻撃し、陣営のために破壊宝箱×10を勝ち取りました"
#509,e-16,749,449,2026-5-27 12:20:4,#503,Lghs,FHX,2,red,enemy,range01_frame_000081.png,40.0,"#503[Lghs]が#509[FHX]領有中のLv.2都市 #509(749,449)を攻撃し、陣営のために破壊宝箱×5を勝ち取りました"
#509,h-16,749,749,2026-5-27 12:21:1,#503,Stj,MOn,2,red,enemy,range01_frame_000081.png,40.0,"#503[Stj]が#509[MOn]領有中のLv.2都市 #509(749,749)を攻撃し、陣営のために破壊宝箱×5を勝ち取りました"
#509,c-10,449,249,2026-5-27 12:22:4,#503,Lghs,VEX,2,red,enemy,range01_frame_000081.png,40.0,"#503[Lghs]が#509[VEX]領有中のLv.2都市 #509(449,249)を攻撃し、陣営のために破壊宝箱×5を勝ち取りました"
#511,b-6,249,149,2026-5-27 12:23:2,#523,u3o,,1,blue,ally,range01_frame_000081.png,40.0,"#523[u3o]が#511領有中のLv.1都市 #511(249,149)を攻撃し、陣営のために破壊宝箱×2を勝ち取りました"
#511,e-14,649,449,2026-5-27 12:25:1,#480,BgNa,SVa,3,red,enemy,range01_frame_000081.png,40.0,"#480[BgNa]が#511[SVa]領有中のLv.3都市 #511(649,449)を攻撃し、陣営のために破壊宝箱×10を勝ち取りました"
#509,h-16,749,749,2026-5-27 12:20:4,#503,Stj,MOn,2,red,enemy,range01_frame_000082.png,40.0,"#503[Stj]が#509[MOn]領有中のLv.2都市 #509(749,749)を攻撃し、陣営のために破壊宝箱×5を勝ち取りました"
#509,c-10,449,249,2026-5-27 12:22:4,#503,Lghs,VEX,2,red,enemy,range01_frame_000082.png,40.0,"#503[Lghs]が#509[VEX]領有中のLv.2都市 #509(449,249)を攻撃し、陣営のために破壊宝箱×5を勝ち取りました"
#511,b-6,249,149,2026-5-27 12:23:2,#523,u3o,,1,blue,ally,range01_frame_000082.png,40.0,"#523[u3o]が#511領有中のLv.1都市 #511(249,149)を攻撃し、陣営のために破壊宝箱×2を勝ち取りました"
#511,e-14,649,449,2026-5-27 12:25:1,#480,BgNa,SVa,3,red,enemy,range01_frame_000082.png,40.0,"#480[BgNa]が#511[SVa]領有中のLv.3都市 #511(649,449)を攻撃し、陣営のために破壊宝箱×10を勝ち取りました"
#511,j-18,849,949,,#480,AAOA,,1,red,enemy,range01_frame_000082.png,40.0,"#480[AAOA]が#511領有中のLv.1都市 #511(849,949)を攻撃し、陣営のために破壊宝箱×2を勝ち取りました"
#509,h-16,749,749,2026-5-27 12:21:1,#503,Stj,MOn,2,red,enemy,range01_frame_000083.png,41.0,"#503[Stj]が#509[MOn]領有中のLv.2都市 #509(749,749)を攻撃し、陣営のために破壊宝箱×5を勝ち取りました"
#509,c-10,449,249,2026-5-27 12:22:4,#503,Lghs,VEX,2,red,enemy,range01_frame_000083.png,41.0,"#503[Lghs]が#509[VEX]領有中のLv.2都市 #509(449,249)を攻撃し、陣営のために破壊宝箱×5を勝ち取りました"
#511,b-6,249,149,2026-5-27 12:23:2,#523,u3o,,1,blue,ally,range01_frame_000083.png,41.0,"#523[u3o]が#511領有中のLv.1都市 #511(249,149)を攻撃し、陣営のために破壊宝箱×2を勝ち取りました"
#511,e-14,649,449,2026-5-27 12:25:1,#480,BgNa,SVa,3,red,enemy,range01_frame_000083.png,41.0,"#480[BgNa]が#511[SVa]領有中のLv.3都市 #511(649,449)を攻撃し、陣営のために破壊宝箱×10を勝ち取りました"
#511,j-18,849,949,2026-5-27 12:28:4,#480,AA0A,,1,red,enemy,range01_frame_000083.png,41.0,"#480[AA0A]が#511領有中のLv.1都市 #511(849,949)を攻撃し、陣営のために破壊宝箱×2を勝ち取りました"
#509,c-10,449,249,2026-5-27 12:22:4,#503,Lghs,VEX,2,red,enemy,range01_frame_000084.png,41.0,"#503[Lghs]が#509[VEX]領有中のLv.2都市 #509(449,249)を攻撃し、陣営のために破壊宝箱×5を勝ち取りました"
#511,b-6,249,149,2026-5-27 12:23:2,#523,u3o,,1,blue,ally,range01_frame_000084.png,41.0,"#523[u3o]が#511領有中のLv.1都市 #511(249,149)を攻撃し、陣営のために破壊宝箱×2を勝ち取りました"
#511,e-14,649,449,2026-5-27 12:25:1,#480,BgNa,SVa,3,red,enemy,range01_frame_000084.png,41.0,"#480[BgNa]が#511[SVa]領有中のLv.3都市 #511(649,449)を攻撃し、陣営のために破壊宝箱×10を勝ち取りました"
#511,j-18,849,949,2026-5-27 12:28:4,#480,AA0A,,1,red,enemy,range01_frame_000084.png,41.0,"#480[AA0A]が#511領有中のLv.1都市 #511(849,949)を攻撃し、陣営のために破壊宝箱×2を勝ち取りました"
#511,h-6,249,749,2026-5-27 12:29:?,#523,flrE,,2,blue,ally,range01_frame_000084.png,41.0,"#523[flrE]が#511領有中のLv.2都市 #511(249,749)を攻撃し、陣営のために破壊宝箱×5を勝ち取りました"
#511,b-6,249,149,2026-5-27 12:23:2,#523,u30,,1,red,enemy,range01_frame_000085.png,42.0,"#523[u30]が#511領有中のLv.1都市#511(249,149)を攻撃し、陣営のために破壊宝箱×2を勝ち取りました"
#511,e-14,649,449,2026-5-27 12:25:1,#480,BgNa,SVa,3,red,enemy,range01_frame_000085.png,42.0,"#480[BgNa]が#511[SVa]領有中のLv.3都市#511(649,449)を攻撃し、陣営のために破壊宝箱×10を勝ち取りました"
#511,j-18,849,949,2026-5-27 12:28:4,#480,AA0A,,1,red,enemy,range01_frame_000085.png,42.0,"#480[AA0A]が#511領有中のLv.1都市#511(849,949)を攻撃し、陣営のために破壊宝箱×2を勝ち取りました"
#511,h-6,249,749,2026-5-27 12:29:1,#523,flrE,,2,red,enemy,range01_frame_000085.png,42.0,"#523[flrE]が#511領有中のLv.2都市#511(249,749)を攻撃し、陣営のために破壊宝箱×5を勝ち取りました"
#509,i-14,649,849,2026-5-27 12:30:0,#503,xjR,OTT,1,red,enemy,range01_frame_000085.png,42.0,"#503[xjR]が#509[OTT]領有中のLv.1都市#509(649,849)を攻撃し、陣営のために破壊宝箱×2を勝ち取りました"
#511,b-6,249,149,2026-5-27 12:23:2,#523,u30,,1,red,enemy,range01_frame_000086.png,42.0,"#523[u30]が#511領有中のLv.1都市#511(249,149)を攻撃し、陣営のために破壊宝箱×2を勝ち取りました"
#511,e-14,649,449,2026-5-27 12:25:1,#480,BgNa,SVa,3,red,enemy,range01_frame_000086.png,42.0,"#480[BgNa]が#511[SVa]領有中のLv.3都市#511(649,449)を攻撃し、陣営のために破壊宝箱×10を勝ち取りました"
#511,j-18,849,949,2026-5-27 12:28:4,#480,AA0A,,1,red,enemy,range01_frame_000086.png,42.0,"#480[AA0A]が#511領有中のLv.1都市#511(849,949)を攻撃し、陣営のために破壊宝箱×2を勝ち取りました"
#511,h-6,249,749,2026-5-27 12:29:1,#523,flrE,,2,red,enemy,range01_frame_000086.png,42.0,"#523[flrE]が#511領有中のLv.2都市#511(249,749)を攻撃し、陣営のために破壊宝箱×5を勝ち取りました"
#509,i-14,649,849,2026-5-27 12:30:0,#503,xjR,OTT,1,red,enemy,range01_frame_000086.png,42.0,"#503[xjR]が#509[OTT]領有中のLv.1都市#509(649,849)を攻撃し、陣営のために破壊宝箱×2を勝ち取りました"
#511,e-14,649,449,2026-5-27 12:23:2,#480,BgNa,SVa,3,red,enemy,range01_frame_000087.png,43.0,"#480[BgNa]が#511[SVa]領有中のLv.3都市 #511(649,449)を攻撃し、陣営のために破壊宝箱×10を勝ち取りました"
#511,j-18,849,949,2026-5-27 12:25:1,#480,AA0A,,1,red,enemy,range01_frame_000087.png,43.0,"#480[AA0A]が#511領有中のLv.1都市 #511(849,949)を攻撃し、陣営のために破壊宝箱×2を勝ち取りました"
#511,h-6,249,749,2026-5-27 12:28:4,#523,flrE,,2,red,enemy,range01_frame_000087.png,43.0,"#523[flrE]が#511領有中のLv.2都市 #511(249,749)を攻撃し、陣営のために破壊宝箱×5を勝ち取りました"
#509,i-14,649,849,2026-5-27 12:30:0,#503,xjR,OTT,1,red,enemy,range01_frame_000087.png,43.0,"#503[xjR]が#509[OTT]領有中のLv.1都市 #509(649,849)を攻撃し、陣営のために破壊宝箱×2を勝ち取りました"
#511,h-10,449,749,2026-5-27 12:33:2,#523,NBNH,DaNG,2,red,enemy,range01_frame_000087.png,43.0,"#523[NBNH]が#511[DaNG]領有中のLv.2都市 #511(449,749)を攻撃し、陣営のために破壊宝箱×5を勝ち取りました"
#511,e-14,649,449,2026-5-27 12:25:1,#480,BgNa,SVa,3,red,enemy,range01_frame_000088.png,43.0,"#480[BgNa]が#511[SVa]領有中のLv.3都市 #511(649,449)を攻撃し、陣営のために破壊宝箱×10を勝ち取りました"
#511,j-18,849,949,2026-5-27 12:28:4,#480,AA0A,,1,red,enemy,range01_frame_000088.png,43.0,"#480[AA0A]が#511領有中のLv.1都市 #511(849,949)を攻撃し、陣営のために破壊宝箱×2を勝ち取りました"
#511,h-6,249,749,2026-5-27 12:29:1,#523,flrE,,2,red,enemy,range01_frame_000088.png,43.0,"#523[flrE]が#511領有中のLv.2都市 #511(249,749)を攻撃し、陣営のために破壊宝箱×5を勝ち取りました"
#509,i-14,649,849,2026-5-27 12:30:0,#503,xjR,OTT,1,red,enemy,range01_frame_000088.png,43.0,"#503[xjR]が#509[OTT]領有中のLv.1都市 #509(649,849)を攻撃し、陣営のために破壊宝箱×2を勝ち取りました"
#511,h-10,449,749,2026-5-27 12:33:2,#523,NBNH,DaNG,2,red,enemy,range01_frame_000088.png,43.0,"#523[NBNH]が#511[DaNG]領有中のLv.2都市 #511(449,749)を攻撃し、陣営のために破壊宝箱×5を勝ち取りました"
#511,e-14,649,449,2026-5-27 12:25:10,#480,BgNa,SVa,3,red,enemy,range01_frame_000089.png,44.0,"#480[BgNa]が#511[SVa]領有中のLv.3都市 #511(649,449)を攻撃し、陣営のために破壊宝箱×10を勝ち取りました"
#511,j-18,849,949,2026-5-27 12:28:4,#480,AAOA,,1,blue,ally,range01_frame_000089.png,44.0,"#480[AAOA]が#511領有中のLv.1都市 #511(849,949)を攻撃し、陣営のために破壊宝箱×2を勝ち取りました"
#511,h-6,249,749,2026-5-27 12:29:10,#523,flrE,,2,red,enemy,range01_frame_000089.png,44.0,"#523[flrE]が#511領有中のLv.2都市 #511(249,749)を攻撃し、陣営のために破壊宝箱×5を勝ち取りました"
#509,i-14,649,849,2026-5-27 12:30:0,#503,xjR,OTT,1,red,enemy,range01_frame_000089.png,44.0,"#503[xjR]が#509[OTT]領有中のLv.1都市 #509(649,849)を攻撃し、陣営のために破壊宝箱×2を勝ち取りました"
#511,h-10,449,749,2026-5-27 12:33:2,#523,NBNH,DaNG,2,red,enemy,range01_frame_000089.png,44.0,"#523[NBNH]が#511[DaNG]領有中のLv.2都市 #511(449,749)を攻撃し、陣営のために破壊宝箱×5を勝ち取りました"
#511,e-14,649,449,2026-5-27 12:25:10,#480,BgNa,SVa,3,red,enemy,range01_frame_000090.png,44.0,"#480[BgNa]が#511[SVa]領有中のLv.3都市 #511(649,449)を攻撃し、陣営のために破壊宝箱×10を勝ち取りました"
#511,j-18,849,949,2026-5-27 12:28:4,#480,AAOA,,1,blue,ally,range01_frame_000090.png,44.0,"#480[AAOA]が#511領有中のLv.1都市 #511(849,949)を攻撃し、陣営のために破壊宝箱×2を勝ち取りました"
#511,h-6,249,749,2026-5-27 12:29:10,#523,flrE,,2,red,enemy,range01_frame_000090.png,44.0,"#523[flrE]が#511領有中のLv.2都市 #511(249,749)を攻撃し、陣営のために破壊宝箱×5を勝ち取りました"
#509,i-14,649,849,2026-5-27 12:30:0,#503,xjR,OTT,1,red,enemy,range01_frame_000090.png,44.0,"#503[xjR]が#509[OTT]領有中のLv.1都市 #509(649,849)を攻撃し、陣営のために破壊宝箱×2を勝ち取りました"
#511,h-10,449,749,2026-5-27 12:33:2,#523,NBNH,DaNG,2,red,enemy,range01_frame_000090.png,44.0,"#523[NBNH]が#511[DaNG]領有中のLv.2都市 #511(449,749)を攻撃し、陣営のために破壊宝箱×5を勝ち取りました"
#511,e-14,649,449,2026-5-27 12:25:1,#480,BgNa,SVa,3,red,enemy,range01_frame_000091.png,45.0,"#480[BgNa]が#511[SVa]領有中のLv.3都市 #511(649,449)を攻撃し、陣営のために破壊宝箱×10を勝ち取りました"
#511,j-18,849,949,2026-5-27 12:28:4,#480,AA0A,,1,red,enemy,range01_frame_000091.png,45.0,"#480[AA0A]が#511領有中のLv.1都市 #511(849,949)を攻撃し、陣営のために破壊宝箱×2を勝ち取りました"
#511,h-6,249,749,2026-5-27 12:29:1,#523,flrE,,2,red,enemy,range01_frame_000091.png,45.0,"#523[flrE]が#511領有中のLv.2都市 #511(249,749)を攻撃し、陣営のために破壊宝箱×5を勝ち取りました"
#509,i-14,649,849,2026-5-27 12:30:0,#503,xjR,0TT,1,red,enemy,range01_frame_000091.png,45.0,"#503[xjR]が#509[0TT]領有中のLv.1都市 #509(649,849)を攻撃し、陣営のために破壊宝箱×2を勝ち取りました"
#511,h-10,449,749,2026-5-27 12:33:2,#523,NBNH,DaNG,2,red,enemy,range01_frame_000091.png,45.0,"#523[NBNH]が#511[DaNG]領有中のLv.2都市 #511(449,749)を攻撃し、陣営のために破壊宝箱×5を勝ち取りました"
#511,j-18,849,949,2026-5-27 12:28:4,#480,AA0A,,1,red,enemy,range01_frame_000093.png,46.0,"#480[AA0A]が#511領有中のLv.1都市#511(849,949)を攻撃し、陣営のために破壊宝箱×2を勝ち取りました"
#511,h-6,249,749,2026-5-27 12:29:1,#523,flrE,,2,red,enemy,range01_frame_000093.png,46.0,"#523[flrE]が#511領有中のLv.2都市#511(249,749)を攻撃し、陣営のために破壊宝箱×5を勝ち取りました"
#509,i-14,649,849,2026-5-27 12:30:0,#503,xjR,OTT,1,red,enemy,range01_frame_000093.png,46.0,"#503[xjR]が#509[OTT]領有中のLv.1都市#509(649,849)を攻撃し、陣営のために破壊宝箱×2を勝ち取りました"
#511,h-10,449,749,2026-5-27 12:33:2,#523,NBNH,DaNG,2,red,enemy,range01_frame_000093.png,46.0,"#523[NBNH]が#511[DaNG]領有中のLv.2都市#511(449,749)を攻撃し、陣営のために破壊宝箱×5を勝ち取りました"
#511,d-14,649,349,2026-5-27 12:35:0,#480,WbWU,SVa,3,red,enemy,range01_frame_000093.png,46.0,"#480[WbWU]が#511[SVa]領有中のLv.3都市#511(649,349)を攻撃し、陣営のために破壊宝箱×10を勝ち取りました"
#511,j-18,849,949,2026-5-27 12:28:4,#480,AA0A,,1,red,enemy,range01_frame_000094.png,46.0,"#480[AA0A]が#511領有中のLv.1都市#511(849,949)を攻撃し、陣営のために破壊宝箱×2を勝ち取りました"
#511,h-6,249,749,2026-5-27 12:29:1,#523,flrE,,2,red,enemy,range01_frame_000094.png,46.0,"#523[flrE]が#511領有中のLv.2都市#511(249,749)を攻撃し、陣営のために破壊宝箱×5を勝ち取りました"
#509,i-14,649,849,2026-5-27 12:30:0,#503,xjR,OTT,1,red,enemy,range01_frame_000094.png,46.0,"#503[xjR]が#509[OTT]領有中のLv.1都市#509(649,849)を攻撃し、陣営のために破壊宝箱×2を勝ち取りました"
#511,h-10,449,749,2026-5-27 12:33:2,#523,NBNH,DaNG,2,red,enemy,range01_frame_000094.png,46.0,"#523[NBNH]が#511[DaNG]領有中のLv.2都市#511(449,749)を攻撃し、陣営のために破壊宝箱×5を勝ち取りました"
#511,d-14,649,349,2026-5-27 12:35:0,#480,WbWU,SVa,3,red,enemy,range01_frame_000094.png,46.0,"#480[WbWU]が#511[SVa]領有中のLv.3都市#511(649,349)を攻撃し、陣営のために破壊宝箱×10を勝ち取りました"
#511,h-6,249,749,2026-5-27 12:29:10,#523,flrE,,2,red,enemy,range01_frame_000095.png,47.0,"#523[flrE]が#511領有中のLv.2都市#511(249,749)を攻撃し、陣営のために破壊宝箱×5を勝ち取りました"
#509,i-14,649,849,2026-5-27 12:30:0,#503,xjR,OTT,1,red,enemy,range01_frame_000095.png,47.0,"#503[xjR]が#509[OTT]領有中のLv.1都市#509(649,849)を攻撃し、陣営のために破壊宝箱×2を勝ち取りました"
#511,h-10,449,749,2026-5-27 12:33:2,#523,NBNH,DaNG,2,red,enemy,range01_frame_000095.png,47.0,"#523[NBNH]が#511[DaNG]領有中のLv.2都市#511(449,749)を攻撃し、陣営のために破壊宝箱×5を勝ち取りました"
#511,d-14,649,349,2026-5-27 12:35:0,#480,WbWU,SVa,3,red,enemy,range01_frame_000095.png,47.0,"#480[WbWU]が#511[SVa]領有中のLv.3都市#511(649,349)を攻撃し、陣営のために破壊宝箱×10を勝ち取りました"
#509,g-16,749,649,2026-5-27 12:35:10,#503,xjR,MOn,2,red,enemy,range01_frame_000095.png,47.0,"#503[xjR]が#509[MOn]領有中のLv.2都市#509(749,649)を攻撃し、陣営のために破壊宝箱×5を勝ち取りました"
#509,i-14,649,849,2026-5-27 12:30:0,#503,xjR,OTT,1,red,enemy,range01_frame_000096.png,47.0,"#503[xjR]が#509[OTT]領有中のLv.1都市#509(649,849)を攻撃し、陣営のために破壊宝箱×2を勝ち取りました"
#511,h-10,449,749,2026-5-27 12:33:2,#523,NBNH,DaNG,2,red,enemy,range01_frame_000096.png,47.0,"#523[NBNH]が#511[DaNG]領有中のLv.2都市#511(449,749)を攻撃し、陣営のために破壊宝箱×5を勝ち取りました"
#511,d-14,649,349,2026-5-27 12:35:0,#480,WbWU,SVa,3,red,enemy,range01_frame_000096.png,47.0,"#480[WbWU]が#511[SVa]領有中のLv.3都市#511(649,349)を攻撃し、陣営のために破壊宝箱×10を勝ち取りました"
#509,g-16,749,649,2026-5-27 12:35:10,#503,xjR,MOn,2,red,enemy,range01_frame_000096.png,47.0,"#503[xjR]が#509[MOn]領有中のLv.2都市#509(749,649)を攻撃し、陣営のために破壊宝箱×5を勝ち取りました"
#511,h-20,949,749,,#476,476M,,1,red,enemy,range01_frame_000096.png,47.0,"#476[476M]が#511領有中のLv.1都市#511(949,749)を攻撃し、陣営のために破壊宝箱×2を勝ち取りました"
#511,h-10,449,749,2026-5-27 12:33:20,#523,NBNH,DaNG,2,red,enemy,range01_frame_000097.png,48.0,"#523[NBNH]が#511[DaNG]領有中のLv.2都市 #511(449,749)を攻撃し、陣営のために破壊宝箱×5を勝ち取りました"
#511,d-14,649,349,2026-5-27 12:35:00,#480,WbUU,SVa,3,red,enemy,range01_frame_000097.png,48.0,"#480[WbUU]が#511[SVa]領有中のLv.3都市 #511(649,349)を攻撃し、陣営のために破壊宝箱×10を勝ち取りました"
#509,g-16,749,649,2026-5-27 12:35:10,#503,xjR,MOn,2,red,enemy,range01_frame_000097.png,48.0,"#503[xjR]が#509[MOn]領有中のLv.2都市 #509(749,649)を攻撃し、陣営のために破壊宝箱×5を勝ち取りました"
#511,h-20,949,749,2026-5-27 12:38:10,#476,476M,,1,blue,ally,range01_frame_000097.png,48.0,"#476[476M]が#511領有中のLv.1都市 #511(949,749)を攻撃し、陣営のために破壊宝箱×2を勝ち取りました"
#511,h-10,449,749,2026-5-27 12:33:20,#523,NBNH,DaNG,2,red,enemy,range01_frame_000098.png,48.0,"#523[NBNH]が#511[DaNG]領有中のLv.2都市 #511(449,749)を攻撃し、陣営のために破壊宝箱×5を勝ち取りました"
#511,d-14,649,349,2026-5-27 12:35:00,#480,WbUU,SVa,3,red,enemy,range01_frame_000098.png,48.0,"#480[WbUU]が#511[SVa]領有中のLv.3都市 #511(649,349)を攻撃し、陣営のために破壊宝箱×10を勝ち取りました"
#509,g-16,749,649,2026-5-27 12:35:10,#503,xjR,MOn,2,red,enemy,range01_frame_000098.png,48.0,"#503[xjR]が#509[MOn]領有中のLv.2都市 #509(749,649)を攻撃し、陣営のために破壊宝箱×5を勝ち取りました"
#511,h-20,949,749,2026-5-27 12:38:10,#476,476M,,1,blue,ally,range01_frame_000098.png,48.0,"#476[476M]が#511領有中のLv.1都市 #511(949,749)を攻撃し、陣営のために破壊宝箱×2を勝ち取りました"
#509,g-18,849,649,2026-5-27 12:56:20,#503,UMN,MOn,1,red,enemy,range01_frame_000098.png,48.0,"#503[UMN]が#509[MOn]領有中のLv.1都市 #509(849,649)を攻撃し、陣営のために破壊宝箱×2を勝ち取りました"
#511,h-10,449,749,2026-5-27 12:33:2,#523,NBNH,DaNG,2,red,enemy,range01_frame_000099.png,49.0,"#523[NBNH]が#511[DaNG]領有中のLv.2都市 #511(449,749)を攻撃し、陣営のために破壊宝箱×5を勝ち取りました"
#511,d-14,649,349,2026-5-27 12:35:0,#480,WbU,SVa,3,red,enemy,range01_frame_000099.png,49.0,"#480[WbU]が#511[SVa]領有中のLv.3都市 #511(649,349)を攻撃し、陣営のために破壊宝箱×10を勝ち取りました"
#509,g-16,749,649,2026-5-27 12:35:10,#503,xjR,MOn,2,red,enemy,range01_frame_000099.png,49.0,"#503[xjR]が#509[MOn]領有中のLv.2都市 #509(749,649)を攻撃し、陣営のために破壊宝箱×5を勝ち取りました"
#511,h-20,949,749,2026-5-27 12:38:1,#476,476M,,1,blue,ally,range01_frame_000099.png,49.0,"#476[476M]が#511領有中のLv.1都市 #511(949,749)を攻撃し、陣営のために破壊宝箱×2を勝ち取りました"
#509,g-18,849,649,2026-5-27 12:56:2,#503,UMN,MOn,1,red,enemy,range01_frame_000099.png,49.0,"#503[UMN]が#509[MOn]領有中のLv.1都市 #509(849,649)を攻撃し、陣営のために破壊宝箱×2を勝ち取りました"
#511,h-10,449,749,2026-5-27 12:33:2,#523,NBNH,DaNG,2,red,enemy,range01_frame_000101.png,50.0,"#523[NBNH]が#511[DaNG]領有中のLv.2都市 #511(449,749)を攻撃し、陣営のために破壊宝箱×5を勝ち取りました"
#511,d-14,649,349,2026-5-27 12:35:0,#480,WbW,SVa,3,red,enemy,range01_frame_000101.png,50.0,"#480[WbW]が#511[SVa]領有中のLv.3都市 #511(649,349)を攻撃し、陣営のために破壊宝箱×10を勝ち取りました"
#509,g-16,749,649,2026-5-27 12:35:10,#503,xjR,MOn,2,red,enemy,range01_frame_000101.png,50.0,"#503[xjR]が#509[MOn]領有中のLv.2都市 #509(749,649)を攻撃し、陣営のために破壊宝箱×5を勝ち取りました"
#511,h-20,949,749,2026-5-27 12:38:18,#476,476M,,1,blue,ally,range01_frame_000101.png,50.0,"#476[476M]が#511領有中のLv.1都市 #511(949,749)を攻撃し、陣営のために破壊宝箱×2を勝ち取りました"
#509,g-18,849,649,2026-5-27 12:56:2,#503,UMN,MOn,1,red,enemy,range01_frame_000101.png,50.0,"#503[UMN]が#509[MOn]領有中のLv.1都市 #509(849,649)を攻撃し、陣営のために破壊宝箱×2を勝ち取りました"
#511,h-10,449,749,2026-5-27 12:33:2,#523,NBNH,DaNG,2,red,enemy,range01_frame_000102.png,50.0,"#523[NBNH]が#511[DaNG]領有中のLv.2都市 #511(449,749)を攻撃し、陣営のために破壊宝箱×5を勝ち取りました"
#511,d-14,649,349,2026-5-27 12:35:0,#480,WbW,SVa,3,red,enemy,range01_frame_000102.png,50.0,"#480[WbW]が#511[SVa]領有中のLv.3都市 #511(649,349)を攻撃し、陣営のために破壊宝箱×10を勝ち取りました"
#509,g-16,749,649,2026-5-27 12:35:10,#503,xjR,MOn,2,red,enemy,range01_frame_000102.png,50.0,"#503[xjR]が#509[MOn]領有中のLv.2都市 #509(749,649)を攻撃し、陣営のために破壊宝箱×5を勝ち取りました"
#511,h-20,949,749,2026-5-27 12:38:18,#476,476M,,1,blue,ally,range01_frame_000102.png,50.0,"#476[476M]が#511領有中のLv.1都市 #511(949,749)を攻撃し、陣営のために破壊宝箱×2を勝ち取りました"
#509,g-18,849,649,2026-5-27 12:56:2,#503,UMN,MOn,1,red,enemy,range01_frame_000102.png,50.0,"#503[UMN]が#509[MOn]領有中のLv.1都市 #509(849,649)を攻撃し、陣営のために破壊宝箱×2を勝ち取りました"
#509,g-16,749,649,2026-5-27 12:35:10,#503,xjR,MOn,2,red,enemy,range01_frame_000103.png,51.0,"#503[xjR]が#509[MOn]領有中のLv.2都市#509(749,649)を攻撃し、陣営のために破壊宝箱×5を勝ち取りました"
#511,h-20,949,749,2026-5-27 12:38:10,#476,476M,,1,red,enemy,range01_frame_000103.png,51.0,"#476[476M]が#511領有中のLv.1都市#511(949,749)を攻撃し、陣営のために破壊宝箱×2を勝ち取りました"
#509,g-18,849,649,2026-5-27 12:56:20,#503,UMN,MOn,1,red,enemy,range01_frame_000103.png,51.0,"#503[UMN]が#509[MOn]領有中のLv.1都市#509(849,649)を攻撃し、陣営のために破壊宝箱×2を勝ち取りました"
#511,j-16,749,949,2026-5-27 13:05:40,#480,AAOA,,1,red,enemy,range01_frame_000103.png,51.0,"#480[AAOA]が#511領有中のLv.1都市#511(749,949)を攻撃し、陣営のために破壊宝箱×2を勝ち取りました"
#476,g-2,49,649,2026-5-27 13:24:40,#534,89M,,1,blue,ally,range01_frame_000103.png,51.0,"#534[89M]が#476領有中のLv.1都市#476(49,649)を攻撃し、陣営のために破壊宝箱×2を勝ち取りました"
#509,g-16,749,649,2026-5-27 12:35:10,#503,xjR,MOn,2,red,enemy,range01_frame_000104.png,51.0,"#503[xjR]が#509[MOn]領有中のLv.2都市#509(749,649)を攻撃し、陣営のために破壊宝箱×5を勝ち取りました"
#511,h-20,949,749,2026-5-27 12:38:10,#476,476M,,1,red,enemy,range01_frame_000104.png,51.0,"#476[476M]が#511領有中のLv.1都市#511(949,749)を攻撃し、陣営のために破壊宝箱×2を勝ち取りました"
#509,g-18,849,649,2026-5-27 12:56:20,#503,UMN,MOn,1,red,enemy,range01_frame_000104.png,51.0,"#503[UMN]が#509[MOn]領有中のLv.1都市#509(849,649)を攻撃し、陣営のために破壊宝箱×2を勝ち取りました"
#511,j-16,749,949,2026-5-27 13:05:40,#480,AAOA,,1,red,enemy,range01_frame_000104.png,51.0,"#480[AAOA]が#511領有中のLv.1都市#511(749,949)を攻撃し、陣営のために破壊宝箱×2を勝ち取りました"
#476,g-2,49,649,2026-5-27 13:24:40,#534,89M,,1,blue,ally,range01_frame_000104.png,51.0,"#534[89M]が#476領有中のLv.1都市#476(49,649)を攻撃し、陣営のために破壊宝箱×2を勝ち取りました"
#511,h-20,949,749,2026-5-27 12:35:10,#476,476M,,1,red,enemy,range01_frame_000105.png,52.0,"#476[476M]が#511領有中のLv.1都市 #511(949,749)を攻撃し、陣営のために破壊宝箱×2を勝ち取りました"
#509,g-18,849,649,2026-5-27 12:56:2,#503,UMN,MOn,1,red,enemy,range01_frame_000105.png,52.0,"#503[UMN]が#509[MOn]領有中のLv.1都市 #509(849,649)を攻撃し、陣営のために破壊宝箱×2を勝ち取りました"
#511,j-16,749,949,2026-5-27 13:05:4,#480,AAOA,,1,red,enemy,range01_frame_000105.png,52.0,"#480[AAOA]が#511領有中のLv.1都市 #511(749,949)を攻撃し、陣営のために破壊宝箱×2を勝ち取りました"
#476,g-2,49,649,2026-5-27 13:24:4,#534,89M,,1,blue,ally,range01_frame_000105.png,52.0,"#534[89M]が#476領有中のLv.1都市 #476(49,649)を攻撃し、陣営のために破壊宝箱×2を勝ち取りました"
#511,j-12,549,949,2026-5-27 15:32:5,#476,476M,,1,red,enemy,range01_frame_000105.png,52.0,"#476[476M]が#511領有中のLv.1都市 #511(549,949)を攻撃し、陣営のために破壊宝箱×2を勝ち取りました"
#511,h-20,949,749,2026-5-27 12:38:1,#476,476M,,1,red,enemy,range01_frame_000106.png,52.0,"#476[476M]が#511領有中のLv.1都市 #511(949,749)を攻撃し、陣営のために破壊宝箱×2を勝ち取りました"
#509,g-18,849,649,2026-5-27 12:56:2,#503,UMN,MOn,1,red,enemy,range01_frame_000106.png,52.0,"#503[UMN]が#509[MOn]領有中のLv.1都市 #509(849,649)を攻撃し、陣営のために破壊宝箱×2を勝ち取りました"
#511,j-16,749,949,2026-5-27 13:05:4,#480,AAOA,,1,red,enemy,range01_frame_000106.png,52.0,"#480[AAOA]が#511領有中のLv.1都市 #511(749,949)を攻撃し、陣営のために破壊宝箱×2を勝ち取りました"
#476,g-2,49,649,2026-5-27 13:24:4,#534,89M,,1,blue,ally,range01_frame_000106.png,52.0,"#534[89M]が#476領有中のLv.1都市 #476(49,649)を攻撃し、陣営のために破壊宝箱×2を勝ち取りました"
#511,j-12,549,949,2026-5-27 15:32:5,#476,476M,,1,red,enemy,range01_frame_000106.png,52.0,"#476[476M]が#511領有中のLv.1都市 #511(549,949)を攻撃し、陣営のために破壊宝箱×2を勝ち取りました"
#511,i-4,149,849,2026-5-27 15:32:5,#523,NBNH,,1,red,enemy,range01_frame_000106.png,52.0,"#523[NBNH]が#511領有中のLv.1都市 #511(149,849)を攻撃し、陣営のために破壊宝箱×2を勝ち取りました"
#509,g-18,849,649,2026-5-27 12:38:18,#503,UMN,MOn,1,red,enemy,range01_frame_000107.png,53.0,"#503[UMN]が#509[MOn]領有中のLv.1都市 #509(849,649)を攻撃し、陣営のために破壊宝箱×2を勝ち取りました"
#511,j-16,749,949,2026-5-27 12:56:20,#480,AA0A,,1,red,enemy,range01_frame_000107.png,53.0,"#480[AA0A]が#511領有中のLv.1都市 #511(749,949)を攻撃し、陣営のために破壊宝箱×2を勝ち取りました"
#476,g-2,49,649,2026-5-27 13:24:40,#534,89M,,1,blue,ally,range01_frame_000107.png,53.0,"#534[89M]が#476領有中のLv.1都市 #476(49,649)を攻撃し、陣営のために破壊宝箱×2を勝ち取りました"
#511,j-12,549,949,2026-5-27 15:32:50,#476,476M,,1,red,enemy,range01_frame_000107.png,53.0,"#476[476M]が#511領有中のLv.1都市 #511(549,949)を攻撃し、陣営のために破壊宝箱×2を勝ち取りました"
#511,i-4,149,849,2026-5-27 19:02:20,#523,NBNH,,1,red,enemy,range01_frame_000107.png,53.0,"#523[NBNH]が#511領有中のLv.1都市 #511(149,849)を攻撃し、陣営のために破壊宝箱×2を勝ち取りました"
#509,g-18,849,649,2026-5-27 12:56:20,#503,UMN,MOn,1,red,enemy,range01_frame_000108.png,53.0,"#503[UMN]が#509[MOn]領有中のLv.1都市 #509(849,649)を攻撃し、陣営のために破壊宝箱×2を勝ち取りました"
#511,j-16,749,949,2026-5-27 13:05:40,#480,AA0A,,1,red,enemy,range01_frame_000108.png,53.0,"#480[AA0A]が#511領有中のLv.1都市 #511(749,949)を攻撃し、陣営のために破壊宝箱×2を勝ち取りました"
#476,g-2,49,649,2026-5-27 13:24:40,#534,89M,,1,blue,ally,range01_frame_000108.png,53.0,"#534[89M]が#476領有中のLv.1都市 #476(49,649)を攻撃し、陣営のために破壊宝箱×2を勝ち取りました"
#511,j-12,549,949,2026-5-27 15:32:50,#476,476M,,1,red,enemy,range01_frame_000108.png,53.0,"#476[476M]が#511領有中のLv.1都市 #511(549,949)を攻撃し、陣営のために破壊宝箱×2を勝ち取りました"
#511,i-4,149,849,2026-5-27 19:02:20,#523,NBNH,,1,red,enemy,range01_frame_000108.png,53.0,"#523[NBNH]が#511領有中のLv.1都市 #511(149,849)を攻撃し、陣営のために破壊宝箱×2を勝ち取りました"
#509,g-18,849,649,2026-5-27 12:56:2,#503,UMN,MOn,1,red,enemy,range01_frame_000109.png,54.0,"#503[UMN]が#509[MOn]領有中のLv.1都市 #509(849,649)を攻撃し、陣営のために破壊宝箱×2を勝ち取りました"
#511,j-16,749,949,2026-5-27 13:05:4,#480,AAOA,,1,red,enemy,range01_frame_000109.png,54.0,"#480[AAOA]が#511領有中のLv.1都市 #511(749,949)を攻撃し、陣営のために破壊宝箱×2を勝ち取りました"
#476,g-2,49,649,2026-5-27 13:24:4,#534,89M,,1,blue,ally,range01_frame_000109.png,54.0,"#534[89M]が#476領有中のLv.1都市 #476(49,649)を攻撃し、陣営のために破壊宝箱×2を勝ち取りました"
#511,j-12,549,949,2026-5-27 15:32:5,#476,476M,,1,red,enemy,range01_frame_000109.png,54.0,"#476[476M]が#511領有中のLv.1都市 #511(549,949)を攻撃し、陣営のために破壊宝箱×2を勝ち取りました"
#511,i-4,149,849,2026-5-27 19:02:2,#523,NBNH,,1,red,enemy,range01_frame_000109.png,54.0,"#523[NBNH]が#511領有中のLv.1都市 #511(149,849)を攻撃し、陣営のために破壊宝箱×2を勝ち取りました"
#509,g-18,849,649,2026-5-27 12:56:2,#503,UMN,MOn,1,red,enemy,range01_frame_000110.png,54.0,"#503[UMN]が#509[MOn]領有中のLv.1都市 #509(849,649)を攻撃し、陣営のために破壊宝箱×2を勝ち取りました"
#511,j-16,749,949,2026-5-27 13:05:4,#480,AAOA,,1,red,enemy,range01_frame_000110.png,54.0,"#480[AAOA]が#511領有中のLv.1都市 #511(749,949)を攻撃し、陣営のために破壊宝箱×2を勝ち取りました"
#476,g-2,49,649,2026-5-27 13:24:4,#534,89M,,1,blue,ally,range01_frame_000110.png,54.0,"#534[89M]が#476領有中のLv.1都市 #476(49,649)を攻撃し、陣営のために破壊宝箱×2を勝ち取りました"
#511,j-12,549,949,2026-5-27 15:32:5,#476,476M,,1,red,enemy,range01_frame_000110.png,54.0,"#476[476M]が#511領有中のLv.1都市 #511(549,949)を攻撃し、陣営のために破壊宝箱×2を勝ち取りました"
#511,i-4,149,849,2026-5-27 19:02:2,#523,NBNH,,1,red,enemy,range01_frame_000110.png,54.0,"#523[NBNH]が#511領有中のLv.1都市 #511(149,849)を攻撃し、陣営のために破壊宝箱×2を勝ち取りました"
#511,j-16,749,949,2026-5-27 13:05:4,#480,AAOA,,1,red,enemy,range01_frame_000111.png,55.0,"#480[AAOA]が#511領有中のLv.1都市#511(749,949)を攻撃し、陣営のために破壊宝箱×2を勝ち取りました"
#476,g-2,49,649,2026-5-27 13:24:4,#534,89M,,1,blue,ally,range01_frame_000111.png,55.0,"#534[89M]が#476領有中のLv.1都市#476(49,649)を攻撃し、陣営のために破壊宝箱×2を勝ち取りました"
#511,j-12,549,949,2026-5-27 15:32:5,#476,476M,,1,red,enemy,range01_frame_000111.png,55.0,"#476[476M]が#511領有中のLv.1都市#511(549,949)を攻撃し、陣営のために破壊宝箱×2を勝ち取りました"
#511,i-4,149,849,2026-5-27 19:02:2,#523,NBNH,,1,red,enemy,range01_frame_000111.png,55.0,"#523[NBNH]が#511領有中のLv.1都市#511(149,849)を攻撃し、陣営のために破壊宝箱×2を勝ち取りました"
#480,d-8,349,349,2026-5-27 20:01:4,#440,BAJ,WbU,3,blue,ally,range01_frame_000111.png,55.0,"#440[BAJ]が#480[WbU]領有中のLv.3都市#480(349,349)を攻撃し、陣営のために破壊宝箱×10を勝ち取りました"
#511,j-16,749,949,2026-5-27 13:05:4,#480,AAOA,,1,red,enemy,range01_frame_000112.png,55.0,"#480[AAOA]が#511領有中のLv.1都市#511(749,949)を攻撃し、陣営のために破壊宝箱×2を勝ち取りました"
#476,g-2,49,649,2026-5-27 13:24:4,#534,89M,,1,blue,ally,range01_frame_000112.png,55.0,"#534[89M]が#476領有中のLv.1都市#476(49,649)を攻撃し、陣営のために破壊宝箱×2を勝ち取りました"
#511,j-12,549,949,2026-5-27 15:32:5,#476,476M,,1,red,enemy,range01_frame_000112.png,55.0,"#476[476M]が#511領有中のLv.1都市#511(549,949)を攻撃し、陣営のために破壊宝箱×2を勝ち取りました"
#511,i-4,149,849,2026-5-27 19:02:2,#523,NBNH,,1,red,enemy,range01_frame_000112.png,55.0,"#523[NBNH]が#511領有中のLv.1都市#511(149,849)を攻撃し、陣営のために破壊宝箱×2を勝ち取りました"
#480,d-8,349,349,2026-5-27 20:01:4,#440,BAJ,WbU,3,blue,ally,range01_frame_000112.png,55.0,"#440[BAJ]が#480[WbU]領有中のLv.3都市#480(349,349)を攻撃し、陣営のために破壊宝箱×10を勝ち取りました"
#476,g-2,49,649,2026-5-27 13:24:4,#534,89M,,1,blue,ally,range01_frame_000113.png,56.0,"#534[89M]が#476 領有中のLv.1都市#476(49,649)を攻撃し、陣営のために破壊宝箱×2を勝ち取りました"
#511,j-12,549,949,2026-5-27 15:32:5,#476,476M,,1,red,enemy,range01_frame_000113.png,56.0,"#476[476M]が#511領有中のLv.1都市#511(549,949)を攻撃し、陣営のために破壊宝箱×2を勝ち取りました"
#511,i-4,149,849,2026-5-27 19:02:2,#523,NBNH,,1,red,enemy,range01_frame_000113.png,56.0,"#523[NBNH]が#511領有中のLv.1都市#511(149,849)を攻撃し、陣営のために破壊宝箱×2を勝ち取りました"
#480,d-8,349,349,2026-5-27 20:01:4,#440,BAJ,wbU,3,blue,ally,range01_frame_000113.png,56.0,"#440[BAJ]が#480[wbU]領有中のLv.3都市#480(349,349)を攻撃し、陣営のために破壊宝箱×10を勝ち取りました"
#534,d-12,549,349,2026-5-27 20:02:1,#476,476B,JDX,3,red,enemy,range01_frame_000113.png,56.0,"#476[476B]が#534[JDX]領有中のLv.3都市#534(549,349)を攻撃し、陣営のために破壊宝箱×10を勝ち取りました"
#476,g-2,49,649,2026-5-27 13:24:4,#534,89M,,1,blue,ally,range01_frame_000114.png,56.0,"#534[89M]が#476 領有中のLv.1都市#476(49,649)を攻撃し、陣営のために破壊宝箱×2を勝ち取りました"
#511,j-12,549,949,2026-5-27 15:32:5,#476,476M,,1,red,enemy,range01_frame_000114.png,56.0,"#476[476M]が#511領有中のLv.1都市#511(549,949)を攻撃し、陣営のために破壊宝箱×2を勝ち取りました"
#511,i-4,149,849,2026-5-27 19:02:2,#523,NBNH,,1,red,enemy,range01_frame_000114.png,56.0,"#523[NBNH]が#511領有中のLv.1都市#511(149,849)を攻撃し、陣営のために破壊宝箱×2を勝ち取りました"
#480,d-8,349,349,2026-5-27 20:01:4,#440,BAJ,wbU,3,blue,ally,range01_frame_000114.png,56.0,"#440[BAJ]が#480[wbU]領有中のLv.3都市#480(349,349)を攻撃し、陣営のために破壊宝箱×10を勝ち取りました"
#534,d-12,549,349,2026-5-27 20:02:1,#476,476B,JDX,3,red,enemy,range01_frame_000114.png,56.0,"#476[476B]が#534[JDX]領有中のLv.3都市#534(549,349)を攻撃し、陣営のために破壊宝箱×10を勝ち取りました"
#476,i-2,49,849,,#534,n09,476H,1,blue,ally,range01_frame_000114.png,56.0,"#534[n09]が#476[476H]領有中のLv.1都市#476(49,849)を攻撃し、陣営のために破壊宝箱×2を勝ち取りました"
#511,i-4,149,849,2026-5-27 19:02:22,#523,NBNH,,1,red,enemy,range01_frame_000115.png,57.0,"#523[NBNH]が#511領有中のLv.1都市#511(149,849)を攻撃し、陣営のために破壊宝箱×2を勝ち取りました"
#480,d-8,349,349,2026-5-27 20:01:40,#440,BAJ,wbU,3,blue,ally,range01_frame_000115.png,57.0,"#440[BAJ]が#480[wbU]領有中のLv.3都市#480(349,349)を攻撃し、陣営のために破壊宝箱×10を勝ち取りました"
#534,d-12,549,349,2026-5-27 20:02:11,#476,476B,JDX,3,red,enemy,range01_frame_000115.png,57.0,"#476[476B]が#534[JDX]領有中のLv.3都市#534(549,349)を攻撃し、陣営のために破壊宝箱×10を勝ち取りました"
#476,i-2,49,849,2026-5-27 20:02:33,#534,n09,476H,1,blue,ally,range01_frame_000115.png,57.0,"#534[n09]が#476[476H]領有中のLv.1都市#476(49,849)を攻撃し、陣営のために破壊宝箱×2を勝ち取りました"
#509,d-12,549,349,2026-5-27 20:04:0,#476,476A,SsQ,3,red,enemy,range01_frame_000115.png,57.0,"#476[476A]が#509[SsQ]領有中のLv.3都市#509(549,349)を攻撃し、陣営のために破壊宝箱×10を勝ち取りました"
#511,i-4,149,849,2026-5-27 19:02:22,#523,NBNH,,1,red,enemy,range01_frame_000116.png,57.0,"#523[NBNH]が#511領有中のLv.1都市#511(149,849)を攻撃し、陣営のために破壊宝箱×2を勝ち取りました"
#480,d-8,349,349,2026-5-27 20:01:40,#440,BAJ,wbU,3,blue,ally,range01_frame_000116.png,57.0,"#440[BAJ]が#480[wbU]領有中のLv.3都市#480(349,349)を攻撃し、陣営のために破壊宝箱×10を勝ち取りました"
#534,d-12,549,349,2026-5-27 20:02:11,#476,476B,JDX,3,red,enemy,range01_frame_000116.png,57.0,"#476[476B]が#534[JDX]領有中のLv.3都市#534(549,349)を攻撃し、陣営のために破壊宝箱×10を勝ち取りました"
#476,i-2,49,849,2026-5-27 20:02:33,#534,n09,476H,1,blue,ally,range01_frame_000116.png,57.0,"#534[n09]が#476[476H]領有中のLv.1都市#476(49,849)を攻撃し、陣営のために破壊宝箱×2を勝ち取りました"
#509,d-12,549,349,2026-5-27 20:04:0,#476,476A,SsQ,3,red,enemy,range01_frame_000116.png,57.0,"#476[476A]が#509[SsQ]領有中のLv.3都市#509(549,349)を攻撃し、陣営のために破壊宝箱×10を勝ち取りました"
#511,i-4,149,849,2026-5-27 19:02:2,#523,NBNH,,1,red,enemy,range01_frame_000117.png,58.0,"#523[NBNH]が#511領有中のLv.1都市#511(149,849)を攻撃し、陣営のために破壊宝箱×2を勝ち取りました"
#480,d-8,349,349,2026-5-27 20:01:4,#440,BAJ,WbU,3,blue,ally,range01_frame_000117.png,58.0,"#440[BAJ]が#480[WbU]領有中のLv.3都市#480(349,349)を攻撃し、陣営のために破壊宝箱×10を勝ち取りました"
#534,d-12,549,349,2026-5-27 20:02:1,#476,476B,JDX,3,red,enemy,range01_frame_000117.png,58.0,"#476[476B]が#534[JDX]領有中のLv.3都市#534(549,349)を攻撃し、陣営のために破壊宝箱×10を勝ち取りました"
#476,i-2,49,849,2026-5-27 20:02:3,#534,n09,476H,1,blue,ally,range01_frame_000117.png,58.0,"#534[n09]が#476[476H]領有中のLv.1都市#476(49,849)を攻撃し、陣営のために破壊宝箱×2を勝ち取りました"
#509,d-12,549,349,2026-5-27 20:04:0,#476,476A,SsQ,3,red,enemy,range01_frame_000117.png,58.0,"#476[476A]が#509[SsQ]領有中のLv.3都市#509(549,349)を攻撃し、陣営のために破壊宝箱×10を勝ち取りました"
#511,i-4,149,849,2026-5-27 19:02:2,#523,NBNH,,1,red,enemy,range01_frame_000118.png,58.0,"#523[NBNH]が#511領有中のLv.1都市#511(149,849)を攻撃し、陣営のために破壊宝箱×2を勝ち取りました"
#480,d-8,349,349,2026-5-27 20:01:4,#440,BAJ,WbU,3,blue,ally,range01_frame_000118.png,58.0,"#440[BAJ]が#480[WbU]領有中のLv.3都市#480(349,349)を攻撃し、陣営のために破壊宝箱×10を勝ち取りました"
#534,d-12,549,349,2026-5-27 20:02:1,#476,476B,JDX,3,red,enemy,range01_frame_000118.png,58.0,"#476[476B]が#534[JDX]領有中のLv.3都市#534(549,349)を攻撃し、陣営のために破壊宝箱×10を勝ち取りました"
#476,i-2,49,849,2026-5-27 20:02:3,#534,n09,476H,1,blue,ally,range01_frame_000118.png,58.0,"#534[n09]が#476[476H]領有中のLv.1都市#476(49,849)を攻撃し、陣営のために破壊宝箱×2を勝ち取りました"
#509,d-12,549,349,2026-5-27 20:04:0,#476,476A,SsQ,3,red,enemy,range01_frame_000118.png,58.0,"#476[476A]が#509[SsQ]領有中のLv.3都市#509(549,349)を攻撃し、陣営のために破壊宝箱×10を勝ち取りました"
#480,d-8,349,349,2026-5-27 20:01:40,#440,BAJ,WbU,3,blue,ally,range01_frame_000119.png,59.0,"#440[BAJ]が#480[WbU]領有中のLv.3都市 #480(349,349)を攻撃し、陣営のために破壊宝箱×10を勝ち取りました"
#534,d-12,549,349,2026-5-27 20:02:11,#476,476B,JDX,3,red,enemy,range01_frame_000119.png,59.0,"#476[476B]が#534[JDX]領有中のLv.3都市 #534(549,349)を攻撃し、陣営のために破壊宝箱×10を勝ち取りました"
#476,i-2,49,849,2026-5-27 20:02:38,#534,n09,476H,1,blue,ally,range01_frame_000119.png,59.0,"#534[n09]が#476[476H]領有中のLv.1都市 #476(49,849)を攻撃し、陣営のために破壊宝箱×2を勝ち取りました"
#509,d-12,549,349,2026-5-27 20:04:0,#476,476A,SsQ,3,red,enemy,range01_frame_000119.png,59.0,"#476[476A]が#509[SsQ]領有中のLv.3都市 #509(549,349)を攻撃し、陣営のために破壊宝箱×10を勝ち取りました"
#480,d-8,349,349,2026-5-27 20:01:40,#440,BAJ,WbU,3,blue,ally,range01_frame_000120.png,59.0,"#440[BAJ]が#480[WbU]領有中のLv.3都市 #480(349,349)を攻撃し、陣営のために破壊宝箱×10を勝ち取りました"
#534,d-12,549,349,2026-5-27 20:02:11,#476,476B,JDX,3,red,enemy,range01_frame_000120.png,59.0,"#476[476B]が#534[JDX]領有中のLv.3都市 #534(549,349)を攻撃し、陣営のために破壊宝箱×10を勝ち取りました"
#476,i-2,49,849,2026-5-27 20:02:38,#534,n09,476H,1,blue,ally,range01_frame_000120.png,59.0,"#534[n09]が#476[476H]領有中のLv.1都市 #476(49,849)を攻撃し、陣営のために破壊宝箱×2を勝ち取りました"
#509,d-12,549,349,2026-5-27 20:04:0,#476,476A,SsQ,3,red,enemy,range01_frame_000120.png,59.0,"#476[476A]が#509[SsQ]領有中のLv.3都市 #509(549,349)を攻撃し、陣営のために破壊宝箱×10を勝ち取りました"
#480,d-8,349,349,2026-5-27 20:01:40,#440,BAJ,WbW,3,blue,ally,range01_frame_000121.png,60.0,"#440[BAJ]が#480[WbW]領有中のLv.3都市 #480(349,349)を攻撃し、陣営のために破壊宝箱×10を勝ち取りました"
#534,d-12,549,349,2026-5-27 20:02:10,#476,476B,JDX,3,red,enemy,range01_frame_000121.png,60.0,"#476[476B]が#534[JDX]領有中のLv.3都市 #534(549,349)を攻撃し、陣営のために破壊宝箱×10を勝ち取りました"
#476,i-2,49,849,2026-5-27 20:02:30,#534,n09,476H,1,blue,ally,range01_frame_000121.png,60.0,"#534[n09]が#476[476H]領有中のLv.1都市 #476(49,849)を攻撃し、陣営のために破壊宝箱×2を勝ち取りました"
#509,d-12,549,349,2026-5-27 20:04:00,#476,476A,SsQ,3,red,enemy,range01_frame_000121.png,60.0,"#476[476A]が#509[SsQ]領有中のLv.3都市 #509(549,349)を攻撃し、陣営のために破壊宝箱×10を勝ち取りました"
#534,d-14,649,349,2026-5-27 20:04:30,#476,476B,JDX,3,red,enemy,range01_frame_000121.png,60.0,"#476[476B]が#534[JDX]領有中のLv.3都市 #534(649,349)を攻撃し、陣営のために破壊宝箱×10を勝ち取りました"
#480,d-8,349,349,2026-5-27 20:01:40,#440,BAJ,WbW,3,blue,ally,range01_frame_000122.png,60.0,"#440[BAJ]が#480[WbW]領有中のLv.3都市 #480(349,349)を攻撃し、陣営のために破壊宝箱×10を勝ち取りました"
#534,d-12,549,349,2026-5-27 20:02:10,#476,476B,JDX,3,red,enemy,range01_frame_000122.png,60.0,"#476[476B]が#534[JDX]領有中のLv.3都市 #534(549,349)を攻撃し、陣営のために破壊宝箱×10を勝ち取りました"
#476,i-2,49,849,2026-5-27 20:02:30,#534,n09,476H,1,blue,ally,range01_frame_000122.png,60.0,"#534[n09]が#476[476H]領有中のLv.1都市 #476(49,849)を攻撃し、陣営のために破壊宝箱×2を勝ち取りました"
#509,d-12,549,349,2026-5-27 20:04:00,#476,476A,SsQ,3,red,enemy,range01_frame_000122.png,60.0,"#476[476A]が#509[SsQ]領有中のLv.3都市 #509(549,349)を攻撃し、陣営のために破壊宝箱×10を勝ち取りました"
#534,d-14,649,349,2026-5-27 20:04:30,#476,476B,JDX,3,red,enemy,range01_frame_000122.png,60.0,"#476[476B]が#534[JDX]領有中のLv.3都市 #534(649,349)を攻撃し、陣営のために破壊宝箱×10を勝ち取りました"
#534,d-12,549,349,2026-5-27 20:01:40,#476,476B,JDX,3,red,enemy,range01_frame_000123.png,61.0,"#476[476B]が#534[JDX]領有中のLv.3都市 #534(549,349)を攻撃し、陣営のために破壊宝箱×10を勝ち取りました"
#476,i-2,49,849,2026-5-27 20:02:11,#534,n09,476H,1,blue,ally,range01_frame_000123.png,61.0,"#534[n09]が#476[476H]領有中のLv.1都市 #476(49,849)を攻撃し、陣営のために破壊宝箱×2を勝ち取りました"
#509,d-12,549,349,2026-5-27 20:04:01,#476,476A,SsQ,3,red,enemy,range01_frame_000123.png,61.0,"#476[476A]が#509[SsQ]領有中のLv.3都市 #509(549,349)を攻撃し、陣営のために破壊宝箱×10を勝ち取りました"
#534,d-14,649,349,2026-5-27 20:04:31,#476,476B,JDX,3,red,enemy,range01_frame_000123.png,61.0,"#476[476B]が#534[JDX]領有中のLv.3都市 #534(649,349)を攻撃し、陣営のために破壊宝箱×10を勝ち取りました"
#480,d-10,449,349,2026-5-27 20:12:19,#440,GcC,BgNa,3,blue,ally,range01_frame_000123.png,61.0,"#440[GcC]が#480[BgNa]領有中のLv.3都市 #480(449,349)を攻撃し、陣営のために破壊宝箱×10を勝ち取りました"
#476,i-2,49,849,2026-5-27 20:02:11,#534,n09,476H,1,blue,ally,range01_frame_000124.png,61.0,"#534[n09]が#476[476H]領有中のLv.1都市 #476(49,849)を攻撃し、陣営のために破壊宝箱×2を勝ち取りました"
#509,d-12,549,349,2026-5-27 20:04:01,#476,476A,SsQ,3,red,enemy,range01_frame_000124.png,61.0,"#476[476A]が#509[SsQ]領有中のLv.3都市 #509(549,349)を攻撃し、陣営のために破壊宝箱×10を勝ち取りました"
#534,d-14,649,349,2026-5-27 20:04:31,#476,476B,JDX,3,red,enemy,range01_frame_000124.png,61.0,"#476[476B]が#534[JDX]領有中のLv.3都市 #534(649,349)を攻撃し、陣営のために破壊宝箱×10を勝ち取りました"
#480,d-10,449,349,2026-5-27 20:12:19,#440,GcC,BgNa,3,blue,ally,range01_frame_000124.png,61.0,"#440[GcC]が#480[BgNa]領有中のLv.3都市 #480(449,349)を攻撃し、陣営のために破壊宝箱×10を勝ち取りました"
#476,i-2,49,849,2026-5-27 20:02:30,#534,n09,476H,1,blue,ally,range01_frame_000125.png,62.0,"#534[n09]が#476[476H]領有中のLv.1都市 #476(49,849)を攻撃し、陣営のために破壊宝箱×2を勝ち取りました"
#509,d-12,549,349,2026-5-27 20:04:0,#476,476A,SsQ,3,red,enemy,range01_frame_000125.png,62.0,"#476[476A]が#509[SsQ]領有中のLv.3都市 #509(549,349)を攻撃し、陣営のために破壊宝箱×10を勝ち取りました"
#534,d-14,649,349,2026-5-27 20:04:3,#476,476B,JDX,3,red,enemy,range01_frame_000125.png,62.0,"#476[476B]が#534[JDX]領有中のLv.3都市 #534(649,349)を攻撃し、陣営のために破壊宝箱×10を勝ち取りました"
#480,d-10,449,349,2026-5-27 20:12:18,#440,GcC,BgNa,3,blue,ally,range01_frame_000125.png,62.0,"#440[GcC]が#480[BgNa]領有中のLv.3都市 #480(449,349)を攻撃し、陣営のために破壊宝箱×10を勝ち取りました"
#509,d-10,449,349,2026-5-27 20:17:5,#476,476A,SsQ,3,red,enemy,range01_frame_000125.png,62.0,"#476[476A]が#509[SsQ]領有中のLv.3都市 #509(449,349)を攻撃し、陣営のために破壊宝箱×10を勝ち取りました"
#509,d-12,549,349,2026-5-27 20:04:0,#476,476A,SsQ,3,red,enemy,range01_frame_000126.png,62.0,"#476[476A]が#509[SsQ]領有中のLv.3都市 #509(549,349)を攻撃し、陣営のために破壊宝箱×10を勝ち取りました"
#534,d-14,649,349,2026-5-27 20:04:3,#476,476B,JDX,3,red,enemy,range01_frame_000126.png,62.0,"#476[476B]が#534[JDX]領有中のLv.3都市 #534(649,349)を攻撃し、陣営のために破壊宝箱×10を勝ち取りました"
#480,d-10,449,349,2026-5-27 20:12:18,#440,GcC,BgNa,3,blue,ally,range01_frame_000126.png,62.0,"#440[GcC]が#480[BgNa]領有中のLv.3都市 #480(449,349)を攻撃し、陣営のために破壊宝箱×10を勝ち取りました"
#509,d-10,449,349,2026-5-27 20:17:5,#476,476A,SsQ,3,red,enemy,range01_frame_000126.png,62.0,"#476[476A]が#509[SsQ]領有中のLv.3都市 #509(449,349)を攻撃し、陣営のために破壊宝箱×10を勝ち取りました"
#511,g-10,449,649,2026-5-27 20:20:1,#480,WbUU,DaNG,3,red,enemy,range01_frame_000126.png,62.0,"#480[WbUU]が#511[DaNG]領有中のLv.3都市 #511(449,649)を攻撃し、陣営のために破壊宝箱×10を勝ち取りました"
#534,d-14,649,349,2026-5-27 20:04:30,#476,476B,JDX,3,red,enemy,range01_frame_000127.png,63.0,"#476[476B]が#534[JDX]領有中のLv.3都市 #534(649,349)を攻撃し、陣営のために破壊宝箱×10を勝ち取りました"
#480,d-10,449,349,2026-5-27 20:12:18,#440,Gcc,BgNa,3,blue,ally,range01_frame_000127.png,63.0,"#440[Gcc]が#480[BgNa]領有中のLv.3都市 #480(449,349)を攻撃し、陣営のために破壊宝箱×10を勝ち取りました"
#509,d-10,449,349,2026-5-27 20:17:55,#476,476A,SsQ,3,red,enemy,range01_frame_000127.png,63.0,"#476[476A]が#509[SsQ]領有中のLv.3都市 #509(449,349)を攻撃し、陣営のために破壊宝箱×10を勝ち取りました"
#511,g-10,449,649,2026-5-27 20:20:19,#480,WbW,DaNG,3,red,enemy,range01_frame_000127.png,63.0,"#480[WbW]が#511[DaNG]領有中のLv.3都市 #511(449,649)を攻撃し、陣営のために破壊宝箱×10を勝ち取りました"
#511,e-8,349,449,2026-5-27 20:23:1,#523,WUG,L0,3,red,enemy,range01_frame_000127.png,63.0,"#523[WUG]が#511[L0]領有中のLv.3都市 #511(349,449)を攻撃し、陣営のために破壊宝箱×10を勝ち取りました"
#534,d-14,649,349,2026-5-27 20:04:30,#476,476B,JDX,3,red,enemy,range01_frame_000128.png,63.0,"#476[476B]が#534[JDX]領有中のLv.3都市 #534(649,349)を攻撃し、陣営のために破壊宝箱×10を勝ち取りました"
#480,d-10,449,349,2026-5-27 20:12:18,#440,Gcc,BgNa,3,blue,ally,range01_frame_000128.png,63.0,"#440[Gcc]が#480[BgNa]領有中のLv.3都市 #480(449,349)を攻撃し、陣営のために破壊宝箱×10を勝ち取りました"
#509,d-10,449,349,2026-5-27 20:17:55,#476,476A,SsQ,3,red,enemy,range01_frame_000128.png,63.0,"#476[476A]が#509[SsQ]領有中のLv.3都市 #509(449,349)を攻撃し、陣営のために破壊宝箱×10を勝ち取りました"
#511,g-10,449,649,2026-5-27 20:20:19,#480,WbW,DaNG,3,red,enemy,range01_frame_000128.png,63.0,"#480[WbW]が#511[DaNG]領有中のLv.3都市 #511(449,649)を攻撃し、陣営のために破壊宝箱×10を勝ち取りました"
#511,e-8,349,449,2026-5-27 20:23:1,#523,WUG,L0,3,red,enemy,range01_frame_000128.png,63.0,"#523[WUG]が#511[L0]領有中のLv.3都市 #511(349,449)を攻撃し、陣営のために破壊宝箱×10を勝ち取りました"
#534,d-14,649,349,2026-5-27 20:04:33,#476,476B,JDX,3,red,enemy,range01_frame_000129.png,64.0,"#476[476B]が#534[JDX]領有中のLv.3都市 #534(649,349)を攻撃し、陣営のために破壊宝箱×10を勝ち取りました"
#480,d-10,449,349,2026-5-27 20:12:18,#440,Gcc,BgNa,3,blue,ally,range01_frame_000129.png,64.0,"#440[Gcc]が#480[BgNa]領有中のLv.3都市 #480(449,349)を攻撃し、陣営のために破壊宝箱×10を勝ち取りました"
#509,d-10,449,349,2026-5-27 20:17:51,#476,476A,SsQ,3,red,enemy,range01_frame_000129.png,64.0,"#476[476A]が#509[SsQ]領有中のLv.3都市 #509(449,349)を攻撃し、陣営のために破壊宝箱×10を勝ち取りました"
#511,g-10,449,649,2026-5-27 20:20:10,#480,WbW,DaNG,3,red,enemy,range01_frame_000129.png,64.0,"#480[WbW]が#511[DaNG]領有中のLv.3都市 #511(449,649)を攻撃し、陣営のために破壊宝箱×10を勝ち取りました"
#511,e-8,349,449,2026-5-27 20:23:11,#523,WUG,JLO,3,red,enemy,range01_frame_000129.png,64.0,"#523[WUG]が#511[JLO]領有中のLv.3都市 #511(349,449)を攻撃し、陣営のために破壊宝箱×10を勝ち取りました"
#534,d-14,649,349,2026-5-27 20:04:33,#476,476B,JDX,3,red,enemy,range01_frame_000130.png,64.0,"#476[476B]が#534[JDX]領有中のLv.3都市 #534(649,349)を攻撃し、陣営のために破壊宝箱×10を勝ち取りました"
#480,d-10,449,349,2026-5-27 20:12:18,#440,Gcc,BgNa,3,blue,ally,range01_frame_000130.png,64.0,"#440[Gcc]が#480[BgNa]領有中のLv.3都市 #480(449,349)を攻撃し、陣営のために破壊宝箱×10を勝ち取りました"
#509,d-10,449,349,2026-5-27 20:17:51,#476,476A,SsQ,3,red,enemy,range01_frame_000130.png,64.0,"#476[476A]が#509[SsQ]領有中のLv.3都市 #509(449,349)を攻撃し、陣営のために破壊宝箱×10を勝ち取りました"
#511,g-10,449,649,2026-5-27 20:20:10,#480,WbW,DaNG,3,red,enemy,range01_frame_000130.png,64.0,"#480[WbW]が#511[DaNG]領有中のLv.3都市 #511(449,649)を攻撃し、陣営のために破壊宝箱×10を勝ち取りました"
#511,e-8,349,449,2026-5-27 20:23:11,#523,WUG,JLO,3,red,enemy,range01_frame_000130.png,64.0,"#523[WUG]が#511[JLO]領有中のLv.3都市 #511(349,449)を攻撃し、陣営のために破壊宝箱×10を勝ち取りました"
#509,i-16,749,849,2026-5-27 20:??:??,#503,UMN,OTT,1,red,enemy,range01_frame_000130.png,64.0,"#503[UMN]が#509[OTT]領有中のLv.1都市 #509(749,849)を攻撃し、陣営のために破壊宝箱×2を勝ち取りました"
#534,d-14,649,349,2026-5-27 20:04:3,,,,,unknown,unknown,range01_frame_000131.png,65.0,"#534(649,349)を攻撃し、陣営のために破壊宝箱×10を勝ち取りました"
#480,d-10,449,349,2026-5-27 20:12:1,#440,GcC,BgNa,3,blue,ally,range01_frame_000131.png,65.0,"#440[GcC]が#480[BgNa]領有中のLv.3都市 #480(449,349)を攻撃し、陣営のために破壊宝箱×10を勝ち取りました"
#509,d-10,449,349,2026-5-27 20:17:5,#476,476A,SsQ,3,red,enemy,range01_frame_000131.png,65.0,"#476[476A]が#509[SsQ]領有中のLv.3都市 #509(449,349)を攻撃し、陣営のために破壊宝箱×10を勝ち取りました"
#511,g-10,449,649,2026-5-27 20:20:1,#480,WbW,DaNG,3,red,enemy,range01_frame_000131.png,65.0,"#480[WbW]が#511[DaNG]領有中のLv.3都市 #511(449,649)を攻撃し、陣営のために破壊宝箱×10を勝ち取りました"
#511,e-8,349,449,2026-5-27 20:23:1,#523,WUG,JLO,3,red,enemy,range01_frame_000131.png,65.0,"#523[WUG]が#511[JLO]領有中のLv.3都市 #511(349,449)を攻撃し、陣営のために破壊宝箱×10を勝ち取りました"
#509,i-16,749,849,,#503,UMN,OTT,1,red,enemy,range01_frame_000131.png,65.0,"#503[UMN]が#509[OTT]領有中のLv.1都市 #509(749,849)を攻撃し、陣営のために破壊宝箱×2を勝ち取りました"
#534,d-14,649,349,2026-5-27 20:04:3,,,,,unknown,unknown,range01_frame_000132.png,65.0,"#534(649,349)を攻撃し、陣営のために破壊宝箱×10を勝ち取りました"
#480,d-10,449,349,2026-5-27 20:12:1,#440,GcC,BgNa,3,blue,ally,range01_frame_000132.png,65.0,"#440[GcC]が#480[BgNa]領有中のLv.3都市 #480(449,349)を攻撃し、陣営のために破壊宝箱×10を勝ち取りました"
#509,d-10,449,349,2026-5-27 20:17:5,#476,476A,SsQ,3,red,enemy,range01_frame_000132.png,65.0,"#476[476A]が#509[SsQ]領有中のLv.3都市 #509(449,349)を攻撃し、陣営のために破壊宝箱×10を勝ち取りました"
#511,g-10,449,649,2026-5-27 20:20:1,#480,WbW,DaNG,3,red,enemy,range01_frame_000132.png,65.0,"#480[WbW]が#511[DaNG]領有中のLv.3都市 #511(449,649)を攻撃し、陣営のために破壊宝箱×10を勝ち取りました"
#511,e-8,349,449,2026-5-27 20:23:1,#523,WUG,JLO,3,red,enemy,range01_frame_000132.png,65.0,"#523[WUG]が#511[JLO]領有中のLv.3都市 #511(349,449)を攻撃し、陣営のために破壊宝箱×10を勝ち取りました"
#509,i-16,749,849,,#503,UMN,OTT,1,red,enemy,range01_frame_000132.png,65.0,"#503[UMN]が#509[OTT]領有中のLv.1都市 #509(749,849)を攻撃し、陣営のために破壊宝箱×2を勝ち取りました"
#509,d-10,449,349,2026-5-27 20:17:55,#476,476A,SsQ,3,red,enemy,range01_frame_000133.png,66.0,"#476[476A]が#509[SsQ]領有中のLv.3都市 #509(449,349)を攻撃し、陣営のために破壊宝箱×10を勝ち取りました"
#511,g-10,449,649,2026-5-27 20:20:10,#480,WbWU,DaNG,3,red,enemy,range01_frame_000133.png,66.0,"#480[WbWU]が#511[DaNG]領有中のLv.3都市 #511(449,649)を攻撃し、陣営のために破壊宝箱×10を勝ち取りました"
#511,e-8,349,449,2026-5-27 20:23:10,#523,WUG,JLO,3,red,enemy,range01_frame_000133.png,66.0,"#523[WUG]が#511[JLO]領有中のLv.3都市 #511(349,449)を攻撃し、陣営のために破壊宝箱×10を勝ち取りました"
#509,i-16,749,849,2026-5-27 20:23:10,#503,UMN,OTT,1,red,enemy,range01_frame_000133.png,66.0,"#503[UMN]が#509[OTT]領有中のLv.1都市 #509(749,849)を攻撃し、陣営のために破壊宝箱×2を勝ち取りました"
#480,d-12,549,349,2026-5-27 20:23:20,#440,GcC,WbWU,3,blue,ally,range01_frame_000133.png,66.0,"#440[GcC]が#480[WbWU]領有中のLv.3都市 #480(549,349)を攻撃し、陣営のために破壊宝箱×10を勝ち取りました"
#509,d-10,449,349,2026-5-27 20:17:55,#476,476A,SsQ,3,red,enemy,range01_frame_000134.png,66.0,"#476[476A]が#509[SsQ]領有中のLv.3都市 #509(449,349)を攻撃し、陣営のために破壊宝箱×10を勝ち取りました"
#511,g-10,449,649,2026-5-27 20:20:10,#480,WbWU,DaNG,3,red,enemy,range01_frame_000134.png,66.0,"#480[WbWU]が#511[DaNG]領有中のLv.3都市 #511(449,649)を攻撃し、陣営のために破壊宝箱×10を勝ち取りました"
#511,e-8,349,449,2026-5-27 20:23:10,#523,WUG,JLO,3,red,enemy,range01_frame_000134.png,66.0,"#523[WUG]が#511[JLO]領有中のLv.3都市 #511(349,449)を攻撃し、陣営のために破壊宝箱×10を勝ち取りました"
#509,i-16,749,849,2026-5-27 20:23:10,#503,UMN,OTT,1,red,enemy,range01_frame_000134.png,66.0,"#503[UMN]が#509[OTT]領有中のLv.1都市 #509(749,849)を攻撃し、陣営のために破壊宝箱×2を勝ち取りました"
#480,d-12,549,349,2026-5-27 20:23:20,#440,GcC,WbWU,3,blue,ally,range01_frame_000134.png,66.0,"#440[GcC]が#480[WbWU]領有中のLv.3都市 #480(549,349)を攻撃し、陣営のために破壊宝箱×10を勝ち取りました"
#511,g-10,449,649,2026-5-27 20:17:5,#480,WbW,DaNG,3,red,enemy,range01_frame_000135.png,67.0,"#480[WbW]が#511[DaNG]領有中のLv.3都市 #511(449,649)を攻撃し、陣営のために破壊宝箱×10を勝ち取りました"
#511,e-8,349,449,2026-5-27 20:20:1,#523,WUG,JLO,3,red,enemy,range01_frame_000135.png,67.0,"#523[WUG]が#511[JLO]領有中のLv.3都市 #511(349,449)を攻撃し、陣営のために破壊宝箱×10を勝ち取りました"
#509,i-16,749,849,2026-5-27 20:23:1,#503,UMN,OTT,1,red,enemy,range01_frame_000135.png,67.0,"#503[UMN]が#509[OTT]領有中のLv.1都市 #509(749,849)を攻撃し、陣営のために破壊宝箱×2を勝ち取りました"
#480,d-12,549,349,2026-5-27 20:23:2,#440,GcC,WbW,3,blue,ally,range01_frame_000135.png,67.0,"#440[GcC]が#480[WbW]領有中のLv.3都市 #480(549,349)を攻撃し、陣営のために破壊宝箱×10を勝ち取りました"
#511,g-6,249,649,2026-5-27 20:25:5,#523,WUG,JLO,2,red,enemy,range01_frame_000135.png,67.0,"#523[WUG]が#511[JLO]領有中のLv.2都市 #511(249,649)を攻撃し、陣営のために破壊宝箱×5を勝ち取りました"
#480,d-12,549,349,2026-5-27 20:23:2,#440,GcC,WbW,3,blue,ally,range01_frame_000136.png,67.0,"#440[GcC]が#480[WbW]領有中のLv.3都市 #480(549,349)を攻撃し、陣営のために破壊宝箱×10を勝ち取りました"
#511,g-6,249,649,2026-5-27 20:25:5,#523,WUG,JLO,2,red,enemy,range01_frame_000136.png,67.0,"#523[WUG]が#511[JLO]領有中のLv.2都市 #511(249,649)を攻撃し、陣営のために破壊宝箱×5を勝ち取りました"
#511,g-20,949,649,2026-5-27 20:??:??,#480,CDf8,,1,red,enemy,range01_frame_000136.png,67.0,"#480[CDf8]が#511領有中のLv.1都市 #511(949,649)を攻撃し、陣営のために破壊宝箱×2を勝ち取りました"
#511,e-8,349,449,2026-5-27 20:23:11,#523,WUG,JLO,3,red,enemy,range01_frame_000137.png,68.0,"#523[WUG]が#511[JLO]領有中のLv.3都市#511(349,449)を攻撃し、陣営のために破壊宝箱×10を勝ち取りました"
#509,i-16,749,849,2026-5-27 20:23:18,#503,UMN,OTT,1,red,enemy,range01_frame_000137.png,68.0,"#503[UMN]が#509[OTT]領有中のLv.1都市#509(749,849)を攻撃し、陣営のために破壊宝箱×2を勝ち取りました"
#480,d-12,549,349,2026-5-27 20:23:2?,#440,Gcc,WbW,3,blue,ally,range01_frame_000137.png,68.0,"#440[Gcc]が#480[WbW]領有中のLv.3都市#480(549,349)を攻撃し、陣営のために破壊宝箱×10を勝ち取りました"
#511,g-6,249,649,2026-5-27 20:25:5?,#523,WUG,JLO,2,red,enemy,range01_frame_000137.png,68.0,"#523[WUG]が#511[JLO]領有中のLv.2都市#511(249,649)を攻撃し、陣営のために破壊宝箱×5を勝ち取りました"
#511,g-20,949,649,2026-5-30 00:08:1?,#480,CDf8,,1,red,enemy,range01_frame_000137.png,68.0,"#480[CDf8]が#511領有中のLv.1都市#511(949,649)を攻撃し、陣営のために破壊宝箱×2を勝ち取りました"
#509,i-16,749,849,2026-5-27 20:23:18,#503,UMN,OTT,1,red,enemy,range01_frame_000138.png,68.0,"#503[UMN]が#509[OTT]領有中のLv.1都市#509(749,849)を攻撃し、陣営のために破壊宝箱×2を勝ち取りました"
#480,d-12,549,349,2026-5-27 20:23:2?,#440,Gcc,WbW,3,blue,ally,range01_frame_000138.png,68.0,"#440[Gcc]が#480[WbW]領有中のLv.3都市#480(549,349)を攻撃し、陣営のために破壊宝箱×10を勝ち取りました"
#511,g-6,249,649,2026-5-27 20:25:5?,#523,WUG,JLO,2,red,enemy,range01_frame_000138.png,68.0,"#523[WUG]が#511[JLO]領有中のLv.2都市#511(249,649)を攻撃し、陣営のために破壊宝箱×5を勝ち取りました"
#511,g-20,949,649,2026-5-30 00:08:1?,#480,CDf8,,1,red,enemy,range01_frame_000138.png,68.0,"#480[CDf8]が#511領有中のLv.1都市#511(949,649)を攻撃し、陣営のために破壊宝箱×2を勝ち取りました"
#509,c-8,349,249,2026-5-30 00:08:1?,#476,476d,VEX,2,red,enemy,range01_frame_000138.png,68.0,"#476[476d]が#509[VEX]領有中のLv.2都市#509(349,249)を攻撃し、陣営のために破壊宝箱×5を勝ち取りました"
#509,i-16,749,849,2026-5-27 20:23:1,#503,UMN,OTT,1,red,enemy,range01_frame_000139.png,69.0,"#503[UMN]が#509[OTT]領有中のLv.1都市 #509(749,849)を攻撃し、陣営のために破壊宝箱×2を勝ち取りました"
#480,d-12,549,349,2026-5-27 20:23:1,#440,GcC,WbW,3,blue,ally,range01_frame_000139.png,69.0,"#440[GcC]が#480[WbW]領有中のLv.3都市 #480(549,349)を攻撃し、陣営のために破壊宝箱×10を勝ち取りました"
#511,g-6,249,649,2026-5-27 20:25:5,#523,WUG,JL0,2,red,enemy,range01_frame_000139.png,69.0,"#523[WUG]が#511[JL0]領有中のLv.2都市 #511(249,649)を攻撃し、陣営のために破壊宝箱×5を勝ち取りました"
#511,g-20,949,649,2026-5-30 00:08:1,#480,CDf8,,1,red,enemy,range01_frame_000139.png,69.0,"#480[CDf8]が#511領有中のLv.1都市 #511(949,649)を攻撃し、陣営のために破壊宝箱×2を勝ち取りました"
#509,c-8,349,249,2026-5-30 04:02:3,#476,476d,VEX,2,red,enemy,range01_frame_000139.png,69.0,"#476[476d]が#509[VEX]領有中のLv.2都市 #509(349,249)を攻撃し、陣営のために破壊宝箱×5を勝ち取りました"
#509,i-16,749,849,2026-5-27 20:23:1,#503,UMN,OTT,1,red,enemy,range01_frame_000140.png,69.0,"#503[UMN]が#509[OTT]領有中のLv.1都市 #509(749,849)を攻撃し、陣営のために破壊宝箱×2を勝ち取りました"
#480,d-12,549,349,2026-5-27 20:23:2,#440,GcC,WbW,3,blue,ally,range01_frame_000140.png,69.0,"#440[GcC]が#480[WbW]領有中のLv.3都市 #480(549,349)を攻撃し、陣営のために破壊宝箱×10を勝ち取りました"
#511,g-6,249,649,2026-5-27 20:25:5,#523,WUG,JL0,2,red,enemy,range01_frame_000140.png,69.0,"#523[WUG]が#511[JL0]領有中のLv.2都市 #511(249,649)を攻撃し、陣営のために破壊宝箱×5を勝ち取りました"
#511,g-20,949,649,2026-5-30 00:08:1,#480,CDf8,,1,red,enemy,range01_frame_000140.png,69.0,"#480[CDf8]が#511領有中のLv.1都市 #511(949,649)を攻撃し、陣営のために破壊宝箱×2を勝ち取りました"
#509,c-8,349,249,2026-5-30 04:02:3,#476,476d,VEX,2,red,enemy,range01_frame_000140.png,69.0,"#476[476d]が#509[VEX]領有中のLv.2都市 #509(349,249)を攻撃し、陣営のために破壊宝箱×5を勝ち取りました"
#509,i-16,749,849,2026-5-27 20:23:19,#503,UMN,UTT,1,red,enemy,range01_frame_000141.png,70.0,"#503[UMN]が#509[UTT]領有中のLv.1都市 #509(749,849)を攻撃し、陣営のために破壊宝箱×2を勝ち取りました"
#480,d-12,549,349,2026-5-27 20:23:2,#440,GcC,WbW,3,blue,ally,range01_frame_000141.png,70.0,"#440[GcC]が#480[WbW]領有中のLv.3都市 #480(549,349)を攻撃し、陣営のために破壊宝箱×10を勝ち取りました"
#511,g-6,249,649,2026-5-27 20:25:5,#523,WUG,JLO,2,red,enemy,range01_frame_000141.png,70.0,"#523[WUG]が#511[JLO]領有中のLv.2都市 #511(249,649)を攻撃し、陣営のために破壊宝箱×5を勝ち取りました"
#511,g-20,949,649,2026-5-30 00:08:1,#480,CDf8,,1,red,enemy,range01_frame_000141.png,70.0,"#480[CDf8]が#511領有中のLv.1都市 #511(949,649)を攻撃し、陣営のために破壊宝箱×2を勝ち取りました"
#509,c-8,349,249,2026-5-30 04:02:3,#476,476d,VEX,2,red,enemy,range01_frame_000141.png,70.0,"#476[476d]が#509[VEX]領有中のLv.2都市 #509(349,249)を攻撃し、陣営のために破壊宝箱×5を勝ち取りました"
#509,i-16,749,849,2026-5-27 20:23:19,#503,UMN,UTT,1,red,enemy,range01_frame_000142.png,70.0,"#503[UMN]が#509[UTT]領有中のLv.1都市 #509(749,849)を攻撃し、陣営のために破壊宝箱×2を勝ち取りました"
#480,d-12,549,349,2026-5-27 20:23:2,#440,GcC,WbW,3,blue,ally,range01_frame_000142.png,70.0,"#440[GcC]が#480[WbW]領有中のLv.3都市 #480(549,349)を攻撃し、陣営のために破壊宝箱×10を勝ち取りました"
#511,g-6,249,649,2026-5-27 20:25:5,#523,WUG,JLO,2,red,enemy,range01_frame_000142.png,70.0,"#523[WUG]が#511[JLO]領有中のLv.2都市 #511(249,649)を攻撃し、陣営のために破壊宝箱×5を勝ち取りました"
#511,g-20,949,649,2026-5-30 00:08:1,#480,CDf8,,1,red,enemy,range01_frame_000142.png,70.0,"#480[CDf8]が#511領有中のLv.1都市 #511(949,649)を攻撃し、陣営のために破壊宝箱×2を勝ち取りました"
#509,c-8,349,249,2026-5-30 04:02:3,#476,476d,VEX,2,red,enemy,range01_frame_000142.png,70.0,"#476[476d]が#509[VEX]領有中のLv.2都市 #509(349,249)を攻撃し、陣営のために破壊宝箱×5を勝ち取りました"
#480,d-12,549,349,2026-5-27 20:23:1?,#440,GcC,WbU,3,blue,ally,range01_frame_000143.png,71.0,"#440[GcC]が#480[WbU]領有中のLv.3都市 #480(549,349)を攻撃し、陣営のために破壊宝箱×10を勝ち取りました"
#511,g-6,249,649,2026-5-27 20:25:5?,#523,WUG,LLO,2,red,enemy,range01_frame_000143.png,71.0,"#523[WUG]が#511[LLO]領有中のLv.2都市 #511(249,649)を攻撃し、陣営のために破壊宝箱×5を勝ち取りました"
#511,g-20,949,649,2026-5-30 00:08:1?,#480,CDf8,,1,red,enemy,range01_frame_000143.png,71.0,"#480[CDf8]が#511領有中のLv.1都市 #511(949,649)を攻撃し、陣営のために破壊宝箱×2を勝ち取りました"
#509,c-8,349,249,2026-5-30 04:02:3?,#476,476d,VEX,2,red,enemy,range01_frame_000143.png,71.0,"#476[476d]が#509[VEX]領有中のLv.2都市 #509(349,249)を攻撃し、陣営のために破壊宝箱×5を勝ち取りました"
#480,e-6,249,449,2026-5-30 04:03:4?,#440,GoDs,TkTk,2,blue,ally,range01_frame_000143.png,71.0,"#440[GoDs]が#480[TkTk]領有中のLv.2都市 #480(249,449)を攻撃し、陣営のために破壊宝箱×5を勝ち取りました"
#511,a-4,149,49,2026-5-30 ??:??:??,#523,u3o,SVh,1,red,enemy,range01_frame_000143.png,71.0,"#523[u3o]が#511[SVh]領有中のLv.1都市 #511(149,49)を攻撃し、陣営のために破壊宝箱を勝ち取りました"
#511,g-6,249,649,2026-5-27 20:25:5,#523,WUG,JLO,2,red,enemy,range01_frame_000145.png,72.0,"#523[WUG]が#511[JLO]領有中のLv.2都市#511(249,649)を攻撃し、陣営のために破壊宝箱×5を勝ち取りました"
#511,g-20,949,649,2026-5-30 00:08:1,#480,CDf8,,1,red,enemy,range01_frame_000145.png,72.0,"#480[CDf8]が#511領有中のLv.1都市#511(949,649)を攻撃し、陣営のために破壊宝箱×2を勝ち取りました"
#509,c-8,349,249,2026-5-30 04:02:3,#476,476d,VEX,2,red,enemy,range01_frame_000145.png,72.0,"#476[476d]が#509[VEX]領有中のLv.2都市#509(349,249)を攻撃し、陣営のために破壊宝箱×5を勝ち取りました"
#480,e-6,249,449,2026-5-30 04:03:4,#440,GoDs,TkTk,2,blue,ally,range01_frame_000145.png,72.0,"#440[GoDs]が#480[TkTk]領有中のLv.2都市#480(249,449)を攻撃し、陣営のために破壊宝箱×5を勝ち取りました"
#511,a-4,149,49,2026-5-30 04:07:4,#523,u3o,SVh,1,red,enemy,range01_frame_000145.png,72.0,"#523[u3o]が#511[SVh]領有中のLv.1都市#511(149,49)を攻撃し、陣営のために破壊宝箱×2を勝ち取りました"
#511,g-20,949,649,2026-5-30 00:08:1,#480,CDf8,,1,red,enemy,range01_frame_000146.png,72.0,"#480[CDf8]が#511領有中のLv.1都市#511(949,649)を攻撃し、陣営のために破壊宝箱×2を勝ち取りました"
#509,c-8,349,249,2026-5-30 04:02:3,#476,476d,VEX,2,red,enemy,range01_frame_000146.png,72.0,"#476[476d]が#509[VEX]領有中のLv.2都市#509(349,249)を攻撃し、陣営のために破壊宝箱×5を勝ち取りました"
#480,e-6,249,449,2026-5-30 04:03:4,#440,GoDs,TkTk,2,blue,ally,range01_frame_000146.png,72.0,"#440[GoDs]が#480[TkTk]領有中のLv.2都市#480(249,449)を攻撃し、陣営のために破壊宝箱×5を勝ち取りました"
#511,a-4,149,49,2026-5-30 04:07:4,#523,u3o,SVh,1,red,enemy,range01_frame_000146.png,72.0,"#523[u3o]が#511[SVh]領有中のLv.1都市#511(149,49)を攻撃し、陣営のために破壊宝箱×2を勝ち取りました"
#511,g-8,349,649,2026-5-30 04:11:0,#523,WUG,JLO,3,red,enemy,range01_frame_000146.png,72.0,"#523[WUG]が#511[JLO]領有中のLv.3都市#511(349,649)を攻撃し、陣営のために破壊宝箱×10を勝ち取りました"
#509,c-8,349,249,2026-5-30 00:08:1,#476,476d,VEX,2,red,enemy,range01_frame_000147.png,73.0,"#476[476d]が#509[VEX]領有中のLv.2都市 #509(349,249)を攻撃し、陣営のために破壊宝箱×5を勝ち取りました"
#480,e-6,249,449,2026-5-30 04:02:3,#440,GoDs,TkTk,2,blue,ally,range01_frame_000147.png,73.0,"#440[GoDs]が#480[TkTk]領有中のLv.2都市 #480(249,449)を攻撃し、陣営のために破壊宝箱×5を勝ち取りました"
#511,a-4,149,49,2026-5-30 04:07:4,#523,u3o,SVh,1,red,enemy,range01_frame_000147.png,73.0,"#523[u3o]が#511[SVh]領有中のLv.1都市 #511(149,49)を攻撃し、陣営のために破壊宝箱×2を勝ち取りました"
#511,g-8,349,649,2026-5-30 04:11:0,#523,WUG,JLO,3,red,enemy,range01_frame_000147.png,73.0,"#523[WUG]が#511[JLO]領有中のLv.3都市 #511(349,649)を攻撃し、陣営のために破壊宝箱×10を勝ち取りました"
#509,b-16,749,149,2026-5-30 04:31:1,#503,one,OWM,1,red,enemy,range01_frame_000147.png,73.0,"#503[one]が#509[OWM]領有中のLv.1都市 #509(749,149)を攻撃し、陣営のために破壊宝箱×2を勝ち取りました"
#509,c-8,349,249,2026-5-30 04:02:3,#476,476d,VEX,2,red,enemy,range01_frame_000148.png,73.0,"#476[476d]が#509[VEX]領有中のLv.2都市 #509(349,249)を攻撃し、陣営のために破壊宝箱×5を勝ち取りました"
#480,e-6,249,449,2026-5-30 04:03:4,#440,GoDs,TkTk,2,blue,ally,range01_frame_000148.png,73.0,"#440[GoDs]が#480[TkTk]領有中のLv.2都市 #480(249,449)を攻撃し、陣営のために破壊宝箱×5を勝ち取りました"
#511,a-4,149,49,2026-5-30 04:07:4,#523,u3o,SVh,1,red,enemy,range01_frame_000148.png,73.0,"#523[u3o]が#511[SVh]領有中のLv.1都市 #511(149,49)を攻撃し、陣営のために破壊宝箱×2を勝ち取りました"
#511,g-8,349,649,2026-5-30 04:11:0,#523,WUG,JLO,3,red,enemy,range01_frame_000148.png,73.0,"#523[WUG]が#511[JLO]領有中のLv.3都市 #511(349,649)を攻撃し、陣営のために破壊宝箱×10を勝ち取りました"
#509,b-16,749,149,2026-5-30 04:31:1,#503,one,OWM,1,red,enemy,range01_frame_000148.png,73.0,"#503[one]が#509[OWM]領有中のLv.1都市 #509(749,149)を攻撃し、陣営のために破壊宝箱×2を勝ち取りました"
#480,e-6,249,449,2026-5-30 04:03:40,#440,GoDs,TkTk,2,blue,ally,range01_frame_000149.png,74.0,"#440[GoDs]が#480[TkTk]領有中のLv.2都市 #480(249,449)を攻撃し、陣営のために破壊宝箱×5を勝ち取りました"
#511,a-4,149,49,2026-5-30 04:07:40,#523,u3o,SVh,1,red,enemy,range01_frame_000149.png,74.0,"#523[u3o]が#511[SVh]領有中のLv.1都市 #511(149,49)を攻撃し、陣営のために破壊宝箱×2を勝ち取りました"
#511,g-8,349,649,2026-5-30 04:11:00,#523,WUG,JLO,3,red,enemy,range01_frame_000149.png,74.0,"#523[WUG]が#511[JLO]領有中のLv.3都市 #511(349,649)を攻撃し、陣営のために破壊宝箱×10を勝ち取りました"
#509,b-16,749,149,2026-5-30 04:31:10,#503,one,OUM,1,red,enemy,range01_frame_000149.png,74.0,"#503[one]が#509[OUM]領有中のLv.1都市 #509(749,149)を攻撃し、陣営のために破壊宝箱×2を勝ち取りました"
#480,e-6,249,449,2026-5-30 04:03:40,#440,GoDs,TkTk,2,blue,ally,range01_frame_000150.png,74.0,"#440[GoDs]が#480[TkTk]領有中のLv.2都市 #480(249,449)を攻撃し、陣営のために破壊宝箱×5を勝ち取りました"
#511,a-4,149,49,2026-5-30 04:07:40,#523,u3o,SVh,1,red,enemy,range01_frame_000150.png,74.0,"#523[u3o]が#511[SVh]領有中のLv.1都市 #511(149,49)を攻撃し、陣営のために破壊宝箱×2を勝ち取りました"
#511,g-8,349,649,2026-5-30 04:11:00,#523,WUG,JLO,3,red,enemy,range01_frame_000150.png,74.0,"#523[WUG]が#511[JLO]領有中のLv.3都市 #511(349,649)を攻撃し、陣営のために破壊宝箱×10を勝ち取りました"
#509,b-16,749,149,2026-5-30 04:31:10,#503,one,OUM,1,red,enemy,range01_frame_000150.png,74.0,"#503[one]が#509[OUM]領有中のLv.1都市 #509(749,149)を攻撃し、陣営のために破壊宝箱×2を勝ち取りました"
#509,h-8,349,749,2026-5-30 04:43:10,#503,fzn,BHE,2,red,enemy,range01_frame_000150.png,74.0,"#503[fzn]が#509[BHE]領有中のLv.2都市 #509(349,749)を攻撃し、陣営のために破壊宝箱×5を勝ち取りました"
#480,e-6,249,449,2026-5-30 04:03:4,#440,GoDs,TkTk,2,blue,ally,range01_frame_000151.png,75.0,"#440[GoDs]が#480[TkTk]領有中のLv.2都市 #480(249,449)を攻撃し、陣営のために破壊宝箱×5を勝ち取りました"
#511,a-4,149,49,2026-5-30 04:07:4,#523,u3o,SVh,1,red,enemy,range01_frame_000151.png,75.0,"#523[u3o]が#511[SVh]領有中のLv.1都市 #511(149,49)を攻撃し、陣営のために破壊宝箱×2を勝ち取りました"
#511,g-8,349,649,2026-5-30 04:11:0,#523,WUG,JL0,3,red,enemy,range01_frame_000151.png,75.0,"#523[WUG]が#511[JL0]領有中のLv.3都市 #511(349,649)を攻撃し、陣営のために破壊宝箱×10を勝ち取りました"
#509,b-16,749,149,2026-5-30 04:31:1,#503,one,OUM,1,red,enemy,range01_frame_000151.png,75.0,"#503[one]が#509[OUM]領有中のLv.1都市 #509(749,149)を攻撃し、陣営のために破壊宝箱×2を勝ち取りました"
#509,h-8,349,749,2026-5-30 04:43:1,#503,fzn,BHE,2,red,enemy,range01_frame_000151.png,75.0,"#503[fzn]が#509[BHE]領有中のLv.2都市 #509(349,749)を攻撃し、陣営のために破壊宝箱×5を勝ち取りました"
#480,e-6,249,449,2026-5-30 04:03:4,#440,GoDs,TkTk,2,blue,ally,range01_frame_000152.png,75.0,"#440[GoDs]が#480[TkTk]領有中のLv.2都市 #480(249,449)を攻撃し、陣営のために破壊宝箱×5を勝ち取りました"
#511,a-4,149,49,2026-5-30 04:07:4,#523,u3o,SVh,1,red,enemy,range01_frame_000152.png,75.0,"#523[u3o]が#511[SVh]領有中のLv.1都市 #511(149,49)を攻撃し、陣営のために破壊宝箱×2を勝ち取りました"
#511,g-8,349,649,2026-5-30 04:11:0,#523,WUG,JL0,3,red,enemy,range01_frame_000152.png,75.0,"#523[WUG]が#511[JL0]領有中のLv.3都市 #511(349,649)を攻撃し、陣営のために破壊宝箱×10を勝ち取りました"
#509,b-16,749,149,2026-5-30 04:31:1,#503,one,OUM,1,red,enemy,range01_frame_000152.png,75.0,"#503[one]が#509[OUM]領有中のLv.1都市 #509(749,149)を攻撃し、陣営のために破壊宝箱×2を勝ち取りました"
#509,h-8,349,749,2026-5-30 04:43:1,#503,fzn,BHE,2,red,enemy,range01_frame_000152.png,75.0,"#503[fzn]が#509[BHE]領有中のLv.2都市 #509(349,749)を攻撃し、陣営のために破壊宝箱×5を勝ち取りました"
#511,a-4,149,49,2026-5-30 04:07:40,#523,u3o,SVh,1,red,enemy,range01_frame_000153.png,76.0,"#523[u3o]が#511[SVh]領有中のLv.1都市#511(149,49)を攻撃し、陣営のために破壊宝箱×2を勝ち取りました"
#511,g-8,349,649,2026-5-30 04:11:00,#523,WUG,JL0,3,red,enemy,range01_frame_000153.png,76.0,"#523[WUG]が#511[JL0]領有中のLv.3都市#511(349,649)を攻撃し、陣営のために破壊宝箱×10を勝ち取りました"
#509,b-16,749,149,2026-5-30 04:31:10,#503,one,OUM,1,red,enemy,range01_frame_000153.png,76.0,"#503[one]が#509[OUM]領有中のLv.1都市#509(749,149)を攻撃し、陣営のために破壊宝箱×2を勝ち取りました"
#509,h-8,349,749,2026-5-30 04:43:10,#503,fzn,BHE,2,red,enemy,range01_frame_000153.png,76.0,"#503[fzn]が#509[BHE]領有中のLv.2都市#509(349,749)を攻撃し、陣営のために破壊宝箱×5を勝ち取りました"
#511,a-12,549,49,2026-5-30 04:48:10,#523,K4TR,,1,red,enemy,range01_frame_000153.png,76.0,"#523[K4TR]が#511領有中のLv.1都市#511(549,49)を攻撃し、陣営のために破壊宝箱×2を勝ち取りました"
#511,a-12,549,49,2026-5-30 04:48:10,#523,K4TR,,1,red,enemy,range01_frame_000154.png,76.0,"#523[K4TR]が#511領有中のLv.1都市#511(549,49)を攻撃し、陣営のために破壊宝箱×2を勝ち取りました"
#509,c-12,549,249,2026-5-30 04:53:10,#476,476d,VEX,2,red,enemy,range01_frame_000154.png,76.0,"#476[476d]が#509[VEX]領有中のLv.2都市#509(549,249)を攻撃し、陣営のために破壊宝箱×?を勝ち取りました"
#511,g-8,349,649,2026-5-30 04:11:00,#523,UUG,JLO,3,red,enemy,range01_frame_000155.png,77.0,"#523[UUG]が#511[JLO]領有中のLv.3都市#511(349,649)を攻撃し、陣営のために破壊宝箱×10を勝ち取りました"
#509,b-16,749,149,2026-5-30 04:31:10,#503,one,OUM,1,red,enemy,range01_frame_000155.png,77.0,"#503[one]が#509[OUM]領有中のLv.1都市#509(749,149)を攻撃し、陣営のために破壊宝箱×2を勝ち取りました"
#509,h-8,349,749,2026-5-30 04:43:10,#503,fzn,BHE,2,red,enemy,range01_frame_000155.png,77.0,"#503[fzn]が#509[BHE]領有中のLv.2都市#509(349,749)を攻撃し、陣営のために破壊宝箱×5を勝ち取りました"
#511,a-12,549,49,2026-5-30 04:48:10,#523,K4TR,,1,red,enemy,range01_frame_000155.png,77.0,"#523[K4TR]が#511領有中のLv.1都市#511(549,49)を攻撃し、陣営のために破壊宝箱×2を勝ち取りました"
#509,c-12,549,249,2026-5-30 12:01:40,#476,476d,VEX,2,red,enemy,range01_frame_000155.png,77.0,"#476[476d]が#509[VEX]領有中のLv.2都市#509(549,249)を攻撃し、陣営のために破壊宝箱×5を勝ち取りました"
#509,b-16,749,149,2026-5-30 04:31:10,#503,one,OUM,1,red,enemy,range01_frame_000156.png,77.0,"#503[one]が#509[OUM]領有中のLv.1都市#509(749,149)を攻撃し、陣営のために破壊宝箱×2を勝ち取りました"
#509,h-8,349,749,2026-5-30 04:43:10,#503,fzn,BHE,2,red,enemy,range01_frame_000156.png,77.0,"#503[fzn]が#509[BHE]領有中のLv.2都市#509(349,749)を攻撃し、陣営のために破壊宝箱×5を勝ち取りました"
#511,a-12,549,49,2026-5-30 04:48:10,#523,K4TR,,1,red,enemy,range01_frame_000156.png,77.0,"#523[K4TR]が#511領有中のLv.1都市#511(549,49)を攻撃し、陣営のために破壊宝箱×2を勝ち取りました"
#509,c-12,549,249,2026-5-30 12:01:40,#476,476d,VEX,2,red,enemy,range01_frame_000156.png,77.0,"#476[476d]が#509[VEX]領有中のLv.2都市#509(549,249)を攻撃し、陣営のために破壊宝箱×5を勝ち取りました"
#480,e-14,649,449,2026-5-30 12:02:10,#509,SsQ,CDf8,3,blue,ally,range01_frame_000156.png,77.0,"#509[SsQ]が#480[CDf8]領有中のLv.3都市#480(649,449)を攻撃し、陣営のために破壊宝箱×10を勝ち取りました"
#509,h-8,349,749,2026-5-30 04:43:1,#503,fzn,BHE,2,red,enemy,range01_frame_000157.png,78.0,"#503[fzn]が#509[BHE]領有中のLv.2都市#509(349,749)を攻撃し、陣営のために破壊宝箱×5を勝ち取りました"
#511,a-12,549,49,2026-5-30 04:48:1,#523,K4TR,,1,red,enemy,range01_frame_000157.png,78.0,"#523[K4TR]が#511領有中のLv.1都市#511(549,49)を攻撃し、陣営のために破壊宝箱×2を勝ち取りました"
#509,c-12,549,249,2026-5-30 12:01:4,#476,476d,VEX,2,red,enemy,range01_frame_000157.png,78.0,"#476[476d]が#509[VEX]領有中のLv.2都市#509(549,249)を攻撃し、陣営のために破壊宝箱×5を勝ち取りました"
#480,e-14,649,449,2026-5-30 12:02:1,#509,SsQ,CDf8,3,blue,ally,range01_frame_000157.png,78.0,"#509[SsQ]が#480[CDf8]領有中のLv.3都市#480(649,449)を攻撃し、陣営のために破壊宝箱×10を勝ち取りました"
#534,d-8,349,349,2026-5-30 12:03:0,#476,476C,4tH,3,red,enemy,range01_frame_000157.png,78.0,"#476[476C]が#534[4tH]領有中のLv.3都市#534(349,349)を攻撃し、陣営のために破壊宝箱×10を勝ち取りました"
#509,h-8,349,749,2026-5-30 04:43:1,#503,fzn,BHE,2,red,enemy,range01_frame_000158.png,78.0,"#503[fzn]が#509[BHE]領有中のLv.2都市#509(349,749)を攻撃し、陣営のために破壊宝箱×5を勝ち取りました"
#511,a-12,549,49,2026-5-30 04:48:1,#523,K4TR,,1,red,enemy,range01_frame_000158.png,78.0,"#523[K4TR]が#511領有中のLv.1都市#511(549,49)を攻撃し、陣営のために破壊宝箱×2を勝ち取りました"
#509,c-12,549,249,2026-5-30 12:01:4,#476,476d,VEX,2,red,enemy,range01_frame_000158.png,78.0,"#476[476d]が#509[VEX]領有中のLv.2都市#509(549,249)を攻撃し、陣営のために破壊宝箱×5を勝ち取りました"
#480,e-14,649,449,2026-5-30 12:02:1,#509,SsQ,CDf8,3,blue,ally,range01_frame_000158.png,78.0,"#509[SsQ]が#480[CDf8]領有中のLv.3都市#480(649,449)を攻撃し、陣営のために破壊宝箱×10を勝ち取りました"
#534,d-8,349,349,2026-5-30 12:03:0,#476,476C,4tH,3,red,enemy,range01_frame_000158.png,78.0,"#476[476C]が#534[4tH]領有中のLv.3都市#534(349,349)を攻撃し、陣営のために破壊宝箱×10を勝ち取りました"
#509,h-8,349,749,2026-5-30 04:43:10,#503,fzn,BHE,2,red,enemy,range01_frame_000159.png,79.0,"#503[fzn]が#509[BHE]領有中のLv.2都市 #509(349,749)を攻撃し、陣営のために破壊宝箱×5を勝ち取りました"
#511,a-12,549,49,2026-5-30 04:48:10,#523,K4TR,,1,red,enemy,range01_frame_000159.png,79.0,"#523[K4TR]が#511領有中のLv.1都市 #511(549,49)を攻撃し、陣営のために破壊宝箱×2を勝ち取りました"
#509,c-12,549,249,2026-5-30 12:01:48,#476,476d,VEX,2,red,enemy,range01_frame_000159.png,79.0,"#476[476d]が#509[VEX]領有中のLv.2都市 #509(549,249)を攻撃し、陣営のために破壊宝箱×5を勝ち取りました"
#480,e-14,649,449,2026-5-30 12:02:19,#509,SsQ,CDf8,3,blue,ally,range01_frame_000159.png,79.0,"#509[SsQ]が#480[CDf8]領有中のLv.3都市 #480(649,449)を攻撃し、陣営のために破壊宝箱×10を勝ち取りました"
#534,d-8,349,349,2026-5-30 12:03:0,#476,476C,4tH,3,red,enemy,range01_frame_000159.png,79.0,"#476[476C]が#534[4tH]領有中のLv.3都市 #534(349,349)を攻撃し、陣営のために破壊宝箱×10を勝ち取りました"
#509,h-12,549,749,2026-5-30 04:43:10,#553,IZN,BHE,2,red,enemy,range01_frame_000161.png,80.0,"#553[IZN]が#509[BHE]領有中のLv.2都市 #509(549,749)を攻撃し、陣営のために破壊宝箱×5を勝ち取りました"
#511,a-12,549,49,2026-5-30 04:48:10,#523,K4TR,,1,red,enemy,range01_frame_000161.png,80.0,"#523[K4TR]が#511領有中のLv.1都市 #511(549,49)を攻撃し、陣営のために破壊宝箱×2を勝ち取りました"
#509,c-12,549,249,2026-5-30 12:01:48,#476,476d,VEX,2,red,enemy,range01_frame_000161.png,80.0,"#476[476d]が#509[VEX]領有中のLv.2都市 #509(549,249)を攻撃し、陣営のために破壊宝箱×5を勝ち取りました"
#480,e-14,649,449,2026-5-30 12:02:10,#509,SsQ,CDf8,3,blue,ally,range01_frame_000161.png,80.0,"#509[SsQ]が#480[CDf8]領有中のLv.3都市 #480(649,449)を攻撃し、陣営のために破壊宝箱×10を勝ち取りました"
#534,d-8,349,349,2026-5-30 12:03:0,#476,476C,4tH,3,red,enemy,range01_frame_000161.png,80.0,"#476[476C]が#534[4tH]領有中のLv.3都市 #534(349,349)を攻撃し、陣営のために破壊宝箱×10を勝ち取りました"
#511,a-12,549,49,2026-5-30 04:48:10,#523,K4TR,,1,red,enemy,range01_frame_000162.png,80.0,"#523[K4TR]が#511領有中のLv.1都市 #511(549,49)を攻撃し、陣営のために破壊宝箱×2を勝ち取りました"
#509,c-12,549,249,2026-5-30 12:01:48,#476,476d,VEX,2,red,enemy,range01_frame_000162.png,80.0,"#476[476d]が#509[VEX]領有中のLv.2都市 #509(549,249)を攻撃し、陣営のために破壊宝箱×5を勝ち取りました"
#480,e-14,649,449,2026-5-30 12:02:10,#509,SsQ,CDf8,3,blue,ally,range01_frame_000162.png,80.0,"#509[SsQ]が#480[CDf8]領有中のLv.3都市 #480(649,449)を攻撃し、陣営のために破壊宝箱×10を勝ち取りました"
#534,d-8,349,349,2026-5-30 12:03:0,#476,476C,4tH,3,red,enemy,range01_frame_000162.png,80.0,"#476[476C]が#534[4tH]領有中のLv.3都市 #534(349,349)を攻撃し、陣営のために破壊宝箱×10を勝ち取りました"
#534,e-14,649,449,2026-5-30 12:03:1,#476,476B,SHA,3,red,enemy,range01_frame_000162.png,80.0,"#476[476B]が#534[SHA]領有中のLv.3都市 #534(649,449)を攻撃し、陣営のために破壊宝箱×10を勝ち取りました"
#509,c-12,549,249,2026-5-30 04:48:18,#476,476d,VEX,2,red,enemy,range01_frame_000163.png,81.0,"#476[476d]が#509[VEX]領有中のLv.2都市 #509(549,249)を攻撃し、陣営のために破壊宝箱×5を勝ち取りました"
#480,e-14,649,449,2026-5-30 12:01:48,#509,SsQ,CDf8,3,blue,ally,range01_frame_000163.png,81.0,"#509[SsQ]が#480[CDf8]領有中のLv.3都市 #480(649,449)を攻撃し、陣営のために破壊宝箱×10を勝ち取りました"
#534,d-8,349,349,2026-5-30 12:03:01,#476,476C,4tH,3,red,enemy,range01_frame_000163.png,81.0,"#476[476C]が#534[4tH]領有中のLv.3都市 #534(349,349)を攻撃し、陣営のために破壊宝箱×10を勝ち取りました"
#534,e-14,649,449,2026-5-30 12:03:11,#476,476B,SHA,3,red,enemy,range01_frame_000163.png,81.0,"#476[476B]が#534[SHA]領有中のLv.3都市 #534(649,449)を攻撃し、陣営のために破壊宝箱×10を勝ち取りました"
#480,d-6,249,349,2026-5-30 12:03:41,#440,GoDs,WbW,2,blue,ally,range01_frame_000163.png,81.0,"#440[GoDs]が#480[WbW]領有中のLv.2都市 #480(249,349)を攻撃し、陣営のために破壊宝箱×5を勝ち取りました"
#480,e-14,649,449,2026-5-30 12:01:48,#509,SsQ,CDf8,3,blue,ally,range01_frame_000164.png,81.0,"#509[SsQ]が#480[CDf8]領有中のLv.3都市 #480(649,449)を攻撃し、陣営のために破壊宝箱×10を勝ち取りました"
#534,d-8,349,349,2026-5-30 12:03:01,#476,476C,4tH,3,red,enemy,range01_frame_000164.png,81.0,"#476[476C]が#534[4tH]領有中のLv.3都市 #534(349,349)を攻撃し、陣営のために破壊宝箱×10を勝ち取りました"
#534,e-14,649,449,2026-5-30 12:03:11,#476,476B,SHA,3,red,enemy,range01_frame_000164.png,81.0,"#476[476B]が#534[SHA]領有中のLv.3都市 #534(649,449)を攻撃し、陣営のために破壊宝箱×10を勝ち取りました"
#480,d-6,249,349,2026-5-30 12:03:41,#440,GoDs,WbW,2,blue,ally,range01_frame_000164.png,81.0,"#440[GoDs]が#480[WbW]領有中のLv.2都市 #480(249,349)を攻撃し、陣営のために破壊宝箱×5を勝ち取りました"
#511,h-16,749,749,2026-5-30 12:04:0,#476,476X,SVa,2,red,enemy,range01_frame_000164.png,81.0,"#476[476X]が#511[SVa]領有中のLv.2都市 #511(749,749)を攻撃し、陣営のために破壊宝箱×5を勝ち取りました"
#480,e-14,649,449,2026-5-30 12:02:10,#509,SsQ,CDf8,3,blue,ally,range01_frame_000165.png,82.0,"#509[SsQ]が#480[CDf8]領有中のLv.3都市 #480(649,449)を攻撃し、陣営のために破壊宝箱×10を勝ち取りました"
#534,d-8,349,349,2026-5-30 12:03:0,#476,476C,4tH,3,red,enemy,range01_frame_000165.png,82.0,"#476[476C]が#534[4tH]領有中のLv.3都市 #534(349,349)を攻撃し、陣営のために破壊宝箱×10を勝ち取りました"
#534,e-14,649,449,2026-5-30 12:03:1,#476,476B,SHA,3,red,enemy,range01_frame_000165.png,82.0,"#476[476B]が#534[SHA]領有中のLv.3都市 #534(649,449)を攻撃し、陣営のために破壊宝箱×10を勝ち取りました"
#480,d-6,249,349,2026-5-30 12:03:4,#440,GoDs,WbW,2,blue,ally,range01_frame_000165.png,82.0,"#440[GoDs]が#480[WbW]領有中のLv.2都市 #480(249,349)を攻撃し、陣営のために破壊宝箱×5を勝ち取りました"
#511,h-16,749,749,2026-5-30 12:03:5,#476,476X,SVa,2,red,enemy,range01_frame_000165.png,82.0,"#476[476X]が#511[SVa]領有中のLv.2都市 #511(749,749)を攻撃し、陣営のために破壊宝箱×5を勝ち取りました"
#509,c-14,649,249,2026-5-30 12:03:5,#503,GX99,SsQ,2,red,enemy,range01_frame_000166.png,82.0,"#503[GX99]が#509[SsQ]領有中のLv.2都市 #509(649,249)を攻撃し、陣営のために破壊宝箱×5を勝ち取りました"
#534,d-8,349,349,2026-5-30 12:03:0,#476,476C,4th,3,red,enemy,range01_frame_000167.png,83.0,"#476[476C]が#534[4th]領有中のLv.3都市 #534(349,349)を攻撃し、陣営のために破壊宝箱×10を勝ち取りました"
#534,e-14,649,449,2026-5-30 12:03:1,#476,476B,SHA,3,red,enemy,range01_frame_000167.png,83.0,"#476[476B]が#534[SHA]領有中のLv.3都市 #534(649,449)を攻撃し、陣営のために破壊宝箱×10を勝ち取りました"
#480,d-6,249,349,2026-5-30 12:03:4,#440,GoDs,WbW,2,blue,ally,range01_frame_000167.png,83.0,"#440[GoDs]が#480[WbW]領有中のLv.2都市 #480(249,349)を攻撃し、陣営のために破壊宝箱×5を勝ち取りました"
#511,h-16,749,749,2026-5-30 12:03:5,#476,476X,SVa,2,red,enemy,range01_frame_000167.png,83.0,"#476[476X]が#511[SVa]領有中のLv.2都市 #511(749,749)を攻撃し、陣営のために破壊宝箱×5を勝ち取りました"
#509,c-14,649,249,2026-5-30 12:04:1,#503,GX99,SsQ,2,red,enemy,range01_frame_000167.png,83.0,"#503[GX99]が#509[SsQ]領有中のLv.2都市 #509(649,249)を攻撃し、陣営のために破壊宝箱×5を勝ち取りました"
#534,e-14,649,449,2026-5-30 12:03:1,#476,476B,SHA,3,red,enemy,range01_frame_000168.png,83.0,"#476[476B]が#534[SHA]領有中のLv.3都市 #534(649,449)を攻撃し、陣営のために破壊宝箱×10を勝ち取りました"
#480,d-6,249,349,2026-5-30 12:03:4,#440,GoDs,WbW,2,blue,ally,range01_frame_000168.png,83.0,"#440[GoDs]が#480[WbW]領有中のLv.2都市 #480(249,349)を攻撃し、陣営のために破壊宝箱×5を勝ち取りました"
#511,h-16,749,749,2026-5-30 12:03:5,#476,476X,SVa,2,red,enemy,range01_frame_000168.png,83.0,"#476[476X]が#511[SVa]領有中のLv.2都市 #511(749,749)を攻撃し、陣営のために破壊宝箱×5を勝ち取りました"
#509,c-14,649,249,2026-5-30 12:04:1,#503,GX99,SsQ,2,red,enemy,range01_frame_000168.png,83.0,"#503[GX99]が#509[SsQ]領有中のLv.2都市 #509(649,249)を攻撃し、陣営のために破壊宝箱×5を勝ち取りました"
#480,d-12,549,349,2026-5-30 12:04:1,#509,SsQ,BgNa,3,blue,ally,range01_frame_000168.png,83.0,"#509[SsQ]が#480[BgNa]領有中のLv.3都市 #480(549,349)を攻撃し、陣営のために破壊宝箱×10を勝ち取りました"
#534,e-14,649,449,2026-5-30 12:03:1,#476,476B,SHA,3,red,enemy,range01_frame_000169.png,84.0,"#476[476B]が#534[SHA]領有中のLv.3都市 #534(649,449)を攻撃し、陣営のために破壊宝箱×10を勝ち取りました"
#480,d-6,249,349,2026-5-30 12:03:4,#440,GoDs,WbUW,2,blue,ally,range01_frame_000169.png,84.0,"#440[GoDs]が#480[WbUW]領有中のLv.2都市 #480(249,349)を攻撃し、陣営のために破壊宝箱×5を勝ち取りました"
#511,h-16,749,749,2026-5-30 12:03:5,#476,476X,SVa,2,red,enemy,range01_frame_000169.png,84.0,"#476[476X]が#511[SVa]領有中のLv.2都市 #511(749,749)を攻撃し、陣営のために破壊宝箱×5を勝ち取りました"
#509,c-14,649,249,2026-5-30 12:04:1,#503,GX99,SsQ,2,red,enemy,range01_frame_000169.png,84.0,"#503[GX99]が#509[SsQ]領有中のLv.2都市 #509(649,249)を攻撃し、陣営のために破壊宝箱×5を勝ち取りました"
#480,d-14,649,349,2026-5-30 12:04:5,#509,SsQ,BgNa,3,blue,ally,range01_frame_000169.png,84.0,"#509[SsQ]が#480[BgNa]領有中のLv.3都市 #480(649,349)を攻撃し、陣営のために破壊宝箱×10を勝ち取りました"
#534,e-14,649,449,2026-5-30 12:03:1,#476,476B,SHA,3,red,enemy,range01_frame_000170.png,84.0,"#476[476B]が#534[SHA]領有中のLv.3都市 #534(649,449)を攻撃し、陣営のために破壊宝箱×10を勝ち取りました"
#480,d-6,249,349,2026-5-30 12:03:4,#440,GoDs,WbUW,2,blue,ally,range01_frame_000170.png,84.0,"#440[GoDs]が#480[WbUW]領有中のLv.2都市 #480(249,349)を攻撃し、陣営のために破壊宝箱×5を勝ち取りました"
#511,h-16,749,749,2026-5-30 12:03:5,#476,476X,SVa,2,red,enemy,range01_frame_000170.png,84.0,"#476[476X]が#511[SVa]領有中のLv.2都市 #511(749,749)を攻撃し、陣営のために破壊宝箱×5を勝ち取りました"
#509,c-14,649,249,2026-5-30 12:04:1,#503,GX99,SsQ,2,red,enemy,range01_frame_000170.png,84.0,"#503[GX99]が#509[SsQ]領有中のLv.2都市 #509(649,249)を攻撃し、陣営のために破壊宝箱×5を勝ち取りました"
#480,d-14,649,349,2026-5-30 12:04:5,#509,SsQ,BgNa,3,blue,ally,range01_frame_000170.png,84.0,"#509[SsQ]が#480[BgNa]領有中のLv.3都市 #480(649,349)を攻撃し、陣営のために破壊宝箱×10を勝ち取りました"
#480,d-6,249,349,2026-5-30 12:03:4,#440,GoDs,WbW,2,blue,ally,range01_frame_000171.png,85.0,"#440[GoDs]が#480[WbW]領有中のLv.2都市 #480(249,349)を攻撃し、陣営のために破壊宝箱×5を勝ち取りました"
#511,h-16,749,749,2026-5-30 12:03:5,#476,476X,5Va,2,red,enemy,range01_frame_000171.png,85.0,"#476[476X]が#511[5Va]領有中のLv.2都市 #511(749,749)を攻撃し、陣営のために破壊宝箱×5を勝ち取りました"
#509,c-14,649,249,2026-5-30 12:04:1,#503,GX99,SsQ,2,red,enemy,range01_frame_000171.png,85.0,"#503[GX99]が#509[SsQ]領有中のLv.2都市 #509(649,249)を攻撃し、陣営のために破壊宝箱×5を勝ち取りました"
#480,d-14,649,349,2026-5-30 12:04:5,#509,SsQ,BgNa,3,blue,ally,range01_frame_000171.png,85.0,"#509[SsQ]が#480[BgNa]領有中のLv.3都市 #480(649,349)を攻撃し、陣営のために破壊宝箱×10を勝ち取りました"
#534,c-12,549,249,2026-5-30 12:04:5,#476,476C,JDX,2,red,enemy,range01_frame_000171.png,85.0,"#476[476C]が#534[JDX]領有中のLv.2都市 #534(549,249)を攻撃し、陣営のために破壊宝箱×5を勝ち取りました"
#511,h-16,749,749,2026-5-30 12:03:5,#476,476X,SVa,2,red,enemy,range01_frame_000173.png,86.0,"#476[476X]が#511[SVa]領有中のLv.2都市 #511(749,749)を攻撃し、陣営のために破壊宝箱×5を勝ち取りました"
#509,c-14,649,249,2026-5-30 12:04:1,#503,GX99,SsQ,2,red,enemy,range01_frame_000173.png,86.0,"#503[GX99]が#509[SsQ]領有中のLv.2都市 #509(649,249)を攻撃し、陣営のために破壊宝箱×5を勝ち取りました"
#480,d-14,649,349,2026-5-30 12:04:5,#509,SsQ,BgNa,3,blue,ally,range01_frame_000173.png,86.0,"#509[SsQ]が#480[BgNa]領有中のLv.3都市 #480(649,349)を攻撃し、陣営のために破壊宝箱×10を勝ち取りました"
#534,c-12,549,249,2026-5-30 12:04:5,#476,476C,JDX,2,red,enemy,range01_frame_000173.png,86.0,"#476[476C]が#534[JDX]領有中のLv.2都市 #534(549,249)を攻撃し、陣営のために破壊宝箱×5を勝ち取りました"
#509,e-14,649,449,2026-5-30 12:04:5,#503,Lghs,FHX,3,red,enemy,range01_frame_000173.png,86.0,"#503[Lghs]が#509[FHX]領有中のLv.3都市 #509(649,449)を攻撃し、陣営のために破壊宝箱×10を勝ち取りました"
#511,h-16,749,749,2026-5-30 12:03:5,#476,476X,SVa,2,red,enemy,range01_frame_000174.png,86.0,"#476[476X]が#511[SVa]領有中のLv.2都市 #511(749,749)を攻撃し、陣営のために破壊宝箱×5を勝ち取りました"
#509,c-14,649,249,2026-5-30 12:04:1,#503,GX99,SsQ,2,red,enemy,range01_frame_000174.png,86.0,"#503[GX99]が#509[SsQ]領有中のLv.2都市 #509(649,249)を攻撃し、陣営のために破壊宝箱×5を勝ち取りました"
#480,d-14,649,349,2026-5-30 12:04:5,#509,SsQ,BgNa,3,blue,ally,range01_frame_000174.png,86.0,"#509[SsQ]が#480[BgNa]領有中のLv.3都市 #480(649,349)を攻撃し、陣営のために破壊宝箱×10を勝ち取りました"
#534,c-12,549,249,2026-5-30 12:04:5,#476,476C,JDX,2,red,enemy,range01_frame_000174.png,86.0,"#476[476C]が#534[JDX]領有中のLv.2都市 #534(549,249)を攻撃し、陣営のために破壊宝箱×5を勝ち取りました"
#509,e-14,649,449,2026-5-30 12:04:5,#503,Lghs,FHX,3,red,enemy,range01_frame_000174.png,86.0,"#503[Lghs]が#509[FHX]領有中のLv.3都市 #509(649,449)を攻撃し、陣営のために破壊宝箱×10を勝ち取りました"
#509,c-14,649,249,2026-5-30 12:04:1,#503,GX99,SsQ,2,red,enemy,range01_frame_000175.png,87.0,"#503[GX99]が#509[SsQ]領有中のLv.2都市 #509(649,249)を攻撃し、陣営のために破壊宝箱×5を勝ち取りました"
#480,d-14,649,349,2026-5-30 12:04:5,#509,SsQ,BgNa,3,blue,ally,range01_frame_000175.png,87.0,"#509[SsQ]が#480[BgNa]領有中のLv.3都市 #480(649,349)を攻撃し、陣営のために破壊宝箱×10を勝ち取りました"
#534,c-12,549,249,2026-5-30 12:04:5,#476,476C,JDX,2,red,enemy,range01_frame_000175.png,87.0,"#476[476C]が#534[JDX]領有中のLv.2都市 #534(549,249)を攻撃し、陣営のために破壊宝箱×5を勝ち取りました"
#509,e-14,649,449,2026-5-30 12:04:5,#503,Lghs,FHX,3,red,enemy,range01_frame_000175.png,87.0,"#503[Lghs]が#509[FHX]領有中のLv.3都市 #509(649,449)を攻撃し、陣営のために破壊宝箱×10を勝ち取りました"
#509,i-8,349,849,2026-5-30 12:05:5,#503,fzn,OUM,1,red,enemy,range01_frame_000175.png,87.0,"#503[fzn]が#509[OUM]領有中のLv.1都市 #509(349,849)を攻撃し、陣営のために破壊宝箱×2を勝ち取りました"
#509,c-14,649,249,2026-5-30 12:04:1,#503,GX99,SsQ,2,red,enemy,range01_frame_000176.png,87.0,"#503[GX99]が#509[SsQ]領有中のLv.2都市 #509(649,249)を攻撃し、陣営のために破壊宝箱×5を勝ち取りました"
#480,d-14,649,349,2026-5-30 12:04:5,#509,SsQ,BgNa,3,blue,ally,range01_frame_000176.png,87.0,"#509[SsQ]が#480[BgNa]領有中のLv.3都市 #480(649,349)を攻撃し、陣営のために破壊宝箱×10を勝ち取りました"
#534,c-12,549,249,2026-5-30 12:04:5,#476,476C,JDX,2,red,enemy,range01_frame_000176.png,87.0,"#476[476C]が#534[JDX]領有中のLv.2都市 #534(549,249)を攻撃し、陣営のために破壊宝箱×5を勝ち取りました"
#509,e-14,649,449,2026-5-30 12:04:5,#503,Lghs,FHX,3,red,enemy,range01_frame_000176.png,87.0,"#503[Lghs]が#509[FHX]領有中のLv.3都市 #509(649,449)を攻撃し、陣営のために破壊宝箱×10を勝ち取りました"
#509,i-8,349,849,2026-5-30 12:05:5,#503,fzn,OUM,1,red,enemy,range01_frame_000176.png,87.0,"#503[fzn]が#509[OUM]領有中のLv.1都市 #509(349,849)を攻撃し、陣営のために破壊宝箱×2を勝ち取りました"
#534,c-12,549,249,2026-5-30 12:04:55,#476,476C,JDX,2,red,enemy,range01_frame_000177.png,88.0,"#476[476C]が#534[JDX]領有中のLv.2都市 #534(549,249)を攻撃し、陣営のために破壊宝箱×5を勝ち取りました"
#509,e-14,649,449,2026-5-30 12:04:59,#503,Lghs,FHX,3,red,enemy,range01_frame_000177.png,88.0,"#503[Lghs]が#509[FHX]領有中のLv.3都市 #509(649,449)を攻撃し、陣営のために破壊宝箱×10を勝ち取りました"
#509,i-8,349,849,2026-5-30 12:05:50,#503,fzn,OUM,1,red,enemy,range01_frame_000177.png,88.0,"#503[fzn]が#509[OUM]領有中のLv.1都市 #509(349,849)を攻撃し、陣営のために破壊宝箱×2を勝ち取りました"
#534,d-10,449,349,2026-5-30 12:05:50,#476,476B,SHA,3,red,enemy,range01_frame_000177.png,88.0,"#476[476B]が#534[SHA]領有中のLv.3都市 #534(449,349)を攻撃し、陣営のために破壊宝箱×10を勝ち取りました"
#534,c-12,549,249,2026-5-30 12:04:55,#476,476C,JDX,2,red,enemy,range01_frame_000178.png,88.0,"#476[476C]が#534[JDX]領有中のLv.2都市 #534(549,249)を攻撃し、陣営のために破壊宝箱×5を勝ち取りました"
#509,e-14,649,449,2026-5-30 12:04:59,#503,Lghs,FHX,3,red,enemy,range01_frame_000178.png,88.0,"#503[Lghs]が#509[FHX]領有中のLv.3都市 #509(649,449)を攻撃し、陣営のために破壊宝箱×10を勝ち取りました"
#509,i-8,349,849,2026-5-30 12:05:50,#503,fzn,OUM,1,red,enemy,range01_frame_000178.png,88.0,"#503[fzn]が#509[OUM]領有中のLv.1都市 #509(349,849)を攻撃し、陣営のために破壊宝箱×2を勝ち取りました"
#534,d-10,449,349,2026-5-30 12:05:50,#476,476B,SHA,3,red,enemy,range01_frame_000178.png,88.0,"#476[476B]が#534[SHA]領有中のLv.3都市 #534(449,349)を攻撃し、陣営のために破壊宝箱×10を勝ち取りました"
#534,c-12,549,249,2026-5-30 12:04:5,#476,476C,JDX,2,red,enemy,range01_frame_000179.png,89.0,"#476[476C]が#534[JDX]領有中のLv.2都市 #534(549,249)を攻撃し、陣営のために破壊宝箱×5を勝ち取りました"
#509,e-14,649,449,2026-5-30 12:04:5,#503,Lghs,FHX,3,red,enemy,range01_frame_000179.png,89.0,"#503[Lghs]が#509[FHX]領有中のLv.3都市 #509(649,449)を攻撃し、陣営のために破壊宝箱×10を勝ち取りました"
#509,i-8,349,849,2026-5-30 12:05:5,#503,fzn,OUM,1,red,enemy,range01_frame_000179.png,89.0,"#503[fzn]が#509[OUM]領有中のLv.1都市 #509(349,849)を攻撃し、陣営のために破壊宝箱×2を勝ち取りました"
#534,d-10,449,349,2026-5-30 12:07:0,#476,476B,SHA,3,red,enemy,range01_frame_000179.png,89.0,"#476[476B]が#534[SHA]領有中のLv.3都市 #534(449,349)を攻撃し、陣営のために破壊宝箱×10を勝ち取りました"
#534,c-12,549,249,2026-5-30 12:04:5,#476,476C,JDX,2,red,enemy,range01_frame_000180.png,89.0,"#476[476C]が#534[JDX]領有中のLv.2都市 #534(549,249)を攻撃し、陣営のために破壊宝箱×5を勝ち取りました"
#509,e-14,649,449,2026-5-30 12:04:5,#503,Lghs,FHX,3,red,enemy,range01_frame_000180.png,89.0,"#503[Lghs]が#509[FHX]領有中のLv.3都市 #509(649,449)を攻撃し、陣営のために破壊宝箱×10を勝ち取りました"
#509,i-8,349,849,2026-5-30 12:05:5,#503,fzn,OUM,1,red,enemy,range01_frame_000180.png,89.0,"#503[fzn]が#509[OUM]領有中のLv.1都市 #509(349,849)を攻撃し、陣営のために破壊宝箱×2を勝ち取りました"
#534,d-10,449,349,2026-5-30 12:07:0,#476,476B,SHA,3,red,enemy,range01_frame_000180.png,89.0,"#476[476B]が#534[SHA]領有中のLv.3都市 #534(449,349)を攻撃し、陣営のために破壊宝箱×10を勝ち取りました"
#509,h-4,149,749,2026-5-30 12:0,#503,xjR,BHE,1,red,enemy,range01_frame_000180.png,89.0,"#503[xjR]が#509[BHE]領有中のLv.1都市 #509(149,749)を攻撃し、陣営のために破壊宝箱×2を勝ち取りました"
#509,e-14,649,449,2026-5-30 12:04:50,#503,Lghs,FHX,3,red,enemy,range01_frame_000181.png,90.0,"#503[Lghs]が#509[FHX]領有中のLv.3都市 #509(649,449)を攻撃し、陣営のために破壊宝箱×10を勝ち取りました"
#509,i-8,349,849,2026-5-30 12:05:50,#503,fzn,OUM,1,red,enemy,range01_frame_000181.png,90.0,"#503[fzn]が#509[OUM]領有中のLv.1都市 #509(349,849)を攻撃し、陣営のために破壊宝箱×2を勝ち取りました"
#534,d-10,449,349,2026-5-30 12:07:00,#476,476B,SHA,3,red,enemy,range01_frame_000181.png,90.0,"#476[476B]が#534[SHA]領有中のLv.3都市 #534(449,349)を攻撃し、陣営のために破壊宝箱×10を勝ち取りました"
#509,h-4,149,749,2026-5-30 12:07:00,#503,xjR,BHE,1,red,enemy,range01_frame_000181.png,90.0,"#503[xjR]が#509[BHE]領有中のLv.1都市 #509(149,749)を攻撃し、陣営のために破壊宝箱×2を勝ち取りました"
#511,d-8,349,349,2026-5-30 12:08:00,#523,flrE,ZN7,3,red,enemy,range01_frame_000181.png,90.0,"#523[flrE]が#511[ZN7]領有中のLv.3都市 #511(349,349)を攻撃し、陣営のために破壊宝箱×10を勝ち取りました"
#509,i-8,349,849,2026-5-30 12:05:50,#503,fzn,OWM,1,red,enemy,range01_frame_000183.png,91.0,"#503[fzn]が#509[OWM]領有中のLv.1都市 #509(349,849)を攻撃し、陣営のために破壊宝箱×2を勝ち取りました"
#534,d-10,449,349,2026-5-30 12:07:0,#476,476B,SHA,3,red,enemy,range01_frame_000183.png,91.0,"#476[476B]が#534[SHA]領有中のLv.3都市 #534(449,349)を攻撃し、陣営のために破壊宝箱×10を勝ち取りました"
#509,h-4,149,749,2026-5-30 12:07:0,#503,xjR,BHE,1,red,enemy,range01_frame_000183.png,91.0,"#503[xjR]が#509[BHE]領有中のLv.1都市 #509(149,749)を攻撃し、陣営のために破壊宝箱×2を勝ち取りました"
#511,d-8,349,349,2026-5-30 12:08:0,#523,flrE,2N7,3,red,enemy,range01_frame_000183.png,91.0,"#523[flrE]が#511[2N7]領有中のLv.3都市 #511(349,349)を攻撃し、陣営のために破壊宝箱×10を勝ち取りました"
#480,c-10,449,249,2026-5-30 12:14:2,#440,GcC,BgNa,2,blue,ally,range01_frame_000183.png,91.0,"#440[GcC]が#480[BgNa]領有中のLv.2都市 #480(449,249)を攻撃し、陣営のために破壊宝箱×5を勝ち取りました"
#509,i-8,349,849,2026-5-30 12:05:50,#503,fzn,OWM,1,red,enemy,range01_frame_000184.png,91.0,"#503[fzn]が#509[OWM]領有中のLv.1都市 #509(349,849)を攻撃し、陣営のために破壊宝箱×2を勝ち取りました"
#534,d-10,449,349,2026-5-30 12:07:0,#476,476B,SHA,3,red,enemy,range01_frame_000184.png,91.0,"#476[476B]が#534[SHA]領有中のLv.3都市 #534(449,349)を攻撃し、陣営のために破壊宝箱×10を勝ち取りました"
#509,h-4,149,749,2026-5-30 12:07:0,#503,xjR,BHE,1,red,enemy,range01_frame_000184.png,91.0,"#503[xjR]が#509[BHE]領有中のLv.1都市 #509(149,749)を攻撃し、陣営のために破壊宝箱×2を勝ち取りました"
#511,d-8,349,349,2026-5-30 12:08:0,#523,flrE,2N7,3,red,enemy,range01_frame_000184.png,91.0,"#523[flrE]が#511[2N7]領有中のLv.3都市 #511(349,349)を攻撃し、陣営のために破壊宝箱×10を勝ち取りました"
#480,c-10,449,249,2026-5-30 12:14:2,#440,GcC,BgNa,2,blue,ally,range01_frame_000184.png,91.0,"#440[GcC]が#480[BgNa]領有中のLv.2都市 #480(449,249)を攻撃し、陣営のために破壊宝箱×5を勝ち取りました"
#509,i-8,349,849,2026-5-30 12:05:50,#503,fzn,OUM,1,red,enemy,range01_frame_000185.png,92.0,"#503[fzn]が#509[OUM]領有中のLv.1都市 #509(349,849)を攻撃し、陣営のために破壊宝箱×2を勝ち取りました"
#534,d-10,449,349,2026-5-30 12:07:0,#476,476B,SHA,3,red,enemy,range01_frame_000185.png,92.0,"#476[476B]が#534[SHA]領有中のLv.3都市 #534(449,349)を攻撃し、陣営のために破壊宝箱×10を勝ち取りました"
#509,h-4,149,749,2026-5-30 12:07:0,#503,xjR,BHE,1,red,enemy,range01_frame_000185.png,92.0,"#503[xjR]が#509[BHE]領有中のLv.1都市 #509(149,749)を攻撃し、陣営のために破壊宝箱×2を勝ち取りました"
#511,d-8,349,349,2026-5-30 12:08:0,#523,flrE,2N7,3,red,enemy,range01_frame_000185.png,92.0,"#523[flrE]が#511[2N7]領有中のLv.3都市 #511(349,349)を攻撃し、陣営のために破壊宝箱×10を勝ち取りました"
#480,c-10,449,249,2026-5-30 12:14:2,#440,GcC,BgNa,2,blue,ally,range01_frame_000185.png,92.0,"#440[GcC]が#480[BgNa]領有中のLv.2都市 #480(449,249)を攻撃し、陣営のために破壊宝箱×5を勝ち取りました"
#509,i-8,349,849,2026-5-30 12:05:50,#503,fzn,OUM,1,red,enemy,range01_frame_000186.png,92.0,"#503[fzn]が#509[OUM]領有中のLv.1都市 #509(349,849)を攻撃し、陣営のために破壊宝箱×2を勝ち取りました"
#534,d-10,449,349,2026-5-30 12:07:0,#476,476B,SHA,3,red,enemy,range01_frame_000186.png,92.0,"#476[476B]が#534[SHA]領有中のLv.3都市 #534(449,349)を攻撃し、陣営のために破壊宝箱×10を勝ち取りました"
#509,h-4,149,749,2026-5-30 12:07:0,#503,xjR,BHE,1,red,enemy,range01_frame_000186.png,92.0,"#503[xjR]が#509[BHE]領有中のLv.1都市 #509(149,749)を攻撃し、陣営のために破壊宝箱×2を勝ち取りました"
#511,d-8,349,349,2026-5-30 12:08:0,#523,flrE,2N7,3,red,enemy,range01_frame_000186.png,92.0,"#523[flrE]が#511[2N7]領有中のLv.3都市 #511(349,349)を攻撃し、陣営のために破壊宝箱×10を勝ち取りました"
#480,c-10,449,249,2026-5-30 12:14:2,#440,GcC,BgNa,2,blue,ally,range01_frame_000186.png,92.0,"#440[GcC]が#480[BgNa]領有中のLv.2都市 #480(449,249)を攻撃し、陣営のために破壊宝箱×5を勝ち取りました"
#509,i-8,349,849,2026-5-30 12:05:50,#503,fzn,OWM,1,red,enemy,range01_frame_000187.png,93.0,"#503[fzn]が#509[OWM]領有中のLv.1都市 #509(349,849)を攻撃し、陣営のために破壊宝箱×2を勝ち取りました"
#534,d-10,449,349,2026-5-30 12:07:0,#476,476B,SHA,3,red,enemy,range01_frame_000187.png,93.0,"#476[476B]が#534[SHA]領有中のLv.3都市 #534(449,349)を攻撃し、陣営のために破壊宝箱×10を勝ち取りました"
#509,h-4,149,749,2026-5-30 12:07:0,#503,xjR,BHE,1,red,enemy,range01_frame_000187.png,93.0,"#503[xjR]が#509[BHE]領有中のLv.1都市 #509(149,749)を攻撃し、陣営のために破壊宝箱×2を勝ち取りました"
#511,d-8,349,349,2026-5-30 12:08:0,#523,flrE,2N7,3,red,enemy,range01_frame_000187.png,93.0,"#523[flrE]が#511[2N7]領有中のLv.3都市 #511(349,349)を攻撃し、陣営のために破壊宝箱×10を勝ち取りました"
#480,c-10,449,249,2026-5-30 12:14:2,#440,GcC,BgNa,2,blue,ally,range01_frame_000187.png,93.0,"#440[GcC]が#480[BgNa]領有中のLv.2都市 #480(449,249)を攻撃し、陣営のために破壊宝箱×5を勝ち取りました"
#509,i-8,349,849,2026-5-30 12:05:50,#503,tzn,OWM,1,red,enemy,range01_frame_000188.png,93.0,"#503[tzn]が#509[OWM]領有中のLv.1都市 #509(349,849)を攻撃し、陣営のために破壊宝箱×2を勝ち取りました"
#534,d-10,449,349,2026-5-30 12:07:0,#476,476B,SHA,3,red,enemy,range01_frame_000188.png,93.0,"#476[476B]が#534[SHA]領有中のLv.3都市 #534(449,349)を攻撃し、陣営のために破壊宝箱×10を勝ち取りました"
#509,h-4,149,749,2026-5-30 12:07:0,#503,xjR,BHE,1,red,enemy,range01_frame_000188.png,93.0,"#503[xjR]が#509[BHE]領有中のLv.1都市 #509(149,749)を攻撃し、陣営のために破壊宝箱×2を勝ち取りました"
#511,d-8,349,349,2026-5-30 12:08:0,#523,flrE,2N7,3,red,enemy,range01_frame_000188.png,93.0,"#523[flrE]が#511[2N7]領有中のLv.3都市 #511(349,349)を攻撃し、陣営のために破壊宝箱×10を勝ち取りました"
#480,c-10,449,249,2026-5-30 12:14:2,#440,GcC,BgNa,2,blue,ally,range01_frame_000188.png,93.0,"#440[GcC]が#480[BgNa]領有中のLv.2都市 #480(449,249)を攻撃し、陣営のために破壊宝箱×5を勝ち取りました"
#509,c-8,349,249,2026-5-30 12:??:??,#503,GX99,tWD,2,red,enemy,range01_frame_000188.png,93.0,"#503[GX99]が#509[tWD]領有中のLv.2都市 #509(349,249)..."
#534,d-10,449,349,2026-5-30 12:07:01,#476,476B,SHA,3,red,enemy,range01_frame_000189.png,94.0,"#476[476B]が#534[SHA]領有中のLv.3都市 #534(449,349)を攻撃し、陣営のために破壊宝箱×10を勝ち取りました"
#509,h-4,149,749,2026-5-30 12:07:08,#503,xjR,BHE,1,red,enemy,range01_frame_000189.png,94.0,"#503[xjR]が#509[BHE]領有中のLv.1都市 #509(149,749)を攻撃し、陣営のために破壊宝箱×2を勝ち取りました"
#511,d-8,349,349,2026-5-30 12:08:0,#523,flrE,2N7,3,red,enemy,range01_frame_000189.png,94.0,"#523[flrE]が#511[2N7]領有中のLv.3都市 #511(349,349)を攻撃し、陣営のために破壊宝箱×10を勝ち取りました"
#480,c-10,449,249,2026-5-30 12:14:2,#440,GcC,BgNaI,2,blue,ally,range01_frame_000189.png,94.0,"#440[GcC]が#480[BgNaI]領有中のLv.2都市 #480(449,249)を攻撃し、陣営のために破壊宝箱×5を勝ち取りました"
#509,d-6,249,349,2026-5-30 12:15:2,#503,GX99,tWD,2,red,enemy,range01_frame_000189.png,94.0,"#503[GX99]が#509[tWD]領有中のLv.2都市 #509(249,349)を攻撃し、陣営のために破壊宝箱×5を勝ち取りました"
#509,e-6,249,449,2026-5-30 12:15:3,#503,LghS,tWD,2,red,enemy,range01_frame_000189.png,94.0,"#503[LghS]が#509[tWD]領有中のLv.2都市 #509(249,449)を攻撃し、陣営のために破壊宝箱×5を勝ち取りました"
#509,h-4,149,749,2026-5-30 12:07:08,#503,xjR,BHE,1,red,enemy,range01_frame_000190.png,94.0,"#503[xjR]が#509[BHE]領有中のLv.1都市 #509(149,749)を攻撃し、陣営のために破壊宝箱×2を勝ち取りました"
#511,d-8,349,349,2026-5-30 12:08:0,#523,flrE,2N7,3,red,enemy,range01_frame_000190.png,94.0,"#523[flrE]が#511[2N7]領有中のLv.3都市 #511(349,349)を攻撃し、陣営のために破壊宝箱×10を勝ち取りました"
#480,c-10,449,249,2026-5-30 12:14:2,#440,GcC,BgNaI,2,blue,ally,range01_frame_000190.png,94.0,"#440[GcC]が#480[BgNaI]領有中のLv.2都市 #480(449,249)を攻撃し、陣営のために破壊宝箱×5を勝ち取りました"
#509,d-6,249,349,2026-5-30 12:15:2,#503,GX99,tWD,2,red,enemy,range01_frame_000190.png,94.0,"#503[GX99]が#509[tWD]領有中のLv.2都市 #509(249,349)を攻撃し、陣営のために破壊宝箱×5を勝ち取りました"
#509,e-6,249,449,2026-5-30 12:15:3,#503,LghS,tWD,2,red,enemy,range01_frame_000190.png,94.0,"#503[LghS]が#509[tWD]領有中のLv.2都市 #509(249,449)を攻撃し、陣営のために破壊宝箱×5を勝ち取りました"
#511,d-8,349,349,2026-5-30 12:07:08,#523,flrE,2N7,3,red,enemy,range01_frame_000191.png,95.0,"#523[flrE]が#511[2N7]領有中のLv.3都市 #511(349,349)を攻撃し、陣営のために破壊宝箱×10を勝ち取りました"
#480,c-10,449,249,2026-5-30 12:14:2,#440,Gcc,BgNa,2,blue,ally,range01_frame_000191.png,95.0,"#440[Gcc]が#480[BgNa]領有中のLv.2都市 #480(449,249)を攻撃し、陣営のために破壊宝箱×5を勝ち取りました"
#509,d-6,249,349,2026-5-30 12:15:2,#503,GX99,tWD,2,red,enemy,range01_frame_000191.png,95.0,"#503[GX99]が#509[tWD]領有中のLv.2都市 #509(249,349)を攻撃し、陣営のために破壊宝箱×5を勝ち取りました"
#509,e-6,249,449,2026-5-30 12:15:3,#503,Lghs,tWD,2,red,enemy,range01_frame_000191.png,95.0,"#503[Lghs]が#509[tWD]領有中のLv.2都市 #509(249,449)を攻撃し、陣営のために破壊宝箱×5を勝ち取りました"
#480,c-12,549,249,2026-5-30 12:16:10,#440,Gcc,UbW,2,blue,ally,range01_frame_000191.png,95.0,"#440[Gcc]が#480[UbW]領有中のLv.2都市 #480(549,249)を攻撃し、陣営のために破壊宝箱×5を勝ち取りました"
#511,d-8,349,349,2026-5-30 12:07:08,#523,flrE,2N7,3,red,enemy,range01_frame_000192.png,95.0,"#523[flrE]が#511[2N7]領有中のLv.3都市 #511(349,349)を攻撃し、陣営のために破壊宝箱×10を勝ち取りました"
#480,c-10,449,249,2026-5-30 12:14:2,#440,Gcc,BgNa,2,blue,ally,range01_frame_000192.png,95.0,"#440[Gcc]が#480[BgNa]領有中のLv.2都市 #480(449,249)を攻撃し、陣営のために破壊宝箱×5を勝ち取りました"
#509,d-6,249,349,2026-5-30 12:15:2,#503,GX99,tWD,2,red,enemy,range01_frame_000192.png,95.0,"#503[GX99]が#509[tWD]領有中のLv.2都市 #509(249,349)を攻撃し、陣営のために破壊宝箱×5を勝ち取りました"
#509,e-6,249,449,2026-5-30 12:15:3,#503,Lghs,tWD,2,red,enemy,range01_frame_000192.png,95.0,"#503[Lghs]が#509[tWD]領有中のLv.2都市 #509(249,449)を攻撃し、陣営のために破壊宝箱×5を勝ち取りました"
#480,c-12,549,249,2026-5-30 12:16:10,#440,Gcc,UbW,2,blue,ally,range01_frame_000192.png,95.0,"#440[Gcc]が#480[UbW]領有中のLv.2都市 #480(549,249)を攻撃し、陣営のために破壊宝箱×5を勝ち取りました"
#480,h-2,49,749,2026-5-30 12:16:10,#534,JDX,MtG,1,blue,ally,range01_frame_000192.png,95.0,"#534[JDX]が#480[MtG]領有中のLv.1都市 #480(49,749)を攻撃し、陣営のために破壊宝箱×2を勝ち取りました"
#509,d-6,249,349,2026-5-30 12:15:20,#503,GX99,tWD,2,red,enemy,range01_frame_000193.png,96.0,"#503[GX99]が#509[tWD]領有中のLv.2都市 #509(249,349)を攻撃し、陣営のために破壊宝箱×5を勝ち取りました"
#509,e-6,249,449,2026-5-30 12:15:30,#503,Lghs,tWD,2,red,enemy,range01_frame_000193.png,96.0,"#503[Lghs]が#509[tWD]領有中のLv.2都市 #509(249,449)を攻撃し、陣営のために破壊宝箱×5を勝ち取りました"
#480,c-12,549,249,2026-5-30 12:16:10,#440,GcC,WbW,2,blue,ally,range01_frame_000193.png,96.0,"#440[GcC]が#480[WbW]領有中のLv.2都市 #480(549,249)を攻撃し、陣営のために破壊宝箱×5を勝ち取りました"
#480,h-2,49,749,2026-5-30 12:17:5,#534,JDX,MtG,1,blue,ally,range01_frame_000193.png,96.0,"#534[JDX]が#480[MtG]領有中のLv.1都市 #480(49,749)を攻撃し、陣営のために破壊宝箱×2を勝ち取りました"
#509,d-6,249,349,2026-5-30 12:15:20,#503,GX99,tWD,2,red,enemy,range01_frame_000194.png,96.0,"#503[GX99]が#509[tWD]領有中のLv.2都市 #509(249,349)を攻撃し、陣営のために破壊宝箱×5を勝ち取りました"
#509,e-6,249,449,2026-5-30 12:15:30,#503,Lghs,tWD,2,red,enemy,range01_frame_000194.png,96.0,"#503[Lghs]が#509[tWD]領有中のLv.2都市 #509(249,449)を攻撃し、陣営のために破壊宝箱×5を勝ち取りました"
#480,c-12,549,249,2026-5-30 12:16:10,#440,GcC,WbW,2,blue,ally,range01_frame_000194.png,96.0,"#440[GcC]が#480[WbW]領有中のLv.2都市 #480(549,249)を攻撃し、陣営のために破壊宝箱×5を勝ち取りました"
#480,h-2,49,749,2026-5-30 12:17:5,#534,JDX,MtG,1,blue,ally,range01_frame_000194.png,96.0,"#534[JDX]が#480[MtG]領有中のLv.1都市 #480(49,749)を攻撃し、陣営のために破壊宝箱×2を勝ち取りました"
#509,d-6,249,349,2026-5-30 12:15:2,#503,GX99,tWD,2,red,enemy,range01_frame_000195.png,97.0,"#503[GX99]が#509[tWD]領有中のLv.2都市 #509(249,349)を攻撃し、陣営のために破壊宝箱×5を勝ち取りました"
#509,e-6,249,449,2026-5-30 12:15:3,#503,Lghs,tWD,2,red,enemy,range01_frame_000195.png,97.0,"#503[Lghs]が#509[tWD]領有中のLv.2都市 #509(249,449)を攻撃し、陣営のために破壊宝箱×5を勝ち取りました"
#480,c-12,549,249,2026-5-30 12:16:1,#440,GcC,WbW,2,blue,ally,range01_frame_000195.png,97.0,"#440[GcC]が#480[WbW]領有中のLv.2都市 #480(549,249)を攻撃し、陣営のために破壊宝箱×5を勝ち取りました"
#480,h-2,49,749,2026-5-30 12:17:5,#534,JDX,MtG,1,blue,ally,range01_frame_000195.png,97.0,"#534[JDX]が#480[MtG]領有中のLv.1都市 #480(49,749)を攻撃し、陣営のために破壊宝箱×2を勝ち取りました"
#509,i-6,249,849,2026-5-30 12:15:?,#503,xjR,OUM,1,red,enemy,range01_frame_000195.png,97.0,"#503[xjR]が#509[OUM]領有中のLv.1都市 #509(249,849)を攻撃し、陣営のために破壊宝箱×2を勝ち取りました"
#509,d-6,249,349,2026-5-30 12:15:2,#503,GX99,tWD,2,red,enemy,range01_frame_000196.png,97.0,"#503[GX99]が#509[tWD]領有中のLv.2都市 #509(249,349)を攻撃し、陣営のために破壊宝箱×5を勝ち取りました"
#509,e-6,249,449,2026-5-30 12:15:3,#503,Lghs,tWD,2,red,enemy,range01_frame_000196.png,97.0,"#503[Lghs]が#509[tWD]領有中のLv.2都市 #509(249,449)を攻撃し、陣営のために破壊宝箱×5を勝ち取りました"
#480,c-12,549,249,2026-5-30 12:16:1,#440,GcC,WbW,2,blue,ally,range01_frame_000196.png,97.0,"#440[GcC]が#480[WbW]領有中のLv.2都市 #480(549,249)を攻撃し、陣営のために破壊宝箱×5を勝ち取りました"
#480,h-2,49,749,2026-5-30 12:17:5,#534,JDX,MtG,1,blue,ally,range01_frame_000196.png,97.0,"#534[JDX]が#480[MtG]領有中のLv.1都市 #480(49,749)を攻撃し、陣営のために破壊宝箱×2を勝ち取りました"
#509,i-6,249,849,2026-5-30 12:15:?,#503,xjR,OUM,1,red,enemy,range01_frame_000196.png,97.0,"#503[xjR]が#509[OUM]領有中のLv.1都市 #509(249,849)を攻撃し、陣営のために破壊宝箱×2を勝ち取りました"
#509,d-6,249,349,2026-5-30 12:14:2,#503,GX99,tWD,2,red,enemy,range01_frame_000197.png,98.0,"#503[GX99]が#509[tWD]領有中のLv.2都市 #509(249,349)を攻撃し、陣営のために破壊宝箱×5を勝ち取りました"
#509,e-6,249,449,2026-5-30 12:15:2,#503,Lghs,tWD,2,red,enemy,range01_frame_000197.png,98.0,"#503[Lghs]が#509[tWD]領有中のLv.2都市 #509(249,449)を攻撃し、陣営のために破壊宝箱×5を勝ち取りました"
#480,c-12,549,249,2026-5-30 12:16:1,#440,GcC,WbU,2,blue,ally,range01_frame_000197.png,98.0,"#440[GcC]が#480[WbU]領有中のLv.2都市 #480(549,249)を攻撃し、陣営のために破壊宝箱×5を勝ち取りました"
#480,h-2,49,749,2026-5-30 12:17:5,#534,JDX,MtG,1,blue,ally,range01_frame_000197.png,98.0,"#534[JDX]が#480[MtG]領有中のLv.1都市 #480(49,749)を攻撃し、陣営のために破壊宝箱×2を勝ち取りました"
#509,i-6,249,849,2026-5-30 12:18:0,#503,xjR,OUM,1,red,enemy,range01_frame_000197.png,98.0,"#503[xjR]が#509[OUM]領有中のLv.1都市 #509(249,849)を攻撃し、陣営のために破壊宝箱×2を勝ち取りました"
#509,e-6,249,449,2026-5-30 12:15:2,#503,Lghs,tWD,2,red,enemy,range01_frame_000198.png,98.0,"#503[Lghs]が#509[tWD]領有中のLv.2都市 #509(249,449)を攻撃し、陣営のために破壊宝箱×5を勝ち取りました"
#480,c-12,549,249,2026-5-30 12:16:1,#440,GcC,WbU,2,blue,ally,range01_frame_000198.png,98.0,"#440[GcC]が#480[WbU]領有中のLv.2都市 #480(549,249)を攻撃し、陣営のために破壊宝箱×5を勝ち取りました"
#480,h-2,49,749,2026-5-30 12:17:5,#534,JDX,MtG,1,blue,ally,range01_frame_000198.png,98.0,"#534[JDX]が#480[MtG]領有中のLv.1都市 #480(49,749)を攻撃し、陣営のために破壊宝箱×2を勝ち取りました"
#509,i-6,249,849,2026-5-30 12:18:0,#503,xjR,OUM,1,red,enemy,range01_frame_000198.png,98.0,"#503[xjR]が#509[OUM]領有中のLv.1都市 #509(249,849)を攻撃し、陣営のために破壊宝箱×2を勝ち取りました"
#480,i-2,49,849,unknown,#509,FHX,RCON,1,blue,ally,range01_frame_000198.png,98.0,"#509[FHX]が#480[RCON]領有中のLv.1都市 #480(49,849)を攻撃し、陣営のために破壊宝箱×2を勝ち取りました"
#509,e-6,249,449,2026-5-30 12:15:30,#509,,,,unknown,unknown,range01_frame_000199.png,99.0,"#509(249,449)を攻撃し、陣営のために破壊宝箱×5を勝ち取りました"
#480,c-12,549,249,2026-5-30 12:16:10,#440,GcC,WbW,2,blue,ally,range01_frame_000199.png,99.0,"#440[GcC]が#480[WbW]領有中のLv.2都市 #480(549,249)を攻撃し、陣営のために破壊宝箱×5を勝ち取りました"
#480,h-2,49,749,2026-5-30 12:17:50,#534,JDX,MtG,1,blue,ally,range01_frame_000199.png,99.0,"#534[JDX]が#480[MtG]領有中のLv.1都市 #480(49,749)を攻撃し、陣営のために破壊宝箱×2を勝ち取りました"
#509,i-6,249,849,2026-5-30 12:18:00,#503,xjR,0UW,1,red,enemy,range01_frame_000199.png,99.0,"#503[xjR]が#509[0UW]領有中のLv.1都市 #509(249,849)を攻撃し、陣営のために破壊宝箱×2を勝ち取りました"
#480,i-2,49,849,2026-5-30 12:19:00,#509,FHX,RCON,1,blue,ally,range01_frame_000199.png,99.0,"#509[FHX]が#480[RCON]領有中のLv.1都市 #480(49,849)を攻撃し、陣営のために破壊宝箱×2を勝ち取りました"
#509,c-16,749,249,2026-5-30 12:19:40,#503,one,SsQ,2,red,enemy,range01_frame_000199.png,99.0,"#503[one]が#509[SsQ]領有中のLv.2都市 #509(749,249)を攻撃し、陣営のために破壊宝箱×5を勝ち取りました"
#480,c-12,549,249,2026-5-30 12:16:10,#440,GcC,WbW,2,blue,ally,range01_frame_000200.png,99.0,"#440[GcC]が#480[WbW]領有中のLv.2都市 #480(549,249)を攻撃し、陣営のために破壊宝箱×5を勝ち取りました"
#480,h-2,49,749,2026-5-30 12:17:50,#534,JDX,MtG,1,blue,ally,range01_frame_000200.png,99.0,"#534[JDX]が#480[MtG]領有中のLv.1都市 #480(49,749)を攻撃し、陣営のために破壊宝箱×2を勝ち取りました"
#509,i-6,249,849,2026-5-30 12:18:00,#503,xjR,0UW,1,red,enemy,range01_frame_000200.png,99.0,"#503[xjR]が#509[0UW]領有中のLv.1都市 #509(249,849)を攻撃し、陣営のために破壊宝箱×2を勝ち取りました"
#480,i-2,49,849,2026-5-30 12:19:00,#509,FHX,RCON,1,blue,ally,range01_frame_000200.png,99.0,"#509[FHX]が#480[RCON]領有中のLv.1都市 #480(49,849)を攻撃し、陣営のために破壊宝箱×2を勝ち取りました"
#509,c-16,749,249,2026-5-30 12:19:40,#503,one,SsQ,2,red,enemy,range01_frame_000200.png,99.0,"#503[one]が#509[SsQ]領有中のLv.2都市 #509(749,249)を攻撃し、陣営のために破壊宝箱×5を勝ち取りました"
#509,i-6,249,849,2026-5-30 12:18:0,#503,xjR,OUM,1,red,enemy,range01_frame_000201.png,100.0,"#503[xjR]が#509[OUM]領有中のLv.1都市 #509(249,849)を攻撃し、陣営のために破壊宝箱×2を勝ち取りました"
#480,i-2,49,849,2026-5-30 12:19:0,#509,FHX,RCON,1,blue,ally,range01_frame_000201.png,100.0,"#509[FHX]が#480[RCON]領有中のLv.1都市 #480(49,849)を攻撃し、陣営のために破壊宝箱×2を勝ち取りました"
#509,c-16,749,249,2026-5-30 12:19:4,#503,one,SsQ,2,red,enemy,range01_frame_000201.png,100.0,"#503[one]が#509[SsQ]領有中のLv.2都市 #509(749,249)を攻撃し、陣営のために破壊宝箱×5を勝ち取りました"
#509,d-16,749,349,2026-5-30 12:19:5,#480,RCON,SsQ,2,red,enemy,range01_frame_000201.png,100.0,"#480[RCON]が#509[SsQ]領有中のLv.2都市 #509(749,349)を攻撃し、陣営のために破壊宝箱×5を勝ち取りました"
#509,i-6,249,849,2026-5-30 12:18:0,#503,xjR,OUM,1,red,enemy,range01_frame_000202.png,100.0,"#503[xjR]が#509[OUM]領有中のLv.1都市 #509(249,849)を攻撃し、陣営のために破壊宝箱×2を勝ち取りました"
#480,i-2,49,849,2026-5-30 12:19:0,#509,FHX,RCON,1,blue,ally,range01_frame_000202.png,100.0,"#509[FHX]が#480[RCON]領有中のLv.1都市 #480(49,849)を攻撃し、陣営のために破壊宝箱×2を勝ち取りました"
#509,c-16,749,249,2026-5-30 12:19:4,#503,one,SsQ,2,red,enemy,range01_frame_000202.png,100.0,"#503[one]が#509[SsQ]領有中のLv.2都市 #509(749,249)を攻撃し、陣営のために破壊宝箱×5を勝ち取りました"
#509,d-16,749,349,2026-5-30 12:19:5,#480,RCON,SsQ,2,red,enemy,range01_frame_000202.png,100.0,"#480[RCON]が#509[SsQ]領有中のLv.2都市 #509(749,349)を攻撃し、陣営のために破壊宝箱×5を勝ち取りました"
#509,i-6,249,849,2026-5-30 12:18:01,#503,xjR,OUM,1,red,enemy,range01_frame_000203.png,101.0,"#503[xjR]が#509[OUM]領有中のLv.1都市 #509(249,849)を攻撃し、陣営のために破壊宝箱×2を勝ち取りました"
#480,i-2,49,849,2026-5-30 12:19:02,#509,FHX,RCON,1,blue,ally,range01_frame_000203.png,101.0,"#509[FHX]が#480[RCON]領有中のLv.1都市 #480(49,849)を攻撃し、陣営のために破壊宝箱×2を勝ち取りました"
#509,c-16,749,249,2026-5-30 12:19:42,#503,one,SsQ,2,red,enemy,range01_frame_000203.png,101.0,"#503[one]が#509[SsQ]領有中のLv.2都市 #509(749,249)を攻撃し、陣営のために破壊宝箱×5を勝ち取りました"
#509,d-16,749,349,2026-5-30 12:19:52,#480,RCON,SsQ,2,red,enemy,range01_frame_000203.png,101.0,"#480[RCON]が#509[SsQ]領有中のLv.2都市 #509(749,349)を攻撃し、陣営のために破壊宝箱×5を勝ち取りました"
#480,i-4,149,849,2026-5-30 12:20:32,#509,FHX,RCON,1,blue,ally,range01_frame_000203.png,101.0,"#509[FHX]が#480[RCON]領有中のLv.1都市 #480(149,849)を攻撃し、陣営のために破壊宝箱×2を勝ち取りました"
#509,i-6,249,849,2026-5-30 12:18:01,#503,xjR,OUM,1,red,enemy,range01_frame_000204.png,101.0,"#503[xjR]が#509[OUM]領有中のLv.1都市 #509(249,849)を攻撃し、陣営のために破壊宝箱×2を勝ち取りました"
#480,i-2,49,849,2026-5-30 12:19:02,#509,FHX,RCON,1,blue,ally,range01_frame_000204.png,101.0,"#509[FHX]が#480[RCON]領有中のLv.1都市 #480(49,849)を攻撃し、陣営のために破壊宝箱×2を勝ち取りました"
#509,c-16,749,249,2026-5-30 12:19:42,#503,one,SsQ,2,red,enemy,range01_frame_000204.png,101.0,"#503[one]が#509[SsQ]領有中のLv.2都市 #509(749,249)を攻撃し、陣営のために破壊宝箱×5を勝ち取りました"
#509,d-16,749,349,2026-5-30 12:19:52,#480,RCON,SsQ,2,red,enemy,range01_frame_000204.png,101.0,"#480[RCON]が#509[SsQ]領有中のLv.2都市 #509(749,349)を攻撃し、陣営のために破壊宝箱×5を勝ち取りました"
#480,i-4,149,849,2026-5-30 12:20:32,#509,FHX,RCON,1,blue,ally,range01_frame_000204.png,101.0,"#509[FHX]が#480[RCON]領有中のLv.1都市 #480(149,849)を攻撃し、陣営のために破壊宝箱×2を勝ち取りました"
#509,i-6,249,849,2026-5-30 12:18:01,#503,xjR,0WM,1,red,enemy,range01_frame_000205.png,102.0,"#503[xjR]が#509[0WM]領有中のLv.1都市 #509(249,849)を攻撃し、陣営のために破壊宝箱×2を勝ち取りました"
#480,i-2,49,849,2026-5-30 12:19:01,#509,FHX,RCON,1,blue,ally,range01_frame_000205.png,102.0,"#509[FHX]が#480[RCON]領有中のLv.1都市 #480(49,849)を攻撃し、陣営のために破壊宝箱×2を勝ち取りました"
#509,c-16,749,249,2026-5-30 12:19:41,#503,one,SsQ,2,red,enemy,range01_frame_000205.png,102.0,"#503[one]が#509[SsQ]領有中のLv.2都市 #509(749,249)を攻撃し、陣営のために破壊宝箱×5を勝ち取りました"
#509,d-16,749,349,2026-5-30 12:19:54,#480,RCON,SsQ,2,red,enemy,range01_frame_000205.png,102.0,"#480[RCON]が#509[SsQ]領有中のLv.2都市 #509(749,349)を攻撃し、陣営のために破壊宝箱×5を勝ち取りました"
#480,i-4,149,849,2026-5-30 12:20:31,#509,FHX,RCON,1,blue,ally,range01_frame_000205.png,102.0,"#509[FHX]が#480[RCON]領有中のLv.1都市 #480(149,849)を攻撃し、陣営のために破壊宝箱×2を勝ち取りました"
#511,e-6,249,449,2026-5-30 12:20:31,#523,5DU,2N7,2,red,enemy,range01_frame_000205.png,102.0,"#523[5DU]が#511[2N7]領有中のLv.2都市 #511(249,449)を攻撃し、陣営のために破壊宝箱×5を勝ち取りました"
#480,i-2,49,849,2026-5-30 12:19:01,#509,FHX,RCON,1,blue,ally,range01_frame_000207.png,103.0,"#509[FHX]が#480[RCON]領有中のLv.1都市 #480(49,849)を攻撃し、陣営のために破壊宝箱×2を勝ち取りました"
#509,c-16,749,249,2026-5-30 12:19:4,#503,one,SsQ,2,red,enemy,range01_frame_000207.png,103.0,"#503[one]が#509[SsQ]領有中のLv.2都市 #509(749,249)を攻撃し、陣営のために破壊宝箱×5を勝ち取りました"
#509,d-16,749,349,2026-5-30 12:19:5,#480,RCON,SsQ,2,red,enemy,range01_frame_000207.png,103.0,"#480[RCON]が#509[SsQ]領有中のLv.2都市 #509(749,349)を攻撃し、陣営のために破壊宝箱×5を勝ち取りました"
#480,i-4,149,849,2026-5-30 12:20:3,#509,FHX,RCON,1,blue,ally,range01_frame_000207.png,103.0,"#509[FHX]が#480[RCON]領有中のLv.1都市 #480(149,849)を攻撃し、陣営のために破壊宝箱×2を勝ち取りました"
#511,e-6,249,449,2026-5-30 12:20:4,#523,5DU,2N7,2,red,enemy,range01_frame_000207.png,103.0,"#523[5DU]が#511[2N7]領有中のLv.2都市 #511(249,449)を攻撃し、陣営のために破壊宝箱×5を勝ち取りました"
#509,c-16,749,249,2026-5-30 12:19:4,#503,one,SsQ,2,red,enemy,range01_frame_000208.png,103.0,"#503[one]が#509[SsQ]領有中のLv.2都市 #509(749,249)を攻撃し、陣営のために破壊宝箱×5を勝ち取りました"
#509,d-16,749,349,2026-5-30 12:19:5,#480,RCON,SsQ,2,red,enemy,range01_frame_000208.png,103.0,"#480[RCON]が#509[SsQ]領有中のLv.2都市 #509(749,349)を攻撃し、陣営のために破壊宝箱×5を勝ち取りました"
#480,i-4,149,849,2026-5-30 12:20:3,#509,FHX,RCON,1,blue,ally,range01_frame_000208.png,103.0,"#509[FHX]が#480[RCON]領有中のLv.1都市 #480(149,849)を攻撃し、陣営のために破壊宝箱×2を勝ち取りました"
#511,e-6,249,449,2026-5-30 12:20:4,#523,5DU,2N7,2,red,enemy,range01_frame_000208.png,103.0,"#523[5DU]が#511[2N7]領有中のLv.2都市 #511(249,449)を攻撃し、陣営のために破壊宝箱×5を勝ち取りました"
#509,d-18,849,349,2026-5-30 12:21:2,#480,RCON,SsQ,1,red,enemy,range01_frame_000208.png,103.0,"#480[RCON]が#509[SsQ]領有中のLv.1都市 #509(849,349)を攻撃し、陣営のために破壊宝箱×2を勝ち取りました"
#509,d-16,749,349,2026-5-30 12:19:54,#480,RCON,SsQ,2,red,enemy,range01_frame_000209.png,104.0,"#480[RCON]が#509[SsQ]領有中のLv.2都市 #509(749,349)を攻撃し、陣営のために破壊宝箱×5を勝ち取りました"
#480,i-4,149,849,2026-5-30 12:20:30,#509,FHX,RCON,1,blue,ally,range01_frame_000209.png,104.0,"#509[FHX]が#480[RCON]領有中のLv.1都市 #480(149,849)を攻撃し、陣営のために破壊宝箱×2を勝ち取りました"
#511,e-6,249,449,2026-5-30 12:20:4?,#523,5DU,2N7,2,red,enemy,range01_frame_000209.png,104.0,"#523[5DU]が#511[2N7]領有中のLv.2都市 #511(249,449)を攻撃し、陣営のために破壊宝箱×5を勝ち取りました"
#509,d-18,849,349,2026-5-30 12:21:20,#480,RCON,SsQ,1,red,enemy,range01_frame_000209.png,104.0,"#480[RCON]が#509[SsQ]領有中のLv.1都市 #509(849,349)を攻撃し、陣営のために破壊宝箱×2を勝ち取りました"
#509,i-12,549,849,2026-5-30 12:22:4?,#480,TkTk,AoW,1,red,enemy,range01_frame_000209.png,104.0,"#480[TkTk]が#509[AoW]領有中のLv.1都市 #509(549,849)を攻撃し、陣営のために破壊宝箱×2を勝ち取りました"
#509,d-16,749,349,2026-5-30 12:19:54,#480,RCON,SsQ,2,red,enemy,range01_frame_000210.png,104.0,"#480[RCON]が#509[SsQ]領有中のLv.2都市 #509(749,349)を攻撃し、陣営のために破壊宝箱×5を勝ち取りました"
#480,i-4,149,849,2026-5-30 12:20:30,#509,FHX,RCON,1,blue,ally,range01_frame_000210.png,104.0,"#509[FHX]が#480[RCON]領有中のLv.1都市 #480(149,849)を攻撃し、陣営のために破壊宝箱×2を勝ち取りました"
#511,e-6,249,449,2026-5-30 12:20:4?,#523,5DU,2N7,2,red,enemy,range01_frame_000210.png,104.0,"#523[5DU]が#511[2N7]領有中のLv.2都市 #511(249,449)を攻撃し、陣営のために破壊宝箱×5を勝ち取りました"
#509,d-18,849,349,2026-5-30 12:21:20,#480,RCON,SsQ,1,red,enemy,range01_frame_000210.png,104.0,"#480[RCON]が#509[SsQ]領有中のLv.1都市 #509(849,349)を攻撃し、陣営のために破壊宝箱×2を勝ち取りました"
#509,i-12,549,849,2026-5-30 12:22:4?,#480,TkTk,AoW,1,red,enemy,range01_frame_000210.png,104.0,"#480[TkTk]が#509[AoW]領有中のLv.1都市 #509(549,849)を攻撃し、陣営のために破壊宝箱×2を勝ち取りました"
#480,h-4,149,749,2026-5-30 12:??:??,#534,JDX,MtG,1,blue,ally,range01_frame_000210.png,104.0,"#534[JDX]が#480[MtG]領有中のLv.1都市 #480(149,749)を攻撃し、陣営のために破壊宝箱×2を勝ち取りました"
#480,i-4,149,849,2026-5-30 12:19:3,#509,FHX,RCON,1,blue,ally,range01_frame_000211.png,105.0,"#509[FHX]が#480[RCON]領有中のLv.1都市 #480(149,849)を攻撃し、陣営のために破壊宝箱×2を勝ち取りました"
#511,e-6,249,449,2026-5-30 12:20:3,#523,5DU,2N7,2,red,enemy,range01_frame_000211.png,105.0,"#523[5DU]が#511[2N7]領有中のLv.2都市 #511(249,449)を攻撃し、陣営のために破壊宝箱×5を勝ち取りました"
#509,d-18,849,349,2026-5-30 12:21:2,#480,RCON,Ssq,1,red,enemy,range01_frame_000211.png,105.0,"#480[RCON]が#509[Ssq]領有中のLv.1都市 #509(849,349)を攻撃し、陣営のために破壊宝箱×2を勝ち取りました"
#509,i-12,549,849,2026-5-30 12:22:4,#480,TkTk,AoWU,1,red,enemy,range01_frame_000211.png,105.0,"#480[TkTk]が#509[AoWU]領有中のLv.1都市 #509(549,849)を攻撃し、陣営のために破壊宝箱×2を勝ち取りました"
#480,h-4,149,749,2026-5-30 12:23:3,#534,JDX,MtG,1,blue,ally,range01_frame_000211.png,105.0,"#534[JDX]が#480[MtG]領有中のLv.1都市 #480(149,749)を攻撃し、陣営のために破壊宝箱×2を勝ち取りました"
#511,e-6,249,449,2026-5-30 12:20:3,#523,5DU,2N7,2,red,enemy,range01_frame_000212.png,105.0,"#523[5DU]が#511[2N7]領有中のLv.2都市 #511(249,449)を攻撃し、陣営のために破壊宝箱×5を勝ち取りました"
#509,d-18,849,349,2026-5-30 12:21:2,#480,RCON,Ssq,1,red,enemy,range01_frame_000212.png,105.0,"#480[RCON]が#509[Ssq]領有中のLv.1都市 #509(849,349)を攻撃し、陣営のために破壊宝箱×2を勝ち取りました"
#509,i-12,549,849,2026-5-30 12:22:4,#480,TkTk,AoWU,1,red,enemy,range01_frame_000212.png,105.0,"#480[TkTk]が#509[AoWU]領有中のLv.1都市 #509(549,849)を攻撃し、陣営のために破壊宝箱×2を勝ち取りました"
#480,h-4,149,749,2026-5-30 12:23:3,#534,JDX,MtG,1,blue,ally,range01_frame_000212.png,105.0,"#534[JDX]が#480[MtG]領有中のLv.1都市 #480(149,749)を攻撃し、陣営のために破壊宝箱×2を勝ち取りました"
#511,c-16,749,249,2026-5-30 12:24:?,#480,AAOA,sbM,2,red,enemy,range01_frame_000212.png,105.0,"#480[AAOA]が#511[sbM]領有中のLv.2都市 #511(749,249)を攻撃し、陣営のために破壊宝箱×5を勝ち取りました"
#511,e-6,249,449,2026-5-30 12:20:31,#523,5DU,2N7,2,red,enemy,range01_frame_000213.png,106.0,"#523[5DU]が#511[2N7]領有中のLv.2都市#511(249,449)を攻撃し、陣営のために破壊宝箱×5を勝ち取りました"
#509,d-18,849,349,2026-5-30 12:21:20,#480,RCON,SsQ,1,red,enemy,range01_frame_000213.png,106.0,"#480[RCON]が#509[SsQ]領有中のLv.1都市#509(849,349)を攻撃し、陣営のために破壊宝箱×2を勝ち取りました"
#509,i-12,549,849,2026-5-30 12:22:4,#480,TkTk,AoWU,1,red,enemy,range01_frame_000213.png,106.0,"#480[TkTk]が#509[AoWU]領有中のLv.1都市#509(549,849)を攻撃し、陣営のために破壊宝箱×2を勝ち取りました"
#480,h-4,149,749,2026-5-30 12:23:3,#534,JDX,MtG,1,blue,ally,range01_frame_000213.png,106.0,"#534[JDX]が#480[MtG]領有中のLv.1都市#480(149,749)を攻撃し、陣営のために破壊宝箱×2を勝ち取りました"
#511,c-16,749,249,2026-5-30 12:24:?,#480,AA0A,sbM,2,red,enemy,range01_frame_000213.png,106.0,"#480[AA0A]が#511[sbM]領有中のLv.2都市#511(749,249)を攻撃し、陣営のために破壊宝箱×5を勝ち取りました"
#511,e-6,249,449,2026-5-30 12:20:31,#523,5DU,2N7,2,red,enemy,range01_frame_000214.png,106.0,"#523[5DU]が#511[2N7]領有中のLv.2都市#511(249,449)を攻撃し、陣営のために破壊宝箱×5を勝ち取りました"
#509,d-18,849,349,2026-5-30 12:21:20,#480,RCON,SsQ,1,red,enemy,range01_frame_000214.png,106.0,"#480[RCON]が#509[SsQ]領有中のLv.1都市#509(849,349)を攻撃し、陣営のために破壊宝箱×2を勝ち取りました"
#509,i-12,549,849,2026-5-30 12:22:4,#480,TkTk,AoWU,1,red,enemy,range01_frame_000214.png,106.0,"#480[TkTk]が#509[AoWU]領有中のLv.1都市#509(549,849)を攻撃し、陣営のために破壊宝箱×2を勝ち取りました"
#480,h-4,149,749,2026-5-30 12:23:3,#534,JDX,MtG,1,blue,ally,range01_frame_000214.png,106.0,"#534[JDX]が#480[MtG]領有中のLv.1都市#480(149,749)を攻撃し、陣営のために破壊宝箱×2を勝ち取りました"
#511,c-16,749,249,2026-5-30 12:24:?,#480,AA0A,sbM,2,red,enemy,range01_frame_000214.png,106.0,"#480[AA0A]が#511[sbM]領有中のLv.2都市#511(749,249)を攻撃し、陣営のために破壊宝箱×5を勝ち取りました"
#511,e-6,249,449,2026-5-30 12:20:4,#523,5DU,2N7,2,red,enemy,range01_frame_000215.png,107.0,"#523[5DU]が#511[2N7]領有中のLv.2都市#511(249,449)を攻撃し、陣営のために破壊宝箱×5を勝ち取りました"
#509,d-18,849,349,2026-5-30 12:21:2,#480,RCON,SsQ,1,red,enemy,range01_frame_000215.png,107.0,"#480[RCON]が#509[SsQ]領有中のLv.1都市#509(849,349)を攻撃し、陣営のために破壊宝箱×2を勝ち取りました"
#509,i-12,549,849,2026-5-30 12:22:4,#480,TkTk,AoU,1,red,enemy,range01_frame_000215.png,107.0,"#480[TkTk]が#509[AoU]領有中のLv.1都市#509(549,849)を攻撃し、陣営のために破壊宝箱×2を勝ち取りました"
#480,h-4,149,749,2026-5-30 12:23:3,#534,JDX,MtG,1,blue,ally,range01_frame_000215.png,107.0,"#534[JDX]が#480[MtG]領有中のLv.1都市#480(149,749)を攻撃し、陣営のために破壊宝箱×2を勝ち取りました"
#511,c-16,749,249,2026-5-30 12:24:1,#480,AA0A,sbM,2,red,enemy,range01_frame_000215.png,107.0,"#480[AA0A]が#511[sbM]領有中のLv.2都市#511(749,249)を攻撃し、陣営のために破壊宝箱×5を勝ち取りました"
#511,d-4,149,349,2026-5-30 12:25:1,#523,5DU,,1,red,enemy,range01_frame_000216.png,107.0,"#523[5DU]が#511領有中のLv.1都市#511(149,349)を攻撃し、陣営のために破壊宝箱×2を勝ち取りました"
#509,e-8,349,449,2026-5-30 12:26:?,#476,476A,SsQ,3,red,enemy,range01_frame_000216.png,107.0,"#476[476A]が#509[SsQ]領有中のLv.3都市#509(349,449)を攻撃し、陣営のために破壊宝箱×10を..."
#509,i-12,549,849,2026-5-30 12:22:4,#509,,,,unknown,unknown,range01_frame_000217.png,108.0,"#509(549,849)を攻撃し、陣営のために破壊宝箱×2を勝ち取りました"
#480,h-4,149,749,2026-5-30 12:23:3,#534,JDX,MtG,1,blue,ally,range01_frame_000217.png,108.0,"#534[JDX]が#480[MtG]領有中のLv.1都市 #480(149,749)を攻撃し、陣営のために破壊宝箱×2を勝ち取りました"
#511,c-16,749,249,2026-5-30 12:24:1,#480,AA0A,sbM,2,red,enemy,range01_frame_000217.png,108.0,"#480[AA0A]が#511[sbM]領有中のLv.2都市 #511(749,249)を攻撃し、陣営のために破壊宝箱×5を勝ち取りました"
#511,d-4,149,349,2026-5-30 12:25:1,#523,5DU,,1,red,enemy,range01_frame_000217.png,108.0,"#523[5DU]が#511領有中のLv.1都市 #511(149,349)を攻撃し、陣営のために破壊宝箱×2を勝ち取りました"
#509,e-8,349,449,2026-5-30 12:30:0,#476,476A,SsQ,3,red,enemy,range01_frame_000217.png,108.0,"#476[476A]が#509[SsQ]領有中のLv.3都市 #509(349,449)を攻撃し、陣営のために破壊宝箱×10を勝ち取りました"
#509,d-8,349,349,2026-5-30 12:32:2,#476,476A,VEX,3,red,enemy,range01_frame_000217.png,108.0,"#476[476A]が#509[VEX]領有中のLv.3都市 #509(349,349)を攻撃し、陣営のために破壊宝箱×10を勝ち取りました"
#480,h-4,149,749,2026-5-30 12:23:3,#534,JDX,MtG,1,blue,ally,range01_frame_000218.png,108.0,"#534[JDX]が#480[MtG]領有中のLv.1都市 #480(149,749)を攻撃し、陣営のために破壊宝箱×2を勝ち取りました"
#511,c-16,749,249,2026-5-30 12:24:1,#480,AA0A,sbM,2,red,enemy,range01_frame_000218.png,108.0,"#480[AA0A]が#511[sbM]領有中のLv.2都市 #511(749,249)を攻撃し、陣営のために破壊宝箱×5を勝ち取りました"
#511,d-4,149,349,2026-5-30 12:25:1,#523,5DU,,1,red,enemy,range01_frame_000218.png,108.0,"#523[5DU]が#511領有中のLv.1都市 #511(149,349)を攻撃し、陣営のために破壊宝箱×2を勝ち取りました"
#509,e-8,349,449,2026-5-30 12:30:0,#476,476A,SsQ,3,red,enemy,range01_frame_000218.png,108.0,"#476[476A]が#509[SsQ]領有中のLv.3都市 #509(349,449)を攻撃し、陣営のために破壊宝箱×10を勝ち取りました"
#509,d-8,349,349,2026-5-30 12:32:2,#476,476A,VEX,3,red,enemy,range01_frame_000218.png,108.0,"#476[476A]が#509[VEX]領有中のLv.3都市 #509(349,349)を攻撃し、陣営のために破壊宝箱×10を勝ち取りました"
#511,c-16,749,249,2026-5-30 12:23:3,#480,AAOA,sbM,2,red,enemy,range01_frame_000219.png,109.0,"#480[AAOA]が#511[sbM]領有中のLv.2都市 #511(749,249)を攻撃し、陣営のために破壊宝箱×5を勝ち取りました"
#511,d-4,149,349,2026-5-30 12:24:1,#523,5DU,,1,red,enemy,range01_frame_000219.png,109.0,"#523[5DU]が#511領有中のLv.1都市 #511(149,349)を攻撃し、陣営のために破壊宝箱×2を勝ち取りました"
#509,e-8,349,449,2026-5-30 12:30:0,#476,476A,SsQ,3,red,enemy,range01_frame_000219.png,109.0,"#476[476A]が#509[SsQ]領有中のLv.3都市 #509(349,449)を攻撃し、陣営のために破壊宝箱×10を勝ち取りました"
#509,d-8,349,349,2026-5-30 12:32:2,#476,476A,VEX,3,red,enemy,range01_frame_000219.png,109.0,"#476[476A]が#509[VEX]領有中のLv.3都市 #509(349,349)を攻撃し、陣営のために破壊宝箱×10を勝ち取りました"
#509,j-16,749,949,2026-5-30 12:32:5,#503,UMN,OTT,1,red,enemy,range01_frame_000219.png,109.0,"#503[UMN]が#509[OTT]領有中のLv.1都市 #509(749,949)を攻撃し、陣営のために破壊宝箱×2を勝ち取りました"
#511,c-16,749,249,2026-5-30 12:24:1,#480,AAOA,sbM,2,red,enemy,range01_frame_000220.png,109.0,"#480[AAOA]が#511[sbM]領有中のLv.2都市 #511(749,249)を攻撃し、陣営のために破壊宝箱×5を勝ち取りました"
#511,d-4,149,349,2026-5-30 12:25:1,#523,5DU,,1,red,enemy,range01_frame_000220.png,109.0,"#523[5DU]が#511領有中のLv.1都市 #511(149,349)を攻撃し、陣営のために破壊宝箱×2を勝ち取りました"
#509,e-8,349,449,2026-5-30 12:30:0,#476,476A,SsQ,3,red,enemy,range01_frame_000220.png,109.0,"#476[476A]が#509[SsQ]領有中のLv.3都市 #509(349,449)を攻撃し、陣営のために破壊宝箱×10を勝ち取りました"
#509,d-8,349,349,2026-5-30 12:32:2,#476,476A,VEX,3,red,enemy,range01_frame_000220.png,109.0,"#476[476A]が#509[VEX]領有中のLv.3都市 #509(349,349)を攻撃し、陣営のために破壊宝箱×10を勝ち取りました"
#509,j-16,749,949,2026-5-30 12:32:5,#503,UMN,OTT,1,red,enemy,range01_frame_000220.png,109.0,"#503[UMN]が#509[OTT]領有中のLv.1都市 #509(749,949)を攻撃し、陣営のために破壊宝箱×2を勝ち取りました"
#511,d-4,149,349,2026-5-30 12:25:11,#523,5DU,,1,red,enemy,range01_frame_000221.png,110.0,"#523[5DU]が#511領有中のLv.1都市 #511(149,349)を攻撃し、陣営のために破壊宝箱×2を勝ち取りました"
#509,e-8,349,449,2026-5-30 12:30:00,#476,476A,SsQ,3,red,enemy,range01_frame_000221.png,110.0,"#476[476A]が#509[SsQ]領有中のLv.3都市 #509(349,449)を攻撃し、陣営のために破壊宝箱×10を勝ち取りました"
#509,d-8,349,349,2026-5-30 12:32:2,#476,476A,VEX,3,red,enemy,range01_frame_000221.png,110.0,"#476[476A]が#509[VEX]領有中のLv.3都市 #509(349,349)を攻撃し、陣営のために破壊宝箱×10を勝ち取りました"
#509,j-16,749,949,2026-5-30 12:32:5,#503,UMN,OTT,1,red,enemy,range01_frame_000221.png,110.0,"#503[UMN]が#509[OTT]領有中のLv.1都市 #509(749,949)を攻撃し、陣営のために破壊宝箱×2を勝ち取りました"
#480,e-8,349,449,2026-5-30,#440,BAJ,BgNa,3,blue,ally,range01_frame_000221.png,110.0,"#440[BAJ]が#480[BgNa]領有中のLv.3都市 #480(349,449)を攻撃し、陣営のために破壊宝箱×10を勝ち取りました"
#511,d-4,149,349,2026-5-30 12:25:11,#523,5DU,,1,red,enemy,range01_frame_000222.png,110.0,"#523[5DU]が#511領有中のLv.1都市 #511(149,349)を攻撃し、陣営のために破壊宝箱×2を勝ち取りました"
#509,e-8,349,449,2026-5-30 12:30:00,#476,476A,SsQ,3,red,enemy,range01_frame_000222.png,110.0,"#476[476A]が#509[SsQ]領有中のLv.3都市 #509(349,449)を攻撃し、陣営のために破壊宝箱×10を勝ち取りました"
#509,d-8,349,349,2026-5-30 12:32:2,#476,476A,VEX,3,red,enemy,range01_frame_000222.png,110.0,"#476[476A]が#509[VEX]領有中のLv.3都市 #509(349,349)を攻撃し、陣営のために破壊宝箱×10を勝ち取りました"
#509,j-16,749,949,2026-5-30 12:32:5,#503,UMN,OTT,1,red,enemy,range01_frame_000222.png,110.0,"#503[UMN]が#509[OTT]領有中のLv.1都市 #509(749,949)を攻撃し、陣営のために破壊宝箱×2を勝ち取りました"
#480,e-8,349,449,2026-5-30,#440,BAJ,BgNa,3,blue,ally,range01_frame_000222.png,110.0,"#440[BAJ]が#480[BgNa]領有中のLv.3都市 #480(349,449)を攻撃し、陣営のために破壊宝箱×10を勝ち取りました"
#511,d-4,149,349,2026-5-30 12:25:1,#523,5DU,,1,red,enemy,range01_frame_000223.png,111.0,"#523[5DU]が#511領有中のLv.1都市 #511(149,349)を攻撃し、陣営のために破壊宝箱×2を勝ち取りました"
#509,e-8,349,449,2026-5-30 12:30:0,#476,476A,SsQ,3,red,enemy,range01_frame_000223.png,111.0,"#476[476A]が#509[SsQ]領有中のLv.3都市 #509(349,449)を攻撃し、陣営のために破壊宝箱×10を勝ち取りました"
#509,d-8,349,349,2026-5-30 12:32:2,#476,476A,VEX,3,red,enemy,range01_frame_000223.png,111.0,"#476[476A]が#509[VEX]領有中のLv.3都市 #509(349,349)を攻撃し、陣営のために破壊宝箱×10を勝ち取りました"
#509,j-16,749,949,2026-5-30 12:32:5,#503,UMN,OTT,1,red,enemy,range01_frame_000223.png,111.0,"#503[UMN]が#509[OTT]領有中のLv.1都市 #509(749,949)を攻撃し、陣営のために破壊宝箱×2を勝ち取りました"
#480,e-8,349,449,2026-5-30 12:34:4,#440,BAJ,BgNa,3,blue,ally,range01_frame_000223.png,111.0,"#440[BAJ]が#480[BgNa]領有中のLv.3都市 #480(349,449)を攻撃し、陣営のために破壊宝箱×10を勝ち取りました"
#509,e-8,349,449,2026-5-30 12:30:0,#476,476A,SsQ,3,red,enemy,range01_frame_000224.png,111.0,"#476[476A]が#509[SsQ]領有中のLv.3都市 #509(349,449)を攻撃し、陣営のために破壊宝箱×10を勝ち取りました"
#509,d-8,349,349,2026-5-30 12:32:2,#476,476A,VEX,3,red,enemy,range01_frame_000224.png,111.0,"#476[476A]が#509[VEX]領有中のLv.3都市 #509(349,349)を攻撃し、陣営のために破壊宝箱×10を勝ち取りました"
#509,j-16,749,949,2026-5-30 12:32:5,#503,UMN,OTT,1,red,enemy,range01_frame_000224.png,111.0,"#503[UMN]が#509[OTT]領有中のLv.1都市 #509(749,949)を攻撃し、陣営のために破壊宝箱×2を勝ち取りました"
#480,e-8,349,449,2026-5-30 12:34:4,#440,BAJ,BgNa,3,blue,ally,range01_frame_000224.png,111.0,"#440[BAJ]が#480[BgNa]領有中のLv.3都市 #480(349,449)を攻撃し、陣営のために破壊宝箱×10を勝ち取りました"
#509,b-12,549,149,2026-5-30 12:41:0,#503,TIKW,VEX,1,red,enemy,range01_frame_000224.png,111.0,"#503[TIKW]が#509[VEX]領有中のLv.1都市 #509(549,149)を攻撃し、陣営のために破壊宝箱×2を勝ち取りました"
#509,d-8,349,349,2026-5-30 12:32:2,#476,476A,VEX,3,red,enemy,range01_frame_000225.png,112.0,"#476[476A]が#509[VEX]領有中のLv.3都市 #509(349,349)を攻撃し、陣営のために破壊宝箱×10を勝ち取りました"
#509,j-16,749,949,2026-5-30 12:32:5,#503,UMN,OTT,1,red,enemy,range01_frame_000225.png,112.0,"#503[UMN]が#509[OTT]領有中のLv.1都市 #509(749,949)を攻撃し、陣営のために破壊宝箱×2を勝ち取りました"
#480,e-8,349,449,2026-5-30 12:34:4,#440,BAJ,BgNa,3,blue,ally,range01_frame_000225.png,112.0,"#440[BAJ]が#480[BgNa]領有中のLv.3都市 #480(349,449)を攻撃し、陣営のために破壊宝箱×10を勝ち取りました"
#509,b-12,549,149,2026-5-30 12:41:0,#503,TIKW,VEX,1,red,enemy,range01_frame_000225.png,112.0,"#503[TIKW]が#509[VEX]領有中のLv.1都市 #509(549,149)を攻撃し、陣営のために破壊宝箱×2を勝ち取りました"
#511,g-12,549,649,2026-5-30 12:42:5,#480,BgNa,DaNG,3,red,enemy,range01_frame_000225.png,112.0,"#480[BgNa]が#511[DaNG]領有中のLv.3都市 #511(549,649)を攻撃し、陣営のために破壊宝箱×10を勝ち取りました"
#440,e-4,149,449,2026-5-30 12:43:3,#476,476X,IMp,1,red,enemy,range01_frame_000226.png,112.0,"#476[476X]が#440[IMp]領有中のLv.1都市 #440(149,449)を攻撃し、陣営のために破壊宝箱×2を勝ち取りました"
#480,e-8,349,449,2026-5-30 12:34:40,#440,BAJ,BgNa,3,blue,ally,range01_frame_000227.png,113.0,"#440[BAJ]が#480[BgNa]領有中のLv.3都市 #480(349,449)を攻撃し、陣営のために破壊宝箱×10を勝ち取りました"
#509,b-12,549,149,2026-5-30 12:41:08,#503,TIKW,VEX,1,red,enemy,range01_frame_000227.png,113.0,"#503[TIKW]が#509[VEX]領有中のLv.1都市 #509(549,149)を攻撃し、陣営のために破壊宝箱×2を勝ち取りました"
#511,g-12,549,649,2026-5-30 12:42:55,#480,BgNa,DaNG,3,red,enemy,range01_frame_000227.png,113.0,"#480[BgNa]が#511[DaNG]領有中のLv.3都市 #511(549,649)を攻撃し、陣営のために破壊宝箱×10を勝ち取りました"
#440,e-4,149,449,2026-5-30 12:43:33,#476,476X,Mp,1,red,enemy,range01_frame_000227.png,113.0,"#476[476X]が#440[Mp]領有中のLv.1都市 #440(149,449)を攻撃し、陣営のために破壊宝箱×2を勝ち取りました"
#440,f-4,149,549,2026-5-30 12:43:58,#476,476M,Mp,1,red,enemy,range01_frame_000227.png,113.0,"#476[476M]が#440[Mp]領有中のLv.1都市 #440(149,549)を攻撃し、陣営のために破壊宝箱×2を勝ち取りました"
#480,e-8,349,449,2026-5-30 12:34:40,#440,BAJ,BgNa,3,blue,ally,range01_frame_000228.png,113.0,"#440[BAJ]が#480[BgNa]領有中のLv.3都市 #480(349,449)を攻撃し、陣営のために破壊宝箱×10を勝ち取りました"
#509,b-12,549,149,2026-5-30 12:41:08,#503,TIKW,VEX,1,red,enemy,range01_frame_000228.png,113.0,"#503[TIKW]が#509[VEX]領有中のLv.1都市 #509(549,149)を攻撃し、陣営のために破壊宝箱×2を勝ち取りました"
#511,g-12,549,649,2026-5-30 12:42:55,#480,BgNa,DaNG,3,red,enemy,range01_frame_000228.png,113.0,"#480[BgNa]が#511[DaNG]領有中のLv.3都市 #511(549,649)を攻撃し、陣営のために破壊宝箱×10を勝ち取りました"
#440,e-4,149,449,2026-5-30 12:43:33,#476,476X,Mp,1,red,enemy,range01_frame_000228.png,113.0,"#476[476X]が#440[Mp]領有中のLv.1都市 #440(149,449)を攻撃し、陣営のために破壊宝箱×2を勝ち取りました"
#440,f-4,149,549,2026-5-30 12:43:58,#476,476M,Mp,1,red,enemy,range01_frame_000228.png,113.0,"#476[476M]が#440[Mp]領有中のLv.1都市 #440(149,549)を攻撃し、陣営のために破壊宝箱×2を勝ち取りました"
#480,e-8,349,449,2026-5-30 12:34:40,#440,BAJ,BgNa,3,blue,ally,range01_frame_000229.png,114.0,"#440[BAJ]が#480[BgNa]領有中のLv.3都市 #480(349,449)を攻撃し、陣営のために破壊宝箱×10を勝ち取りました"
#509,b-12,549,149,2026-5-30 12:41:0,#503,TIKW,VEX,1,red,enemy,range01_frame_000229.png,114.0,"#503[TIKW]が#509[VEX]領有中のLv.1都市 #509(549,149)を攻撃し、陣営のために破壊宝箱×2を勝ち取りました"
#511,g-12,549,649,2026-5-30 12:42:5,#480,BgNa,DaNG,3,red,enemy,range01_frame_000229.png,114.0,"#480[BgNa]が#511[DaNG]領有中のLv.3都市 #511(549,649)を攻撃し、陣営のために破壊宝箱×10を勝ち取りました"
#440,e-4,149,449,2026-5-30 12:43:3,#476,476X,IMp,1,red,enemy,range01_frame_000229.png,114.0,"#476[476X]が#440[IMp]領有中のLv.1都市 #440(149,449)を攻撃し、陣営のために破壊宝箱×2を勝ち取りました"
#440,f-4,149,549,2026-5-30 12:43:5,#476,476M,IMp,1,red,enemy,range01_frame_000229.png,114.0,"#476[476M]が#440[IMp]領有中のLv.1都市 #440(149,549)を攻撃し、陣営のために破壊宝箱×2を勝ち取りました"
#480,e-8,349,449,2026-5-30 12:34:40,#440,BAJ,BgNa,3,blue,ally,range01_frame_000230.png,114.0,"#440[BAJ]が#480[BgNa]領有中のLv.3都市 #480(349,449)を攻撃し、陣営のために破壊宝箱×10を勝ち取りました"
#509,b-12,549,149,2026-5-30 12:41:0,#503,TIKW,VEX,1,red,enemy,range01_frame_000230.png,114.0,"#503[TIKW]が#509[VEX]領有中のLv.1都市 #509(549,149)を攻撃し、陣営のために破壊宝箱×2を勝ち取りました"
#511,g-12,549,649,2026-5-30 12:42:5,#480,BgNa,DaNG,3,red,enemy,range01_frame_000230.png,114.0,"#480[BgNa]が#511[DaNG]領有中のLv.3都市 #511(549,649)を攻撃し、陣営のために破壊宝箱×10を勝ち取りました"
#440,e-4,149,449,2026-5-30 12:43:3,#476,476X,IMp,1,red,enemy,range01_frame_000230.png,114.0,"#476[476X]が#440[IMp]領有中のLv.1都市 #440(149,449)を攻撃し、陣営のために破壊宝箱×2を勝ち取りました"
#440,f-4,149,549,2026-5-30 12:43:5,#476,476M,IMp,1,red,enemy,range01_frame_000230.png,114.0,"#476[476M]が#440[IMp]領有中のLv.1都市 #440(149,549)を攻撃し、陣営のために破壊宝箱×2を勝ち取りました"
#509,b-12,549,149,2026-5-30 12:41:08,#503,TIKW,VEX,1,red,enemy,range01_frame_000231.png,115.0,"#503[TIKW]が#509[VEX]領有中のLv.1都市 #509(549,149)を攻撃し、陣営のために破壊宝箱×2を勝ち取りました"
#511,g-12,549,649,2026-5-30 12:42:58,#480,BgNa,DaNG,3,red,enemy,range01_frame_000231.png,115.0,"#480[BgNa]が#511[DaNG]領有中のLv.3都市 #511(549,649)を攻撃し、陣営のために破壊宝箱×10を勝ち取りました"
#440,e-4,149,449,2026-5-30 12:43:33,#476,476X,IMp,1,red,enemy,range01_frame_000231.png,115.0,"#476[476X]が#440[IMp]領有中のLv.1都市 #440(149,449)を攻撃し、陣営のために破壊宝箱×2を勝ち取りました"
#440,f-4,149,549,2026-5-30 12:43:59,#476,476M,IMp,1,red,enemy,range01_frame_000231.png,115.0,"#476[476M]が#440[IMp]領有中のLv.1都市 #440(149,549)を攻撃し、陣営のために破壊宝箱×2を勝ち取りました"
#440,f-2,49,549,2026-5-30 12:46:4,#476,476M,,1,blue,ally,range01_frame_000231.png,115.0,"#476[476M]が#440領有中のLv.1都市 #440(49,549)を攻撃し、陣営のために破壊宝箱×2を勝ち取りました"
#511,g-12,549,649,2026-5-30 12:42:58,#480,BgNa,DaNG,3,red,enemy,range01_frame_000233.png,116.0,"#480[BgNa]が#511[DaNG]領有中のLv.3都市 #511(549,649)を攻撃し、陣営のために破壊宝箱×10を勝ち取りました"
#440,e-4,149,449,2026-5-30 12:43:31,#476,476X,IMp,1,red,enemy,range01_frame_000233.png,116.0,"#476[476X]が#440[IMp]領有中のLv.1都市 #440(149,449)を攻撃し、陣営のために破壊宝箱×2を勝ち取りました"
#440,f-4,149,549,2026-5-30 12:43:58,#476,476M,IMp,1,red,enemy,range01_frame_000233.png,116.0,"#476[476M]が#440[IMp]領有中のLv.1都市 #440(149,549)を攻撃し、陣営のために破壊宝箱×2を勝ち取りました"
#440,f-2,49,549,2026-5-30 12:46:40,#476,476M,,1,blue,ally,range01_frame_000233.png,116.0,"#476[476M]が#440領有中のLv.1都市 #440(49,549)を攻撃し、陣営のために破壊宝箱×2を勝ち取りました"
#509,j-18,849,949,2026-5-30 12:50:1,#503,hMt,OTT,1,red,enemy,range01_frame_000233.png,116.0,"#503[hMt]が#509[OTT]領有中のLv.1都市 #509(849,949)を攻撃し、陣営のために破壊宝箱×2を勝ち取りました"
#511,g-12,549,649,2026-5-30 12:42:58,#480,BgNa,DaNG,3,red,enemy,range01_frame_000234.png,116.0,"#480[BgNa]が#511[DaNG]領有中のLv.3都市 #511(549,649)を攻撃し、陣営のために破壊宝箱×10を勝ち取りました"
#440,e-4,149,449,2026-5-30 12:43:31,#476,476X,IMp,1,red,enemy,range01_frame_000234.png,116.0,"#476[476X]が#440[IMp]領有中のLv.1都市 #440(149,449)を攻撃し、陣営のために破壊宝箱×2を勝ち取りました"
#440,f-4,149,549,2026-5-30 12:43:58,#476,476M,IMp,1,red,enemy,range01_frame_000234.png,116.0,"#476[476M]が#440[IMp]領有中のLv.1都市 #440(149,549)を攻撃し、陣営のために破壊宝箱×2を勝ち取りました"
#440,f-2,49,549,2026-5-30 12:46:40,#476,476M,,1,blue,ally,range01_frame_000234.png,116.0,"#476[476M]が#440領有中のLv.1都市 #440(49,549)を攻撃し、陣営のために破壊宝箱×2を勝ち取りました"
#509,j-18,849,949,2026-5-30 12:50:1,#503,hMt,OTT,1,red,enemy,range01_frame_000234.png,116.0,"#503[hMt]が#509[OTT]領有中のLv.1都市 #509(849,949)を攻撃し、陣営のために破壊宝箱×2を勝ち取りました"
#511,a-14,649,49,,#523,EDFS,,1,red,enemy,range01_frame_000234.png,116.0,"#523[EDFS]が#511領有中のLv.1都市 #511(649,49)を攻撃し、陣営のために破壊宝箱×?を勝ち取りました"
#440,e-4,149,449,2026-5-30 12:43:33,#476,476X,IMp,1,red,enemy,range01_frame_000235.png,117.0,"#476[476X]が#440[IMp]領有中のLv.1都市 #440(149,449)を攻撃し、陣営のために破壊宝箱×2を勝ち取りました"
#440,f-4,149,549,2026-5-30 12:43:58,#476,476M,IMp,1,red,enemy,range01_frame_000235.png,117.0,"#476[476M]が#440[IMp]領有中のLv.1都市 #440(149,549)を攻撃し、陣営のために破壊宝箱×2を勝ち取りました"
#440,f-2,49,549,2026-5-30 12:46:40,#476,476M,,1,blue,ally,range01_frame_000235.png,117.0,"#476[476M]が#440領有中のLv.1都市 #440(49,549)を攻撃し、陣営のために破壊宝箱×2を勝ち取りました"
#509,j-18,849,949,2026-5-30 12:50:10,#503,hMt,OTT,1,red,enemy,range01_frame_000235.png,117.0,"#503[hMt]が#509[OTT]領有中のLv.1都市 #509(849,949)を攻撃し、陣営のために破壊宝箱×2を勝ち取りました"
#511,a-14,649,49,2026-5-30 13:03:40,#523,EDFS,,1,red,enemy,range01_frame_000235.png,117.0,"#523[EDFS]が#511領有中のLv.1都市 #511(649,49)を攻撃し、陣営のために破壊宝箱×2を勝ち取りました"
#440,f-4,149,549,2026-5-30 12:43:58,#476,476M,IMp,1,red,enemy,range01_frame_000236.png,117.0,"#476[476M]が#440[IMp]領有中のLv.1都市 #440(149,549)を攻撃し、陣営のために破壊宝箱×2を勝ち取りました"
#440,f-2,49,549,2026-5-30 12:46:40,#476,476M,,1,blue,ally,range01_frame_000236.png,117.0,"#476[476M]が#440領有中のLv.1都市 #440(49,549)を攻撃し、陣営のために破壊宝箱×2を勝ち取りました"
#509,j-18,849,949,2026-5-30 12:50:10,#503,hMt,OTT,1,red,enemy,range01_frame_000236.png,117.0,"#503[hMt]が#509[OTT]領有中のLv.1都市 #509(849,949)を攻撃し、陣営のために破壊宝箱×2を勝ち取りました"
#511,a-14,649,49,2026-5-30 13:03:40,#523,EDFS,,1,red,enemy,range01_frame_000236.png,117.0,"#523[EDFS]が#511領有中のLv.1都市 #511(649,49)を攻撃し、陣営のために破壊宝箱×2を勝ち取りました"
#511,i-14,649,849,2026-5-30 13:06:10,#480,CDf8,,1,red,enemy,range01_frame_000236.png,117.0,"#480[CDf8]が#511領有中のLv.1都市 #511(649,849)を攻撃し、陣営のために破壊宝箱×2を勝ち取りました"
#440,f-4,149,549,2026-5-30 12:43:5,#440,,,1,unknown,unknown,range01_frame_000237.png,118.0,"#440(149,549)を攻撃し、陣営のために破壊宝箱×2を勝ち取りました"
#440,f-2,49,549,2026-5-30 12:46:4,#476,476M,,1,red,enemy,range01_frame_000237.png,118.0,"#476[476M]が#440領有中のLv.1都市#440(49,549)を攻撃し、陣営のために破壊宝箱×2を勝ち取りました"
#509,j-18,849,949,2026-5-30 12:50:1,#503,hMt,OTT,1,red,enemy,range01_frame_000237.png,118.0,"#503[hMt]が#509[OTT]領有中のLv.1都市#509(849,949)を攻撃し、陣営のために破壊宝箱×2を勝ち取りました"
#511,a-14,649,49,2026-5-30 13:03:4,#523,EDFS,,1,red,enemy,range01_frame_000237.png,118.0,"#523[EDFS]が#511領有中のLv.1都市#511(649,49)を攻撃し、陣営のために破壊宝箱×2を勝ち取りました"
#511,i-14,649,849,2026-5-30 13:06:1,#480,CDf8,,1,red,enemy,range01_frame_000237.png,118.0,"#480[CDf8]が#511領有中のLv.1都市#511(649,849)を攻撃し、陣営のために破壊宝箱×2を勝ち取りました"
#511,f-8,349,549,2026-5-30 20:04:5,#523,WUG,JLO,3,red,enemy,range01_frame_000237.png,118.0,"#523[WUG]が#511[JLO]領有中のLv.3都市#511(349,549)を攻撃し、陣営のために破壊宝箱×10を勝ち取りました"
#440,f-2,49,549,2026-5-30 12:46:4,#476,476M,,1,red,enemy,range01_frame_000238.png,118.0,"#476[476M]が#440領有中のLv.1都市#440(49,549)を攻撃し、陣営のために破壊宝箱×2を勝ち取りました"
#509,j-18,849,949,2026-5-30 12:50:1,#503,hMt,OTT,1,red,enemy,range01_frame_000238.png,118.0,"#503[hMt]が#509[OTT]領有中のLv.1都市#509(849,949)を攻撃し、陣営のために破壊宝箱×2を勝ち取りました"
#511,a-14,649,49,2026-5-30 13:03:4,#523,EDFS,,1,red,enemy,range01_frame_000238.png,118.0,"#523[EDFS]が#511領有中のLv.1都市#511(649,49)を攻撃し、陣営のために破壊宝箱×2を勝ち取りました"
#511,i-14,649,849,2026-5-30 13:06:1,#480,CDf8,,1,red,enemy,range01_frame_000238.png,118.0,"#480[CDf8]が#511領有中のLv.1都市#511(649,849)を攻撃し、陣営のために破壊宝箱×2を勝ち取りました"
#511,f-8,349,549,2026-5-30 20:04:5,#523,WUG,JLO,3,red,enemy,range01_frame_000238.png,118.0,"#523[WUG]が#511[JLO]領有中のLv.3都市#511(349,549)を攻撃し、陣営のために破壊宝箱×10を勝ち取りました"
#509,j-18,849,949,2026-5-30 12:46:4,#503,hMt,OTT,1,red,enemy,range01_frame_000239.png,119.0,"#503[hMt]が#509[OTT]領有中のLv.1都市#509(849,949)を攻撃し、陣営のために破壊宝箱×2を勝ち取りました"
#511,a-14,649,49,2026-5-30 12:50:1,#523,EDFS,,1,blue,ally,range01_frame_000239.png,119.0,"#523[EDFS]が#511領有中のLv.1都市#511(649,49)を攻撃し、陣営のために破壊宝箱×2を勝ち取りました"
#511,i-14,649,849,2026-5-30 13:03:4,#480,CDf8,,1,red,enemy,range01_frame_000239.png,119.0,"#480[CDf8]が#511領有中のLv.1都市#511(649,849)を攻撃し、陣営のために破壊宝箱×2を勝ち取りました"
#511,f-8,349,549,2026-5-30 20:04:5,#523,WUG,JL0,3,red,enemy,range01_frame_000239.png,119.0,"#523[WUG]が#511[JL0]領有中のLv.3都市#511(349,549)を攻撃し、陣営のために破壊宝箱×10を勝ち取りました"
#509,j-12,549,949,2026-5-30 20:07:4,#503,UMN,AoW,1,red,enemy,range01_frame_000239.png,119.0,"#503[UMN]が#509[AoW]領有中のLv.1都市#509(549,949)を攻撃し、陣営のために破壊宝箱×2を勝ち取りました"
#509,j-18,849,949,2026-5-30 12:46:4,#503,hMt,OTT,1,red,enemy,range01_frame_000241.png,120.0,"#503[hMt]が#509[OTT]領有中のLv.1都市#509(849,949)を攻撃し、陣営のために破壊宝箱×2を勝ち取りました"
#511,a-14,649,49,2026-5-30 12:50:1,#523,EDFS,,1,red,enemy,range01_frame_000241.png,120.0,"#523[EDFS]が#511領有中のLv.1都市#511(649,49)を攻撃し、陣営のために破壊宝箱×2を勝ち取りました"
#511,i-14,649,849,2026-5-30 13:06:1,#480,CDf8,,1,red,enemy,range01_frame_000241.png,120.0,"#480[CDf8]が#511領有中のLv.1都市#511(649,849)を攻撃し、陣営のために破壊宝箱×2を勝ち取りました"
#511,f-8,349,549,2026-5-30 20:04:5,#523,WUG,JLO,3,red,enemy,range01_frame_000241.png,120.0,"#523[WUG]が#511[JLO]領有中のLv.3都市#511(349,549)を攻撃し、陣営のために破壊宝箱×10を勝ち取りました"
#509,j-12,549,949,2026-5-30 20:07:4,#503,UMN,AoUW,1,red,enemy,range01_frame_000241.png,120.0,"#503[UMN]が#509[AoUW]領有中のLv.1都市#509(549,949)を攻撃し、陣営のために破壊宝箱×2を勝ち取りました"
#511,a-14,649,49,2026-5-30 13:03:4,#523,EDFS,,1,red,enemy,range01_frame_000243.png,121.0,"#523[EDFS]が#511領有中のLv.1都市#511(649,49)を攻撃し、陣営のために破壊宝箱×2を勝ち取りました"
#511,i-14,649,849,2026-5-30 13:06:1,#480,CDf8,,1,red,enemy,range01_frame_000243.png,121.0,"#480[CDf8]が#511領有中のLv.1都市#511(649,849)を攻撃し、陣営のために破壊宝箱×2を勝ち取りました"
#511,f-8,349,549,2026-5-30 20:04:5,#523,WUG,JL0,3,red,enemy,range01_frame_000243.png,121.0,"#523[WUG]が#511[JL0]領有中のLv.3都市#511(349,549)を攻撃し、陣営のために破壊宝箱×10を勝ち取りました"
#509,j-12,549,949,2026-5-30 20:07:4,#503,UMN,AoUW,1,red,enemy,range01_frame_000243.png,121.0,"#503[UMN]が#509[AoUW]領有中のLv.1都市#509(549,949)を攻撃し、陣営のために破壊宝箱×2を勝ち取りました"
#509,i-10,449,849,2026-5-30 20:12:3,#503,Stj,AoUW,1,red,enemy,range01_frame_000243.png,121.0,"#503[Stj]が#509[AoUW]領有中のLv.1都市#509(449,849)を攻撃し、陣営のために破壊宝箱×2を勝ち取りました"
#511,a-14,649,49,2026-5-30 13:03:4,#523,EDFS,,1,red,enemy,range01_frame_000244.png,121.0,"#523[EDFS]が#511領有中のLv.1都市#511(649,49)を攻撃し、陣営のために破壊宝箱×2を勝ち取りました"
#511,i-14,649,849,2026-5-30 13:06:1,#480,CDf8,,1,red,enemy,range01_frame_000244.png,121.0,"#480[CDf8]が#511領有中のLv.1都市#511(649,849)を攻撃し、陣営のために破壊宝箱×2を勝ち取りました"
#511,f-8,349,549,2026-5-30 20:04:5,#523,WUG,JL0,3,red,enemy,range01_frame_000244.png,121.0,"#523[WUG]が#511[JL0]領有中のLv.3都市#511(349,549)を攻撃し、陣営のために破壊宝箱×10を勝ち取りました"
#509,j-12,549,949,2026-5-30 20:07:4,#503,UMN,AoUW,1,red,enemy,range01_frame_000244.png,121.0,"#503[UMN]が#509[AoUW]領有中のLv.1都市#509(549,949)を攻撃し、陣営のために破壊宝箱×2を勝ち取りました"
#509,i-10,449,849,2026-5-30 20:12:3,#503,Stj,AoUW,1,red,enemy,range01_frame_000244.png,121.0,"#503[Stj]が#509[AoUW]領有中のLv.1都市#509(449,849)を攻撃し、陣営のために破壊宝箱×2を勝ち取りました"
#511,i-14,649,849,2026-5-30 13:06:1,#480,CDf8,,1,red,enemy,range01_frame_000245.png,122.0,"#480[CDf8]が#511領有中のLv.1都市#511(649,849)を攻撃し、陣営のために破壊宝箱×2を勝ち取りました"
#511,f-8,349,549,2026-5-30 20:04:5,#523,WUG,JLO,3,red,enemy,range01_frame_000245.png,122.0,"#523[WUG]が#511[JLO]領有中のLv.3都市#511(349,549)を攻撃し、陣営のために破壊宝箱×10を勝ち取りました"
#509,j-12,549,949,2026-5-30 20:07:4,#503,UMN,AoW,1,red,enemy,range01_frame_000245.png,122.0,"#503[UMN]が#509[AoW]領有中のLv.1都市#509(549,949)を攻撃し、陣営のために破壊宝箱×2を勝ち取りました"
#509,i-10,449,849,2026-5-30 20:12:3,#503,Stj,AoW,1,red,enemy,range01_frame_000245.png,122.0,"#503[Stj]が#509[AoW]領有中のLv.1都市#509(449,849)を攻撃し、陣営のために破壊宝箱×2を勝ち取りました"
#509,i-18,849,849,2026-5-30 20:14:5,#503,Stj,OTT,1,red,enemy,range01_frame_000245.png,122.0,"#503[Stj]が#509[OTT]領有中のLv.1都市#509(849,849)を攻撃し、陣営のために破壊宝箱×2を勝ち取りました"
#480,f-8,349,549,2026-5-30 20:15:3,#440,BAJ,BgNa,3,blue,ally,range01_frame_000246.png,122.0,"#440[BAJ]が#480[BgNa]領有中のLv.3都市#480(349,549)を攻撃し、陣営のために破壊宝箱×10を勝ち取りました"
#440,i-18,849,849,2026-5-30 20:??:?,#480,AA0A,,1,red,enemy,range01_frame_000246.png,122.0,"#480[AA0A]が#440領有中のLv.1都市#440(849,849)を攻撃し、陣営のために破壊宝箱×2を勝ち取りました"
#509,j-12,549,949,2026-5-30 20:04:58,#503,UMN,AoU,1,red,enemy,range01_frame_000247.png,123.0,"#503[UMN]が#509[AoU]領有中のLv.1都市 #509(549,949)を攻撃し、陣営のために破壊宝箱×2を勝ち取りました"
#509,i-10,449,849,2026-5-30 20:07:4,#503,Stj,AoU,1,red,enemy,range01_frame_000247.png,123.0,"#503[Stj]が#509[AoU]領有中のLv.1都市 #509(449,849)を攻撃し、陣営のために破壊宝箱×2を勝ち取りました"
#509,i-18,849,849,2026-5-30 20:12:3,#503,Stj,OTT,1,red,enemy,range01_frame_000247.png,123.0,"#503[Stj]が#509[OTT]領有中のLv.1都市 #509(849,849)を攻撃し、陣営のために破壊宝箱×2を勝ち取りました"
#480,f-8,349,549,2026-5-30 20:15:30,#440,BAJ,BgNa,3,blue,ally,range01_frame_000247.png,123.0,"#440[BAJ]が#480[BgNa]領有中のLv.3都市 #480(349,549)を攻撃し、陣営のために破壊宝箱×10を勝ち取りました"
#440,i-18,849,849,2026-5-30 20:41:2,#480,AA0A,,1,red,enemy,range01_frame_000247.png,123.0,"#480[AA0A]が#440領有中のLv.1都市 #440(849,849)を攻撃し、陣営のために破壊宝箱×2を勝ち取りました"
#509,j-12,549,949,2026-5-30 20:07:4,#503,UMN,AoU,1,red,enemy,range01_frame_000248.png,123.0,"#503[UMN]が#509[AoU]領有中のLv.1都市 #509(549,949)を攻撃し、陣営のために破壊宝箱×2を勝ち取りました"
#509,i-10,449,849,2026-5-30 20:12:3,#503,Stj,AoU,1,red,enemy,range01_frame_000248.png,123.0,"#503[Stj]が#509[AoU]領有中のLv.1都市 #509(449,849)を攻撃し、陣営のために破壊宝箱×2を勝ち取りました"
#509,i-18,849,849,2026-5-30 20:14:5,#503,Stj,OTT,1,red,enemy,range01_frame_000248.png,123.0,"#503[Stj]が#509[OTT]領有中のLv.1都市 #509(849,849)を攻撃し、陣営のために破壊宝箱×2を勝ち取りました"
#480,f-8,349,549,2026-5-30 20:15:30,#440,BAJ,BgNa,3,blue,ally,range01_frame_000248.png,123.0,"#440[BAJ]が#480[BgNa]領有中のLv.3都市 #480(349,549)を攻撃し、陣営のために破壊宝箱×10を勝ち取りました"
#440,i-18,849,849,2026-5-30 20:41:2,#480,AA0A,,1,red,enemy,range01_frame_000248.png,123.0,"#480[AA0A]が#440領有中のLv.1都市 #440(849,849)を攻撃し、陣営のために破壊宝箱×2を勝ち取りました"
#509,j-12,549,949,2026-5-30 20:07:4,#503,UMN,AoU,1,red,enemy,range01_frame_000249.png,124.0,"#503[UMN]が#509[AoU]領有中のLv.1都市 #509(549,949)を攻撃し、陣営のために破壊宝箱×2を勝ち取りました"
#509,i-10,449,849,2026-5-30 20:12:3,#503,Stj,AoU,1,red,enemy,range01_frame_000249.png,124.0,"#503[Stj]が#509[AoU]領有中のLv.1都市 #509(449,849)を攻撃し、陣営のために破壊宝箱×2を勝ち取りました"
#509,i-18,849,849,2026-5-30 20:14:5,#503,Stj,OTT,1,red,enemy,range01_frame_000249.png,124.0,"#503[Stj]が#509[OTT]領有中のLv.1都市 #509(849,849)を攻撃し、陣営のために破壊宝箱×2を勝ち取りました"
#480,f-8,349,549,2026-5-30 20:15:3,#440,BAJ,BgNa,3,blue,ally,range01_frame_000249.png,124.0,"#440[BAJ]が#480[BgNa]領有中のLv.3都市 #480(349,549)を攻撃し、陣営のために破壊宝箱×10を勝ち取りました"
#440,i-18,849,849,2026-5-30 20:41:2,#480,AAOA,,1,red,enemy,range01_frame_000249.png,124.0,"#480[AAOA]が#440領有中のLv.1都市 #440(849,849)を攻撃し、陣営のために破壊宝箱×2を勝ち取りました"
#511,c-10,449,249,,#523,flrE,2N7,2,red,enemy,range01_frame_000249.png,124.0,"#523[flrE]が#511[2N7]領有中のLv.2都市 #511(449,249)を攻撃し、陣営のために破壊宝箱×2を勝ち取りました"
#509,j-12,549,949,2026-5-30 20:07:4,#503,UMN,AoU,1,red,enemy,range01_frame_000250.png,124.0,"#503[UMN]が#509[AoU]領有中のLv.1都市 #509(549,949)を攻撃し、陣営のために破壊宝箱×2を勝ち取りました"
#509,i-10,449,849,2026-5-30 20:12:3,#503,Stj,AoU,1,red,enemy,range01_frame_000250.png,124.0,"#503[Stj]が#509[AoU]領有中のLv.1都市 #509(449,849)を攻撃し、陣営のために破壊宝箱×2を勝ち取りました"
#509,i-18,849,849,2026-5-30 20:14:5,#503,Stj,OTT,1,red,enemy,range01_frame_000250.png,124.0,"#503[Stj]が#509[OTT]領有中のLv.1都市 #509(849,849)を攻撃し、陣営のために破壊宝箱×2を勝ち取りました"
#480,f-8,349,549,2026-5-30 20:15:3,#440,BAJ,BgNa,3,blue,ally,range01_frame_000250.png,124.0,"#440[BAJ]が#480[BgNa]領有中のLv.3都市 #480(349,549)を攻撃し、陣営のために破壊宝箱×10を勝ち取りました"
#440,i-18,849,849,2026-5-30 20:41:2,#480,AAOA,,1,red,enemy,range01_frame_000250.png,124.0,"#480[AAOA]が#440領有中のLv.1都市 #440(849,849)を攻撃し、陣営のために破壊宝箱×2を勝ち取りました"
#511,c-10,449,249,,#523,flrE,2N7,2,red,enemy,range01_frame_000250.png,124.0,"#523[flrE]が#511[2N7]領有中のLv.2都市 #511(449,249)を攻撃し、陣営のために破壊宝箱×2を勝ち取りました"
#509,j-12,549,949,2026-5-30 20:07:4,#509,,,,unknown,unknown,range01_frame_000251.png,125.0,"#509(549,949)を攻撃し、陣営のために破壊宝箱×2を勝ち取りました"
#509,i-10,449,849,2026-5-30 20:12:3,#503,Stj,AoW,1,red,enemy,range01_frame_000251.png,125.0,"#503[Stj]が#509[AoW]領有中のLv.1都市#509(449,849)を攻撃し、陣営のために破壊宝箱×2を勝ち取りました"
#509,i-18,849,849,2026-5-30 20:14:5,#503,Stj,OTT,1,red,enemy,range01_frame_000251.png,125.0,"#503[Stj]が#509[OTT]領有中のLv.1都市#509(849,849)を攻撃し、陣営のために破壊宝箱×2を勝ち取りました"
#480,f-8,349,549,2026-5-30 20:15:3,#440,BAJ,BgNa,3,blue,ally,range01_frame_000251.png,125.0,"#440[BAJ]が#480[BgNa]領有中のLv.3都市#480(349,549)を攻撃し、陣営のために破壊宝箱×10を勝ち取りました"
#440,i-18,849,849,2026-5-30 20:41:2,#480,AA0A,,1,red,enemy,range01_frame_000251.png,125.0,"#480[AA0A]が#440領有中のLv.1都市#440(849,849)を攻撃し、陣営のために破壊宝箱×2を勝ち取りました"
#511,c-10,449,249,2026-5-30 20:41:2,#523,flrE,2N7,2,red,enemy,range01_frame_000251.png,125.0,"#523[flrE]が#511[2N7]領有中のLv.2都市#511(449,249)を攻撃し、陣営のために破壊宝箱×5を勝ち取りました"
#509,i-10,449,849,2026-5-30 20:12:3,#503,Stj,AoW,1,red,enemy,range01_frame_000252.png,125.0,"#503[Stj]が#509[AoW]領有中のLv.1都市#509(449,849)を攻撃し、陣営のために破壊宝箱×2を勝ち取りました"
#509,i-18,849,849,2026-5-30 20:14:5,#503,Stj,OTT,1,red,enemy,range01_frame_000252.png,125.0,"#503[Stj]が#509[OTT]領有中のLv.1都市#509(849,849)を攻撃し、陣営のために破壊宝箱×2を勝ち取りました"
#480,f-8,349,549,2026-5-30 20:15:3,#440,BAJ,BgNa,3,blue,ally,range01_frame_000252.png,125.0,"#440[BAJ]が#480[BgNa]領有中のLv.3都市#480(349,549)を攻撃し、陣営のために破壊宝箱×10を勝ち取りました"
#440,i-18,849,849,2026-5-30 20:41:2,#480,AA0A,,1,red,enemy,range01_frame_000252.png,125.0,"#480[AA0A]が#440領有中のLv.1都市#440(849,849)を攻撃し、陣営のために破壊宝箱×2を勝ち取りました"
#511,c-10,449,249,,#523,flrE,2N7,2,red,enemy,range01_frame_000252.png,125.0,"#523[flrE]が#511[2N7]領有中のLv.2都市#511(449,249)を攻撃し、陣営のために破壊宝箱×5を勝ち取りました"
#509,i-18,849,849,2026-5-30 20:14:50,#503,Stj,OTT,1,red,enemy,range01_frame_000253.png,126.0,"#503[Stj]が#509[OTT]領有中のLv.1都市#509(849,849)を攻撃し、陣営のために破壊宝箱×2を勝ち取りました"
#480,f-8,349,549,2026-5-30 20:15:30,#440,BAJ,BgNa,3,blue,ally,range01_frame_000253.png,126.0,"#440[BAJ]が#480[BgNa]領有中のLv.3都市#480(349,549)を攻撃し、陣営のために破壊宝箱×10を勝ち取りました"
#440,i-18,849,849,2026-5-30 20:41:20,#480,AA0A,,1,red,enemy,range01_frame_000253.png,126.0,"#480[AA0A]が#440領有中のLv.1都市#440(849,849)を攻撃し、陣営のために破壊宝箱×2を勝ち取りました"
#511,c-10,449,249,2026-5-30 20:53:0,#523,flrE,2N7,2,red,enemy,range01_frame_000253.png,126.0,"#523[flrE]が#511[2N7]領有中のLv.2都市#511(449,249)を攻撃し、陣営のために破壊宝箱×5を勝ち取りました"
#511,h-8,349,749,2026-6-3 04:02:3,#523,flrE,JLO,2,red,enemy,range01_frame_000253.png,126.0,"#523[flrE]が#511[JLO]領有中のLv.2都市#511(349,749)を攻撃し、陣営のために破壊宝箱×5を勝ち取りました"
#480,f-8,349,549,2026-5-30 20:15:30,#440,BAJ,BgNa,3,blue,ally,range01_frame_000255.png,127.0,"#440[BAJ]が#480[BgNa]領有中のLv.3都市 #480(349,549)を攻撃し、陣営のために破壊宝箱×10を勝ち取りました"
#440,i-18,849,849,2026-5-30 20:41:20,#480,AA0A,,1,red,enemy,range01_frame_000255.png,127.0,"#480[AA0A]が#440領有中のLv.1都市 #440(849,849)を攻撃し、陣営のために破壊宝箱×2を勝ち取りました"
#511,c-10,449,249,2026-5-30 20:53:0,#523,flrE,2N7,2,red,enemy,range01_frame_000255.png,127.0,"#523[flrE]が#511[2N7]領有中のLv.2都市 #511(449,249)を攻撃し、陣営のために破壊宝箱×5を勝ち取りました"
#511,h-8,349,749,2026-6-3 04:02:3,#523,flrE,JL0,2,red,enemy,range01_frame_000255.png,127.0,"#523[flrE]が#511[JL0]領有中のLv.2都市 #511(349,749)を攻撃し、陣営のために破壊宝箱×5を勝ち取りました"
#511,j-6,249,949,2026-6-3 04:04:2,#523,EDFS,JL2,1,red,enemy,range01_frame_000255.png,127.0,"#523[EDFS]が#511[JL2]領有中のLv.1都市 #511(249,949)を攻撃し、陣営のために破壊宝箱×2を勝ち取りました"
#511,f-6,249,549,2026-6-3 04:04:2,#523,flrE,JL0,2,red,enemy,range01_frame_000255.png,127.0,"#523[flrE]が#511[JL0]領有中のLv.2都市 #511(249,549)を攻撃し、陣営のために破壊宝箱×5を勝ち取りました"
#440,i-18,849,849,2026-5-30 20:41:2,#480,AA0A,,1,red,enemy,range01_frame_000257.png,128.0,"#480[AA0A]が#440 領有中のLv.1都市#440(849,849)を攻撃し、陣営のために破壊宝箱×2を勝ち取りました"
#511,c-10,449,249,2026-5-30 20:53:0,#523,flrE,2N7,2,red,enemy,range01_frame_000257.png,128.0,"#523[flrE]が#511[2N7]領有中のLv.2都市#511(449,249)を攻撃し、陣営のために破壊宝箱×5を勝ち取りました"
#511,h-8,349,749,2026-6-3 04:02:3,#523,flrE,JL0,2,red,enemy,range01_frame_000257.png,128.0,"#523[flrE]が#511[JL0]領有中のLv.2都市#511(349,749)を攻撃し、陣営のために破壊宝箱×5を勝ち取りました"
#511,j-6,249,949,2026-6-3 04:04:2,#523,EDFS,JL2,1,red,enemy,range01_frame_000257.png,128.0,"#523[EDFS]が#511[JL2]領有中のLv.1都市#511(249,949)を攻撃し、陣営のために破壊宝箱×2を勝ち取りました"
#511,f-6,249,549,2026-6-3 04:07:5,#523,flrE,JL0,2,red,enemy,range01_frame_000257.png,128.0,"#523[flrE]が#511[JL0]領有中のLv.2都市#511(249,549)を攻撃し、陣営のために破壊宝箱×5を勝ち取りました"
#511,c-8,349,249,2026-6-3 04:07:5,#523,WUG,JL0,2,red,enemy,range01_frame_000258.png,128.0,"#523[WUG]が#511[JL0]領有中のLv.2都市#511(349,249)を攻撃し、陣営のために破壊宝箱×5を勝ち取りました"
#511,c-10,449,249,2026-5-30 20:53:01,#523,flrE,2N7,2,red,enemy,range01_frame_000259.png,129.0,"#523[flrE]が#511[2N7]領有中のLv.2都市#511(449,249)を攻撃し、陣営のために破壊宝箱×5を勝ち取りました"
#511,h-8,349,749,2026-6-3 04:02:30,#523,flrE,JLO,2,red,enemy,range01_frame_000259.png,129.0,"#523[flrE]が#511[JLO]領有中のLv.2都市#511(349,749)を攻撃し、陣営のために破壊宝箱×5を勝ち取りました"
#511,j-6,249,949,2026-6-3 04:04:20,#523,EDFS,JL2,1,red,enemy,range01_frame_000259.png,129.0,"#523[EDFS]が#511[JL2]領有中のLv.1都市#511(249,949)を攻撃し、陣営のために破壊宝箱×2を勝ち取りました"
#511,f-6,249,549,2026-6-3 04:07:50,#523,flrE,JLO,2,red,enemy,range01_frame_000259.png,129.0,"#523[flrE]が#511[JLO]領有中のLv.2都市#511(249,549)を攻撃し、陣営のために破壊宝箱×5を勝ち取りました"
#511,c-8,349,249,2026-6-3 04:10:20,#523,WUG,JLO,2,red,enemy,range01_frame_000259.png,129.0,"#523[WUG]が#511[JLO]領有中のLv.2都市#511(349,249)を攻撃し、陣営のために破壊宝箱×5を勝ち取りました"
#511,c-10,449,249,2026-5-30 20:53:01,#523,flrE,2N7,2,red,enemy,range01_frame_000260.png,129.0,"#523[flrE]が#511[2N7]領有中のLv.2都市#511(449,249)を攻撃し、陣営のために破壊宝箱×5を勝ち取りました"
#511,h-8,349,749,2026-6-3 04:02:30,#523,flrE,JLO,2,red,enemy,range01_frame_000260.png,129.0,"#523[flrE]が#511[JLO]領有中のLv.2都市#511(349,749)を攻撃し、陣営のために破壊宝箱×5を勝ち取りました"
#511,j-6,249,949,2026-6-3 04:04:20,#523,EDFS,JL2,1,red,enemy,range01_frame_000260.png,129.0,"#523[EDFS]が#511[JL2]領有中のLv.1都市#511(249,949)を攻撃し、陣営のために破壊宝箱×2を勝ち取りました"
#511,f-6,249,549,2026-6-3 04:07:50,#523,flrE,JLO,2,red,enemy,range01_frame_000260.png,129.0,"#523[flrE]が#511[JLO]領有中のLv.2都市#511(249,549)を攻撃し、陣営のために破壊宝箱×5を勝ち取りました"
#511,c-8,349,249,2026-6-3 04:10:20,#523,WUG,JLO,2,red,enemy,range01_frame_000260.png,129.0,"#523[WUG]が#511[JLO]領有中のLv.2都市#511(349,249)を攻撃し、陣営のために破壊宝箱×5を勝ち取りました"
#511,h-8,349,749,2026-6-3 04:02:30,#523,flrE,JL0,2,red,enemy,range01_frame_000261.png,130.0,"#523[flrE]が#511[JL0]領有中のLv.2都市#511(349,749)を攻撃し、陣営のために破壊宝箱×5を勝ち取りました"
#511,j-6,249,949,2026-6-3 04:04:23,#523,EDFS,JL2,1,red,enemy,range01_frame_000261.png,130.0,"#523[EDFS]が#511[JL2]領有中のLv.1都市#511(249,949)を攻撃し、陣営のために破壊宝箱×2を勝ち取りました"
#511,f-6,249,549,2026-6-3 04:07:53,#523,flrE,JL0,2,red,enemy,range01_frame_000261.png,130.0,"#523[flrE]が#511[JL0]領有中のLv.2都市#511(249,549)を攻撃し、陣営のために破壊宝箱×5を勝ち取りました"
#511,c-8,349,249,2026-6-3 04:10:23,#523,WUG,JL0,2,red,enemy,range01_frame_000261.png,130.0,"#523[WUG]が#511[JL0]領有中のLv.2都市#511(349,249)を攻撃し、陣営のために破壊宝箱×5を勝ち取りました"
#511,c-12,549,249,2026-6-3 04:10:23,#523,WUG,JL0,2,red,enemy,range01_frame_000261.png,130.0,"#523[WUG]が#511[JL0]領有中のLv.2都市#511(549,249)を攻撃し、陣営のために破壊宝箱×5を勝ち取りました"
#511,h-8,349,749,2026-6-3 04:02:30,#523,flrE,JL0,2,red,enemy,range01_frame_000262.png,130.0,"#523[flrE]が#511[JL0]領有中のLv.2都市#511(349,749)を攻撃し、陣営のために破壊宝箱×5を勝ち取りました"
#511,j-6,249,949,2026-6-3 04:04:23,#523,EDFS,JL2,1,red,enemy,range01_frame_000262.png,130.0,"#523[EDFS]が#511[JL2]領有中のLv.1都市#511(249,949)を攻撃し、陣営のために破壊宝箱×2を勝ち取りました"
#511,f-6,249,549,2026-6-3 04:07:53,#523,flrE,JL0,2,red,enemy,range01_frame_000262.png,130.0,"#523[flrE]が#511[JL0]領有中のLv.2都市#511(249,549)を攻撃し、陣営のために破壊宝箱×5を勝ち取りました"
#511,c-8,349,249,2026-6-3 04:10:23,#523,WUG,JL0,2,red,enemy,range01_frame_000262.png,130.0,"#523[WUG]が#511[JL0]領有中のLv.2都市#511(349,249)を攻撃し、陣営のために破壊宝箱×5を勝ち取りました"
#511,c-12,549,249,2026-6-3 04:10:23,#523,WUG,JL0,2,red,enemy,range01_frame_000262.png,130.0,"#523[WUG]が#511[JL0]領有中のLv.2都市#511(549,249)を攻撃し、陣営のために破壊宝箱×5を勝ち取りました"
#511,h-8,349,749,2026-6-3 04:02:3,#523,flrE,JL0,2,red,enemy,range01_frame_000263.png,131.0,"#523[flrE]が#511[JL0]領有中のLv.2都市#511(349,749)を攻撃し、陣営のために破壊宝箱×5を勝ち取りました"
#511,j-6,249,949,2026-6-3 04:04:2,#523,EDFS,JL2,1,red,enemy,range01_frame_000263.png,131.0,"#523[EDFS]が#511[JL2]領有中のLv.1都市#511(249,949)を攻撃し、陣営のために破壊宝箱×2を勝ち取りました"
#511,f-6,249,549,2026-6-3 04:07:5,#523,flrE,JL0,2,red,enemy,range01_frame_000263.png,131.0,"#523[flrE]が#511[JL0]領有中のLv.2都市#511(249,549)を攻撃し、陣営のために破壊宝箱×5を勝ち取りました"
#511,c-8,349,249,2026-6-3 04:10:2,#523,WUG,JL0,2,red,enemy,range01_frame_000263.png,131.0,"#523[WUG]が#511[JL0]領有中のLv.2都市#511(349,249)を攻撃し、陣営のために破壊宝箱×5を勝ち取りました"
#511,c-12,549,249,2026-6-3 04:12:3,#523,WUG,JL0,2,red,enemy,range01_frame_000263.png,131.0,"#523[WUG]が#511[JL0]領有中のLv.2都市#511(549,249)を攻撃し、陣営のために破壊宝箱×5を勝ち取りました"
#511,j-4,149,949,2026-6-3 04:15:2,#476,ALj,JL2,1,red,enemy,range01_frame_000263.png,131.0,"#476[ALj]が#511[JL2]領有中のLv.1都市#511(149,949)を攻撃し、陣営のために破壊宝箱×2を勝ち取りました"
#511,j-6,249,949,2026-6-3 04:04:2,#523,EDFS,JL2,1,red,enemy,range01_frame_000264.png,131.0,"#523[EDFS]が#511[JL2]領有中のLv.1都市#511(249,949)を攻撃し、陣営のために破壊宝箱×2を勝ち取りました"
#511,f-6,249,549,2026-6-3 04:07:5,#523,flrE,JL0,2,red,enemy,range01_frame_000264.png,131.0,"#523[flrE]が#511[JL0]領有中のLv.2都市#511(249,549)を攻撃し、陣営のために破壊宝箱×5を勝ち取りました"
#511,c-8,349,249,2026-6-3 04:10:2,#523,WUG,JL0,2,red,enemy,range01_frame_000264.png,131.0,"#523[WUG]が#511[JL0]領有中のLv.2都市#511(349,249)を攻撃し、陣営のために破壊宝箱×5を勝ち取りました"
#511,c-12,549,249,2026-6-3 04:12:3,#523,WUG,JL0,2,red,enemy,range01_frame_000264.png,131.0,"#523[WUG]が#511[JL0]領有中のLv.2都市#511(549,249)を攻撃し、陣営のために破壊宝箱×5を勝ち取りました"
#511,j-4,149,949,2026-6-3 04:15:2,#476,ALj,JL2,1,red,enemy,range01_frame_000264.png,131.0,"#476[ALj]が#511[JL2]領有中のLv.1都市#511(149,949)を攻撃し、陣営のために破壊宝箱×2を勝ち取りました"
#511,f-6,249,549,2026-6-3 04:04:2,#523,flrE,JLO,2,red,enemy,range01_frame_000265.png,132.0,"#523[flrE]が#511[JLO]領有中のLv.2都市#511(249,549)を攻撃し、陣営のために破壊宝箱×5を勝ち取りました"
#511,c-8,349,249,2026-6-3 04:07:5,#523,WUG,JLO,2,red,enemy,range01_frame_000265.png,132.0,"#523[WUG]が#511[JLO]領有中のLv.2都市#511(349,249)を攻撃し、陣営のために破壊宝箱×5を勝ち取りました"
#511,c-12,549,249,2026-6-3 04:10:2,#523,WUG,JLO,2,red,enemy,range01_frame_000265.png,132.0,"#523[WUG]が#511[JLO]領有中のLv.2都市#511(549,249)を攻撃し、陣営のために破壊宝箱×5を勝ち取りました"
#511,c-12,549,249,2026-6-3 04:12:3,#523,WUG,JLO,2,red,enemy,range01_frame_000265.png,132.0,"#523[WUG]が#511[JLO]領有中のLv.2都市#511(549,249)を攻撃し、陣営のために破壊宝箱×5を勝ち取りました"
#511,j-4,149,949,2026-6-3 04:15:2,#476,ALj,JL2,1,red,enemy,range01_frame_000265.png,132.0,"#476[ALj]が#511[JL2]領有中のLv.1都市#511(149,949)を攻撃し、陣営のために破壊宝箱×2を勝ち取りました"
#509,h-2,49,749,2026-6-3 04:20:0,#503,xjR,KOCH,1,red,enemy,range01_frame_000265.png,132.0,"#503[xjR]が#509[KOCH]領有中のLv.1都市#509(49,749)を攻撃し、陣営のために破壊宝箱×2を勝ち取りました"
#511,c-8,349,249,2026-6-3 04:07:5,#523,WUG,JLO,2,red,enemy,range01_frame_000266.png,132.0,"#523[WUG]が#511[JLO]領有中のLv.2都市#511(349,249)を攻撃し、陣営のために破壊宝箱×5を勝ち取りました"
#511,c-12,549,249,2026-6-3 04:10:2,#523,WUG,JLO,2,red,enemy,range01_frame_000266.png,132.0,"#523[WUG]が#511[JLO]領有中のLv.2都市#511(549,249)を攻撃し、陣営のために破壊宝箱×5を勝ち取りました"
#511,c-12,549,249,2026-6-3 04:12:3,#523,WUG,JLO,2,red,enemy,range01_frame_000266.png,132.0,"#523[WUG]が#511[JLO]領有中のLv.2都市#511(549,249)を攻撃し、陣営のために破壊宝箱×5を勝ち取りました"
#511,j-4,149,949,2026-6-3 04:15:2,#476,ALj,JL2,1,red,enemy,range01_frame_000266.png,132.0,"#476[ALj]が#511[JL2]領有中のLv.1都市#511(149,949)を攻撃し、陣営のために破壊宝箱×2を勝ち取りました"
#509,h-2,49,749,2026-6-3 04:20:0,#503,xjR,KOCH,1,red,enemy,range01_frame_000266.png,132.0,"#503[xjR]が#509[KOCH]領有中のLv.1都市#509(49,749)を攻撃し、陣営のために破壊宝箱×2を勝ち取りました"
#509,g-2,49,649,2026-6-3,#503,Bye,eXt,1,red,enemy,range01_frame_000266.png,132.0,"#503[Bye]が#509[eXt]領有中のLv.1都市#509(49,649)を攻撃し、陣営のために破壊宝箱×?を勝ち取りました"
#511,c-8,349,249,2026-6-3 04:10:2,#523,WUG,JL0,2,red,enemy,range01_frame_000267.png,133.0,"#523[WUG]が#511[JL0]領有中のLv.2都市#511(349,249)を攻撃し、陣営のために破壊宝箱×5を勝ち取りました"
#511,c-12,549,249,2026-6-3 04:12:3,#523,WUG,JL0,2,red,enemy,range01_frame_000267.png,133.0,"#523[WUG]が#511[JL0]領有中のLv.2都市#511(549,249)を攻撃し、陣営のために破壊宝箱×5を勝ち取りました"
#511,j-4,149,949,2026-6-3 04:15:2,#476,ALj,JL2,1,red,enemy,range01_frame_000267.png,133.0,"#476[ALj]が#511[JL2]領有中のLv.1都市#511(149,949)を攻撃し、陣営のために破壊宝箱×2を勝ち取りました"
#509,h-2,49,749,2026-6-3 04:20:0,#503,xjR,KOCH,1,red,enemy,range01_frame_000267.png,133.0,"#503[xjR]が#509[KOCH]領有中のLv.1都市#509(49,749)を攻撃し、陣営のために破壊宝箱×2を勝ち取りました"
#509,g-2,49,649,2026-6-3 04:20:1,#503,Bye,eXt,1,red,enemy,range01_frame_000267.png,133.0,"#503[Bye]が#509[eXt]領有中のLv.1都市#509(49,649)を攻撃し、陣営のために破壊宝箱×2を勝ち取りました"
#511,c-8,349,249,2026-6-3 04:10:2,#523,WUG,JL0,2,red,enemy,range01_frame_000268.png,133.0,"#523[WUG]が#511[JL0]領有中のLv.2都市#511(349,249)を攻撃し、陣営のために破壊宝箱×5を勝ち取りました"
#511,c-12,549,249,2026-6-3 04:12:3,#523,WUG,JL0,2,red,enemy,range01_frame_000268.png,133.0,"#523[WUG]が#511[JL0]領有中のLv.2都市#511(549,249)を攻撃し、陣営のために破壊宝箱×5を勝ち取りました"
#511,j-4,149,949,2026-6-3 04:15:2,#476,ALj,JL2,1,red,enemy,range01_frame_000268.png,133.0,"#476[ALj]が#511[JL2]領有中のLv.1都市#511(149,949)を攻撃し、陣営のために破壊宝箱×2を勝ち取りました"
#509,h-2,49,749,2026-6-3 04:20:0,#503,xjR,KOCH,1,red,enemy,range01_frame_000268.png,133.0,"#503[xjR]が#509[KOCH]領有中のLv.1都市#509(49,749)を攻撃し、陣営のために破壊宝箱×2を勝ち取りました"
#509,g-2,49,649,2026-6-3 04:20:1,#503,Bye,eXt,1,red,enemy,range01_frame_000268.png,133.0,"#503[Bye]が#509[eXt]領有中のLv.1都市#509(49,649)を攻撃し、陣営のために破壊宝箱×2を勝ち取りました"
#523,g-18,849,649,,#509,FHX,NBNH,1,blue,ally,range01_frame_000268.png,133.0,"#509[FHX]が#523[NBNH]領有中のLv.1都市#523(849,649)を攻撃し、陣営のために破壊宝箱×2を勝ち取りました"
#511,c-12,549,249,2026-6-3 04:12:31,#523,WUG,JL0,2,red,enemy,range01_frame_000269.png,134.0,"#523[WUG]が#511[JL0]領有中のLv.2都市#511(549,249)を攻撃し、陣営のために破壊宝箱×5を勝ち取りました"
#511,j-4,149,949,2026-6-3 04:15:2,#476,ALj,JL2,1,red,enemy,range01_frame_000269.png,134.0,"#476[ALj]が#511[JL2]領有中のLv.1都市#511(149,949)を攻撃し、陣営のために破壊宝箱×2を勝ち取りました"
#509,h-2,49,749,2026-6-3 04:20:0,#503,xjR,KOCH,1,red,enemy,range01_frame_000269.png,134.0,"#503[xjR]が#509[KOCH]領有中のLv.1都市#509(49,749)を攻撃し、陣営のために破壊宝箱×2を勝ち取りました"
#509,g-2,49,649,2026-6-3 04:20:1,#503,Bye,eXt,1,red,enemy,range01_frame_000269.png,134.0,"#503[Bye]が#509[eXt]領有中のLv.1都市#509(49,649)を攻撃し、陣営のために破壊宝箱×2を勝ち取りました"
#523,g-18,849,649,2026-6-3 04:24:0,#509,FHX,NBNH,1,blue,ally,range01_frame_000269.png,134.0,"#509[FHX]が#523[NBNH]領有中のLv.1都市#523(849,649)を攻撃し、陣営のために破壊宝箱×2を勝ち取りました"
#511,c-12,549,249,2026-6-3 04:12:31,#523,WUG,JL0,2,red,enemy,range01_frame_000270.png,134.0,"#523[WUG]が#511[JL0]領有中のLv.2都市#511(549,249)を攻撃し、陣営のために破壊宝箱×5を勝ち取りました"
#511,j-4,149,949,2026-6-3 04:15:2,#476,ALj,JL2,1,red,enemy,range01_frame_000270.png,134.0,"#476[ALj]が#511[JL2]領有中のLv.1都市#511(149,949)を攻撃し、陣営のために破壊宝箱×2を勝ち取りました"
#509,h-2,49,749,2026-6-3 04:20:0,#503,xjR,KOCH,1,red,enemy,range01_frame_000270.png,134.0,"#503[xjR]が#509[KOCH]領有中のLv.1都市#509(49,749)を攻撃し、陣営のために破壊宝箱×2を勝ち取りました"
#509,g-2,49,649,2026-6-3 04:20:1,#503,Bye,eXt,1,red,enemy,range01_frame_000270.png,134.0,"#503[Bye]が#509[eXt]領有中のLv.1都市#509(49,649)を攻撃し、陣営のために破壊宝箱×2を勝ち取りました"
#523,g-18,849,649,2026-6-3 04:24:0,#509,FHX,NBNH,1,blue,ally,range01_frame_000270.png,134.0,"#509[FHX]が#523[NBNH]領有中のLv.1都市#523(849,649)を攻撃し、陣営のために破壊宝箱×2を勝ち取りました"
#511,c-12,549,249,2026-6-3 04:12:3,#523,WUG,JLO,2,red,enemy,range01_frame_000271.png,135.0,"#523[WUG]が#511[JLO]領有中のLv.2都市 #511(549,249)を攻撃し、陣営のために破壊宝箱×5を勝ち取りました"
#511,j-4,149,949,2026-6-3 04:15:2,#476,ALj,JL2,1,red,enemy,range01_frame_000271.png,135.0,"#476[ALj]が#511[JL2]領有中のLv.1都市 #511(149,949)を攻撃し、陣営のために破壊宝箱×2を勝ち取りました"
#509,h-2,49,749,2026-6-3 04:20:0,#503,xjR,KOCH,1,red,enemy,range01_frame_000271.png,135.0,"#503[xjR]が#509[KOCH]領有中のLv.1都市 #509(49,749)を攻撃し、陣営のために破壊宝箱×2を勝ち取りました"
#509,g-2,49,649,2026-6-3 04:20:1,#503,Bye,eXt,1,red,enemy,range01_frame_000271.png,135.0,"#503[Bye]が#509[eXt]領有中のLv.1都市 #509(49,649)を攻撃し、陣営のために破壊宝箱×2を勝ち取りました"
#523,g-18,849,649,2026-6-3 04:24:0,#509,FHX,NBNH,1,blue,ally,range01_frame_000271.png,135.0,"#509[FHX]が#523[NBNH]領有中のLv.1都市 #523(849,649)を攻撃し、陣営のために破壊宝箱×2を勝ち取りました"
#511,j-4,149,949,2026-6-3 04:15:2,#476,AL,JL2,1,red,enemy,range01_frame_000273.png,136.0,"#476[AL]が#511[JL2]領有中のLv.1都市#511(149,949)を攻撃し、陣営のために破壊宝箱×2を勝ち取りました"
#509,h-2,49,749,2026-6-3 04:20:0,#503,xjR,KOCH,1,red,enemy,range01_frame_000273.png,136.0,"#503[xjR]が#509[KOCH]領有中のLv.1都市#509(49,749)を攻撃し、陣営のために破壊宝箱×2を勝ち取りました"
#509,g-2,49,649,2026-6-3 04:20:1,#503,Bye,eXt,1,red,enemy,range01_frame_000273.png,136.0,"#503[Bye]が#509[eXt]領有中のLv.1都市#509(49,649)を攻撃し、陣営のために破壊宝箱×2を勝ち取りました"
#523,g-18,849,649,2026-6-3 04:24:0,#509,FHX,NBNH,1,blue,ally,range01_frame_000273.png,136.0,"#509[FHX]が#523[NBNH]領有中のLv.1都市#523(849,649)を攻撃し、陣営のために破壊宝箱×2を勝ち取りました"
#511,j-4,149,949,2026-6-3 04:15:2,#476,AL,JL2,1,red,enemy,range01_frame_000274.png,136.0,"#476[AL]が#511[JL2]領有中のLv.1都市#511(149,949)を攻撃し、陣営のために破壊宝箱×2を勝ち取りました"
#509,h-2,49,749,2026-6-3 04:20:0,#503,xjR,KOCH,1,red,enemy,range01_frame_000274.png,136.0,"#503[xjR]が#509[KOCH]領有中のLv.1都市#509(49,749)を攻撃し、陣営のために破壊宝箱×2を勝ち取りました"
#509,g-2,49,649,2026-6-3 04:20:1,#503,Bye,eXt,1,red,enemy,range01_frame_000274.png,136.0,"#503[Bye]が#509[eXt]領有中のLv.1都市#509(49,649)を攻撃し、陣営のために破壊宝箱×2を勝ち取りました"
#523,g-18,849,649,2026-6-3 04:24:0,#509,FHX,NBNH,1,blue,ally,range01_frame_000274.png,136.0,"#509[FHX]が#523[NBNH]領有中のLv.1都市#523(849,649)を攻撃し、陣営のために破壊宝箱×2を勝ち取りました"
#523,f-18,849,549,2026-6-3 04:25:2,#509,FHX,NBNH,1,blue,ally,range01_frame_000274.png,136.0,"#509[FHX]が#523[NBNH]領有中のLv.1都市#523(849,549)を攻撃し、陣営のために破壊宝箱×2を勝ち取りました"
#509,h-6,249,749,2026-6-3 04:25:2,#503,fzn,BHE,2,red,enemy,range01_frame_000274.png,136.0,"#503[fzn]が#509[BHE]領有中のLv.2都市#509(249,749)を攻撃し、陣営のために破壊宝箱×2を勝ち取りました"
#509,h-2,49,749,2026-6-3 04:20:01,#503,xjR,KOCH,1,red,enemy,range01_frame_000275.png,137.0,"#503[xjR]が#509[KOCH]領有中のLv.1都市#509(49,749)を攻撃し、陣営のために破壊宝箱×2を勝ち取りました"
#509,g-2,49,649,2026-6-3 04:20:11,#503,Bye,eXt,1,red,enemy,range01_frame_000275.png,137.0,"#503[Bye]が#509[eXt]領有中のLv.1都市#509(49,649)を攻撃し、陣営のために破壊宝箱×2を勝ち取りました"
#523,g-18,849,649,2026-6-3 04:24:0,#509,FHX,NBNH,1,blue,ally,range01_frame_000275.png,137.0,"#509[FHX]が#523[NBNH]領有中のLv.1都市#523(849,649)を攻撃し、陣営のために破壊宝箱×2を勝ち取りました"
#523,f-18,849,549,2026-6-3 04:25:2,#509,FHX,NBNH,1,blue,ally,range01_frame_000275.png,137.0,"#509[FHX]が#523[NBNH]領有中のLv.1都市#523(849,549)を攻撃し、陣営のために破壊宝箱×2を勝ち取りました"
#509,h-6,249,749,2026-6-3 04:25:3,#503,fzn,BHE,2,red,enemy,range01_frame_000275.png,137.0,"#503[fzn]が#509[BHE]領有中のLv.2都市#509(249,749)を攻撃し、陣営のために破壊宝箱×5を勝ち取りました"
#511,b-10,449,149,2026-6-3 04:34:5,#523,EDF5,sbM,1,red,enemy,range01_frame_000276.png,137.0,"#523[EDF5]が#511[sbM]領有中のLv.1都市#511(449,149)を攻撃し、陣営のために破壊宝箱×2を勝ち取りました"
#523,g-18,849,649,2026-6-3 04:20:1,#509,FHX,NBNH,1,blue,ally,range01_frame_000277.png,138.0,"#509[FHX]が#523[NBNH]領有中のLv.1都市 #523(849,649)を攻撃し、陣営のために破壊宝箱×2を勝ち取りました"
#523,f-18,849,549,2026-6-3 04:24:0,#509,FHX,NBNH,1,blue,ally,range01_frame_000277.png,138.0,"#509[FHX]が#523[NBNH]領有中のLv.1都市 #523(849,549)を攻撃し、陣営のために破壊宝箱×2を勝ち取りました"
#509,h-6,249,749,2026-6-3 04:25:3,#503,fzn,BHE,2,red,enemy,range01_frame_000277.png,138.0,"#503[fzn]が#509[BHE]領有中のLv.2都市 #509(249,749)を攻撃し、陣営のために破壊宝箱×5を勝ち取りました"
#511,b-10,449,149,2026-6-3 04:34:5,#523,EDFS,sbM,1,red,enemy,range01_frame_000277.png,138.0,"#523[EDFS]が#511[sbM]領有中のLv.1都市 #511(449,149)を攻撃し、陣営のために破壊宝箱×2を勝ち取りました"
#511,j-8,349,949,2026-6-3 04:35:2,#476,ALj,JL2,1,red,enemy,range01_frame_000277.png,138.0,"#476[ALj]が#511[JL2]領有中のLv.1都市 #511(349,949)を攻撃し、陣営のために破壊宝箱×2を勝ち取りました"
#523,g-18,849,649,2026-6-3 04:24:0,#509,FHX,NBNH,1,blue,ally,range01_frame_000278.png,138.0,"#509[FHX]が#523[NBNH]領有中のLv.1都市 #523(849,649)を攻撃し、陣営のために破壊宝箱×2を勝ち取りました"
#523,f-18,849,549,2026-6-3 04:25:2,#509,FHX,NBNH,1,blue,ally,range01_frame_000278.png,138.0,"#509[FHX]が#523[NBNH]領有中のLv.1都市 #523(849,549)を攻撃し、陣営のために破壊宝箱×2を勝ち取りました"
#509,h-6,249,749,2026-6-3 04:25:3,#503,fzn,BHE,2,red,enemy,range01_frame_000278.png,138.0,"#503[fzn]が#509[BHE]領有中のLv.2都市 #509(249,749)を攻撃し、陣営のために破壊宝箱×5を勝ち取りました"
#511,b-10,449,149,2026-6-3 04:34:5,#523,EDFS,sbM,1,red,enemy,range01_frame_000278.png,138.0,"#523[EDFS]が#511[sbM]領有中のLv.1都市 #511(449,149)を攻撃し、陣営のために破壊宝箱×2を勝ち取りました"
#511,j-8,349,949,2026-6-3 04:35:2,#476,ALj,JL2,1,red,enemy,range01_frame_000278.png,138.0,"#476[ALj]が#511[JL2]領有中のLv.1都市 #511(349,949)を攻撃し、陣営のために破壊宝箱×2を勝ち取りました"
#509,f-6,249,549,2026-6-3 04:36:?,#480,TkTk,BHE,2,red,enemy,range01_frame_000278.png,138.0,"#480[TkTk]が#509[BHE]領有中のLv.2都市 #509(249,549)を攻撃し、陣営のために破壊宝箱×5を勝ち取りました"
#523,f-18,849,549,2026-6-3 04:25:2,#509,FHX,NBNH,1,blue,ally,range01_frame_000280.png,139.0,"#509[FHX]が#523[NBNH]領有中のLv.1都市 #523(849,549)を攻撃し、陣営のために破壊宝箱×2を勝ち取りました"
#509,h-6,249,749,2026-6-3 04:25:3,#503,fzn,BHE,2,red,enemy,range01_frame_000280.png,139.0,"#503[fzn]が#509[BHE]領有中のLv.2都市 #509(249,749)を攻撃し、陣営のために破壊宝箱×5を勝ち取りました"
#511,b-10,449,149,2026-6-3 04:34:5,#523,EDFS,sbM,1,red,enemy,range01_frame_000280.png,139.0,"#523[EDFS]が#511[sbM]領有中のLv.1都市 #511(449,149)を攻撃し、陣営のために破壊宝箱×2を勝ち取りました"
#511,j-8,349,949,2026-6-3 04:35:2,#476,ALj,JL2,1,red,enemy,range01_frame_000280.png,139.0,"#476[ALj]が#511[JL2]領有中のLv.1都市 #511(349,949)を攻撃し、陣営のために破壊宝箱×2を勝ち取りました"
#509,f-6,249,549,2026-6-3 04:35:2,#480,TkTk,BHE,2,red,enemy,range01_frame_000280.png,139.0,"#480[TkTk]が#509[BHE]領有中のLv.2都市 #509(249,549)を攻撃し、陣営のために破壊宝箱×5を勝ち取りました"
#523,f-18,849,549,2026-6-3 04:24:09,#509,FHX,NBNH,1,blue,ally,range01_frame_000281.png,140.0,"#509[FHX]が#523[NBNH]領有中のLv.1都市 #523(849,549)を攻撃し、陣営のために破壊宝箱×2を勝ち取りました"
#509,h-6,249,749,2026-6-3 04:25:2,#503,fzn,BHE,2,red,enemy,range01_frame_000281.png,140.0,"#503[fzn]が#509[BHE]領有中のLv.2都市 #509(249,749)を攻撃し、陣営のために破壊宝箱×5を勝ち取りました"
#511,b-10,449,149,2026-6-3 04:34:5,#523,EDFS,sbM,1,red,enemy,range01_frame_000281.png,140.0,"#523[EDFS]が#511[sbM]領有中のLv.1都市 #511(449,149)を攻撃し、陣営のために破壊宝箱×2を勝ち取りました"
#511,j-8,349,949,2026-6-3 04:35:2,#476,ALj,JL2,1,red,enemy,range01_frame_000281.png,140.0,"#476[ALj]が#511[JL2]領有中のLv.1都市 #511(349,949)を攻撃し、陣営のために破壊宝箱×2を勝ち取りました"
#509,f-6,249,549,2026-6-3 04:39:4,#480,TkTk,BHE,2,red,enemy,range01_frame_000281.png,140.0,"#480[TkTk]が#509[BHE]領有中のLv.2都市 #509(249,549)を攻撃し、陣営のために破壊宝箱×5を勝ち取りました"
#534,c-6,249,249,2026-6-3 04:39:4,#476,476d,4tH,2,red,enemy,range01_frame_000282.png,140.0,"#476[476d]が#534[4tH]領有中のLv.2都市 #534(249,249)を攻撃し、陣営のために破壊宝箱×5を勝ち取りました"
#509,h-6,249,749,2026-6-3 04:25:3,#503,zn,BHE,2,red,enemy,range01_frame_000283.png,141.0,"#503[zn]が#509[BHE]領有中のLv.2都市 #509(249,749)を攻撃し、陣営のために破壊宝箱×5を勝ち取りました"
#511,b-10,449,149,2026-6-3 04:34:5,#523,EDFS,sbM,1,red,enemy,range01_frame_000283.png,141.0,"#523[EDFS]が#511[sbM]領有中のLv.1都市 #511(449,149)を攻撃し、陣営のために破壊宝箱×2を勝ち取りました"
#511,j-8,349,949,2026-6-3 04:35:2,#476,ALj,JL2,1,red,enemy,range01_frame_000283.png,141.0,"#476[ALj]が#511[JL2]領有中のLv.1都市 #511(349,949)を攻撃し、陣営のために破壊宝箱×2を勝ち取りました"
#509,f-6,249,549,2026-6-3 04:39:4,#480,TkTk,BHE,2,red,enemy,range01_frame_000283.png,141.0,"#480[TkTk]が#509[BHE]領有中のLv.2都市 #509(249,549)を攻撃し、陣営のために破壊宝箱×5を勝ち取りました"
#534,c-6,249,249,2026-6-3 12:01:3,#476,476d,4tH,2,red,enemy,range01_frame_000283.png,141.0,"#476[476d]が#534[4tH]領有中のLv.2都市 #534(249,249)を攻撃し、陣営のために破壊宝箱×5を勝ち取りました"
#511,b-10,449,149,2026-6-3 04:34:5,#523,EDFS,sbM,1,red,enemy,range01_frame_000284.png,141.0,"#523[EDFS]が#511[sbM]領有中のLv.1都市 #511(449,149)を攻撃し、陣営のために破壊宝箱×2を勝ち取りました"
#511,j-8,349,949,2026-6-3 04:35:2,#476,ALj,JL2,1,red,enemy,range01_frame_000284.png,141.0,"#476[ALj]が#511[JL2]領有中のLv.1都市 #511(349,949)を攻撃し、陣営のために破壊宝箱×2を勝ち取りました"
#509,f-6,249,549,2026-6-3 04:39:4,#480,TkTk,BHE,2,red,enemy,range01_frame_000284.png,141.0,"#480[TkTk]が#509[BHE]領有中のLv.2都市 #509(249,549)を攻撃し、陣営のために破壊宝箱×5を勝ち取りました"
#534,c-6,249,249,2026-6-3 12:01:3,#476,476d,4tH,2,red,enemy,range01_frame_000284.png,141.0,"#476[476d]が#534[4tH]領有中のLv.2都市 #534(249,249)を攻撃し、陣営のために破壊宝箱×5を勝ち取りました"
#534,c-6,249,249,2026-6-3 12:01:4,#476,476c,4tH,2,red,enemy,range01_frame_000284.png,141.0,"#476[476c]が#534[4tH]領有中のLv.2都市 #534(249,249)を攻撃し、陣営のために破壊宝箱×5を勝ち取りました"
#511,b-10,449,149,2026-6-3 04:34:55,#523,EDFS,sbM,1,red,enemy,range01_frame_000285.png,142.0,"#523[EDFS]が#511[sbM]領有中のLv.1都市#511(449,149)を攻撃し、陣営のために破壊宝箱×2を勝ち取りました"
#511,j-8,349,949,2026-6-3 04:35:25,#476,ALj,JL2,1,red,enemy,range01_frame_000285.png,142.0,"#476[ALj]が#511[JL2]領有中のLv.1都市#511(349,949)を攻撃し、陣営のために破壊宝箱×2を勝ち取りました"
#509,f-6,249,549,2026-6-3 04:39:44,#480,TkTk,BHE,2,red,enemy,range01_frame_000285.png,142.0,"#480[TkTk]が#509[BHE]領有中のLv.2都市#509(249,549)を攻撃し、陣営のために破壊宝箱×5を勝ち取りました"
#534,c-6,249,249,2026-6-3 12:01:39,#476,476d,4tH,2,red,enemy,range01_frame_000285.png,142.0,"#476[476d]が#534[4tH]領有中のLv.2都市#534(249,249)を攻撃し、陣営のために破壊宝箱×5を勝ち取りました"
#534,f-6,249,549,2026-6-3 12:01:48,#476,476C,4tH,2,red,enemy,range01_frame_000286.png,142.0,"#476[476C]が#534[4tH]領有中のLv.2都市#534(249,549)を攻撃し、陣営のために破壊宝箱×5を勝ち取りました"
#511,j-8,349,949,2026-6-3 04:35:2,#476,ALj,JL2,1,red,enemy,range01_frame_000287.png,143.0,"#476[ALj]が#511[JL2]領有中のLv.1都市 #511(349,949)を攻撃し、陣営のために破壊宝箱×2を勝ち取りました"
#509,f-6,249,549,2026-6-3 04:39:4,#480,TkTk,BHE,2,red,enemy,range01_frame_000287.png,143.0,"#480[TkTk]が#509[BHE]領有中のLv.2都市 #509(249,549)を攻撃し、陣営のために破壊宝箱×5を勝ち取りました"
#534,c-6,249,249,2026-6-3 12:01:3,#476,476d,4tH,2,red,enemy,range01_frame_000287.png,143.0,"#476[476d]が#534[4tH]領有中のLv.2都市 #534(249,249)を攻撃し、陣営のために破壊宝箱×5を勝ち取りました"
#534,f-6,249,549,2026-6-3 12:01:4,#476,476C,4tH,2,red,enemy,range01_frame_000287.png,143.0,"#476[476C]が#534[4tH]領有中のLv.2都市 #534(249,549)を攻撃し、陣営のために破壊宝箱×5を勝ち取りました"
#480,d-16,749,349,2026-6-3 12:02:5,#509,5sQ,CDf8,2,blue,ally,range01_frame_000287.png,143.0,"#509[5sQ]が#480[CDf8]領有中のLv.2都市 #480(749,349)を攻撃し、陣営のために破壊宝箱×5を勝ち取りました"
#509,f-6,249,549,2026-6-3 04:39:4,#480,TkTk,BHE,2,red,enemy,range01_frame_000288.png,143.0,"#480[TkTk]が#509[BHE]領有中のLv.2都市 #509(249,549)を攻撃し、陣営のために破壊宝箱×5を勝ち取りました"
#534,c-6,249,249,2026-6-3 12:01:3,#476,476d,4tH,2,red,enemy,range01_frame_000288.png,143.0,"#476[476d]が#534[4tH]領有中のLv.2都市 #534(249,249)を攻撃し、陣営のために破壊宝箱×5を勝ち取りました"
#534,f-6,249,549,2026-6-3 12:01:4,#476,476C,4tH,2,red,enemy,range01_frame_000288.png,143.0,"#476[476C]が#534[4tH]領有中のLv.2都市 #534(249,549)を攻撃し、陣営のために破壊宝箱×5を勝ち取りました"
#480,d-16,749,349,2026-6-3 12:02:5,#509,5sQ,CDf8,2,blue,ally,range01_frame_000288.png,143.0,"#509[5sQ]が#480[CDf8]領有中のLv.2都市 #480(749,349)を攻撃し、陣営のために破壊宝箱×5を勝ち取りました"
#511,g-14,649,649,2026-6-3 12:03:1,#480,BgNa,DaNG,3,red,enemy,range01_frame_000288.png,143.0,"#480[BgNa]が#511[DaNG]領有中のLv.3都市 #511(649,649)を攻撃し、陣営のために破壊宝箱×10を勝ち取りました"
#534,c-6,249,249,2026-6-3 12:01:35,#476,476d,4tH,2,red,enemy,range01_frame_000289.png,144.0,"#476[476d]が#534[4tH]領有中のLv.2都市 #534(249,249)を攻撃し、陣営のために破壊宝箱×5を勝ち取りました"
#534,f-6,249,549,2026-6-3 12:01:48,#476,476c,4tH,2,red,enemy,range01_frame_000289.png,144.0,"#476[476c]が#534[4tH]領有中のLv.2都市 #534(249,549)を攻撃し、陣営のために破壊宝箱×5を勝ち取りました"
#480,d-16,749,349,2026-6-3 12:02:55,#509,5sQ,CDf8,2,blue,ally,range01_frame_000289.png,144.0,"#509[5sQ]が#480[CDf8]領有中のLv.2都市 #480(749,349)を攻撃し、陣営のために破壊宝箱×5を勝ち取りました"
#511,g-14,649,649,2026-6-3 12:03:10,#480,BgNa,DaNG,3,red,enemy,range01_frame_000289.png,144.0,"#480[BgNa]が#511[DaNG]領有中のLv.3都市 #511(649,649)を攻撃し、陣営のために破壊宝箱×10を勝ち取りました"
#534,d-6,249,349,2026-6-3 12:03:1?,#476,476d,RGWC,2,red,enemy,range01_frame_000290.png,144.0,"#476[476d]が#534[RGWC]領有中のLv.2都市 #534(249,349)を攻撃し、陣営のために破壊宝箱×5を勝ち取りました"
#534,c-6,249,249,2026-6-3 12:01:30,#476,476d,4tH,2,red,enemy,range01_frame_000291.png,145.0,"#476[476d]が#534[4tH]領有中のLv.2都市 #534(249,249)を攻撃し、陣営のために破壊宝箱×5を勝ち取りました"
#534,f-6,249,549,2026-6-3 12:01:40,#476,476C,4tH,2,red,enemy,range01_frame_000291.png,145.0,"#476[476C]が#534[4tH]領有中のLv.2都市 #534(249,549)を攻撃し、陣営のために破壊宝箱×5を勝ち取りました"
#480,d-16,749,349,2026-6-3 12:02:50,#509,SsQ,CDf8,2,blue,ally,range01_frame_000291.png,145.0,"#509[SsQ]が#480[CDf8]領有中のLv.2都市 #480(749,349)を攻撃し、陣営のために破壊宝箱×5を勝ち取りました"
#511,g-14,649,649,2026-6-3 12:03:10,#480,BgNa,DaNG,3,red,enemy,range01_frame_000291.png,145.0,"#480[BgNa]が#511[DaNG]領有中のLv.3都市 #511(649,649)を攻撃し、陣営のために破壊宝箱×10を勝ち取りました"
#534,d-6,249,349,2026-6-3 12:03:30,#476,476d,RGUC,2,red,enemy,range01_frame_000291.png,145.0,"#476[476d]が#534[RGUC]領有中のLv.2都市 #534(249,349)を攻撃し、陣営のために破壊宝箱×5を勝ち取りました"
#511,d-10,449,349,,#503,Lphs,zN7,3,red,enemy,range01_frame_000291.png,145.0,"#503[Lphs]が#511[zN7]領有中のLv.3都市 #511(449,349)を攻撃し、陣営のために破壊宝箱×10を勝ち取りました"
#534,c-6,249,249,2026-6-3 12:01:30,#476,476d,4tH,2,red,enemy,range01_frame_000292.png,145.0,"#476[476d]が#534[4tH]領有中のLv.2都市 #534(249,249)を攻撃し、陣営のために破壊宝箱×5を勝ち取りました"
#534,f-6,249,549,2026-6-3 12:01:40,#476,476C,4tH,2,red,enemy,range01_frame_000292.png,145.0,"#476[476C]が#534[4tH]領有中のLv.2都市 #534(249,549)を攻撃し、陣営のために破壊宝箱×5を勝ち取りました"
#480,d-16,749,349,2026-6-3 12:02:50,#509,SsQ,CDf8,2,blue,ally,range01_frame_000292.png,145.0,"#509[SsQ]が#480[CDf8]領有中のLv.2都市 #480(749,349)を攻撃し、陣営のために破壊宝箱×5を勝ち取りました"
#511,g-14,649,649,2026-6-3 12:03:10,#480,BgNa,DaNG,3,red,enemy,range01_frame_000292.png,145.0,"#480[BgNa]が#511[DaNG]領有中のLv.3都市 #511(649,649)を攻撃し、陣営のために破壊宝箱×10を勝ち取りました"
#534,d-6,249,349,2026-6-3 12:03:30,#476,476d,RGUC,2,red,enemy,range01_frame_000292.png,145.0,"#476[476d]が#534[RGUC]領有中のLv.2都市 #534(249,349)を攻撃し、陣営のために破壊宝箱×5を勝ち取りました"
#511,d-10,449,349,,#503,Lphs,zN7,3,red,enemy,range01_frame_000292.png,145.0,"#503[Lphs]が#511[zN7]領有中のLv.3都市 #511(449,349)を攻撃し、陣営のために破壊宝箱×10を勝ち取りました"
#534,f-6,249,549,2026-6-3 12:01:48,#476,476C,4tH,2,red,enemy,range01_frame_000293.png,146.0,"#476[476C]が#534[4tH]領有中のLv.2都市 #534(249,549)を攻撃し、陣営のために破壊宝箱×5を勝ち取りました"
#480,d-16,749,349,2026-6-3 12:02:5,#509,5sQ,CDf8,2,blue,ally,range01_frame_000293.png,146.0,"#509[5sQ]が#480[CDf8]領有中のLv.2都市 #480(749,349)を攻撃し、陣営のために破壊宝箱×5を勝ち取りました"
#511,g-14,649,649,2026-6-3 12:03:10,#480,BgNa,DaNG,3,red,enemy,range01_frame_000293.png,146.0,"#480[BgNa]が#511[DaNG]領有中のLv.3都市 #511(649,649)を攻撃し、陣営のために破壊宝箱×10を勝ち取りました"
#534,d-6,249,349,2026-6-3 12:03:30,#476,476d,RGWC,2,red,enemy,range01_frame_000293.png,146.0,"#476[476d]が#534[RGWC]領有中のLv.2都市 #534(249,349)を攻撃し、陣営のために破壊宝箱×5を勝ち取りました"
#511,d-10,449,349,2026-6-3 12:03:4,#503,Lghs,2N7,3,red,enemy,range01_frame_000293.png,146.0,"#503[Lghs]が#511[2N7]領有中のLv.3都市 #511(449,349)を攻撃し、陣営のために破壊宝箱×10を勝ち取りました"
#511,d-12,549,349,2026-6-3 12:05:2,#523,NBNH,2N7,3,red,enemy,range01_frame_000293.png,146.0,"#523[NBNH]が#511[2N7]領有中のLv.3都市 #511(549,349)を攻撃し、陣営のために破壊宝箱×10を勝ち取りました"
#480,d-16,749,349,2026-6-3 12:02:5,#509,5sQ,CDf8,2,blue,ally,range01_frame_000294.png,146.0,"#509[5sQ]が#480[CDf8]領有中のLv.2都市 #480(749,349)を攻撃し、陣営のために破壊宝箱×5を勝ち取りました"
#511,g-14,649,649,2026-6-3 12:03:10,#480,BgNa,DaNG,3,red,enemy,range01_frame_000294.png,146.0,"#480[BgNa]が#511[DaNG]領有中のLv.3都市 #511(649,649)を攻撃し、陣営のために破壊宝箱×10を勝ち取りました"
#534,d-6,249,349,2026-6-3 12:03:30,#476,476d,RGWC,2,red,enemy,range01_frame_000294.png,146.0,"#476[476d]が#534[RGWC]領有中のLv.2都市 #534(249,349)を攻撃し、陣営のために破壊宝箱×5を勝ち取りました"
#511,d-10,449,349,2026-6-3 12:03:4,#503,Lghs,2N7,3,red,enemy,range01_frame_000294.png,146.0,"#503[Lghs]が#511[2N7]領有中のLv.3都市 #511(449,349)を攻撃し、陣営のために破壊宝箱×10を勝ち取りました"
#511,d-12,549,349,2026-6-3 12:05:2,#523,NBNH,2N7,3,red,enemy,range01_frame_000294.png,146.0,"#523[NBNH]が#511[2N7]領有中のLv.3都市 #511(549,349)を攻撃し、陣営のために破壊宝箱×10を勝ち取りました"
#511,g-14,649,649,2026-6-3 12:03:10,#480,BgNa,DaNG,3,red,enemy,range01_frame_000295.png,147.0,"#480[BgNa]が#511[DaNG]領有中のLv.3都市 #511(649,649)を攻撃し、陣営のために破壊宝箱×10を勝ち取りました"
#534,d-6,249,349,2026-6-3 12:03:30,#476,476d,RGWC,2,red,enemy,range01_frame_000295.png,147.0,"#476[476d]が#534[RGWC]領有中のLv.2都市 #534(249,349)を攻撃し、陣営のために破壊宝箱×5を勝ち取りました"
#511,d-10,449,349,2026-6-3 12:03:40,#503,Lghs,2N7,3,red,enemy,range01_frame_000295.png,147.0,"#503[Lghs]が#511[2N7]領有中のLv.3都市 #511(449,349)を攻撃し、陣営のために破壊宝箱×10を勝ち取りました"
#511,d-12,549,349,2026-6-3 12:05:20,#523,NBNH,2N7,3,red,enemy,range01_frame_000295.png,147.0,"#523[NBNH]が#511[2N7]領有中のLv.3都市 #511(549,349)を攻撃し、陣営のために破壊宝箱×10を勝ち取りました"
#534,f-14,649,549,2026-6-3 12:05:20,#476,476B,JDX,3,red,enemy,range01_frame_000295.png,147.0,"#476[476B]が#534[JDX]領有中のLv.3都市 #534(649,549)を攻撃し、陣営のために破壊宝箱×10を勝ち取りました"
#511,g-14,649,649,2026-6-3 12:02:5,#480,BgNa,DaNG,3,red,enemy,range01_frame_000296.png,147.5,"#480[BgNa]が#511[DaNG]領有中のLv.3都市 #511(649,649)を攻撃し、陣営のために破壊宝箱×10を勝ち取りました"
#534,d-6,249,349,2026-6-3 12:03:1,#476,476d,RGWC,2,red,enemy,range01_frame_000296.png,147.5,"#476[476d]が#534[RGWC]領有中のLv.2都市 #534(249,349)を攻撃し、陣営のために破壊宝箱×5を勝ち取りました"
#511,d-10,449,349,2026-6-3 12:03:4,#503,Lghs,2N7,3,red,enemy,range01_frame_000296.png,147.5,"#503[Lghs]が#511[2N7]領有中のLv.3都市 #511(449,349)を攻撃し、陣営のために破壊宝箱×10を勝ち取りました"
#511,d-12,549,349,2026-6-3 12:05:2,#523,NBNH,2N7,3,red,enemy,range01_frame_000296.png,147.5,"#523[NBNH]が#511[2N7]領有中のLv.3都市 #511(549,349)を攻撃し、陣営のために破壊宝箱×10を勝ち取りました"
#534,f-14,649,549,2026-6-3 12:05:2,#476,476B,JDX,3,red,enemy,range01_frame_000296.png,147.5,"#476[476B]が#534[JDX]領有中のLv.3都市 #534(649,549)を攻撃し、陣営のために破壊宝箱×10を勝ち取りました"
#511,g-14,649,649,2026-6-3 12:02:5,#480,BgNa,DaNG,3,red,enemy,range01_frame_000297.png,147.5,"#480[BgNa]が#511[DaNG]領有中のLv.3都市 #511(649,649)を攻撃し、陣営のために破壊宝箱×10を勝ち取りました"
#534,d-6,249,349,2026-6-3 12:03:1,#476,476d,RGWC,2,red,enemy,range01_frame_000297.png,147.5,"#476[476d]が#534[RGWC]領有中のLv.2都市 #534(249,349)を攻撃し、陣営のために破壊宝箱×5を勝ち取りました"
#511,d-10,449,349,2026-6-3 12:03:4,#503,Lghs,2N7,3,red,enemy,range01_frame_000297.png,147.5,"#503[Lghs]が#511[2N7]領有中のLv.3都市 #511(449,349)を攻撃し、陣営のために破壊宝箱×10を勝ち取りました"
#511,d-12,549,349,2026-6-3 12:05:2,#523,NBNH,2N7,3,red,enemy,range01_frame_000297.png,147.5,"#523[NBNH]が#511[2N7]領有中のLv.3都市 #511(549,349)を攻撃し、陣営のために破壊宝箱×10を勝ち取りました"
#534,f-14,649,549,2026-6-3 12:05:2,#476,476B,JDX,3,red,enemy,range01_frame_000297.png,147.5,"#476[476B]が#534[JDX]領有中のLv.3都市 #534(649,549)を攻撃し、陣営のために破壊宝箱×10を勝ち取りました"
#511,g-14,649,649,2026-6-3 12:03:10,#480,BgNa,DaNG,3,red,enemy,range01_frame_000298.png,148.5,"#480[BgNa]が#511[DaNG]領有中のLv.3都市 #511(649,649)を攻撃し、陣営のために破壊宝箱×10を勝ち取りました"
#534,d-6,249,349,2026-6-3 12:03:30,#476,476d,RGWC,2,red,enemy,range01_frame_000298.png,148.5,"#476[476d]が#534[RGWC]領有中のLv.2都市 #534(249,349)を攻撃し、陣営のために破壊宝箱×5を勝ち取りました"
#511,d-10,449,349,2026-6-3 12:03:40,#503,Lghs,2N7,3,red,enemy,range01_frame_000298.png,148.5,"#503[Lghs]が#511[2N7]領有中のLv.3都市 #511(449,349)を攻撃し、陣営のために破壊宝箱×10を勝ち取りました"
#511,d-12,549,349,2026-6-3 12:05:20,#523,NBNH,2N7,3,red,enemy,range01_frame_000298.png,148.5,"#523[NBNH]が#511[2N7]領有中のLv.3都市 #511(549,349)を攻撃し、陣営のために破壊宝箱×10を勝ち取りました"
#534,f-14,649,549,2026-6-3 12:05:20,#476,476B,JDX,3,red,enemy,range01_frame_000298.png,148.5,"#476[476B]が#534[JDX]領有中のLv.3都市 #534(649,549)を攻撃し、陣営のために破壊宝箱×10を勝ち取りました"
#509,g-6,249,649,2026-6-3 12:06:30,#503,xjR,BHE,2,red,enemy,range01_frame_000298.png,148.5,"#503[xjR]が#509[BHE]領有中のLv.2都市 #509(249,649)を攻撃し、陣営のために破壊宝箱×5を勝ち取りました"
#534,d-6,249,349,2026-6-3 12:03:30,#476,476d,RGWC,2,red,enemy,range01_frame_000299.png,148.5,"#476[476d]が#534[RGWC]領有中のLv.2都市 #534(249,349)を攻撃し、陣営のために破壊宝箱×5を勝ち取りました"
#511,d-10,449,349,2026-6-3 12:03:40,#503,Lghs,2N7,3,red,enemy,range01_frame_000299.png,148.5,"#503[Lghs]が#511[2N7]領有中のLv.3都市 #511(449,349)を攻撃し、陣営のために破壊宝箱×10を勝ち取りました"
#511,d-12,549,349,2026-6-3 12:05:20,#523,NBNH,2N7,3,red,enemy,range01_frame_000299.png,148.5,"#523[NBNH]が#511[2N7]領有中のLv.3都市 #511(549,349)を攻撃し、陣営のために破壊宝箱×10を勝ち取りました"
#534,f-14,649,549,2026-6-3 12:05:20,#476,476B,JDX,3,red,enemy,range01_frame_000299.png,148.5,"#476[476B]が#534[JDX]領有中のLv.3都市 #534(649,549)を攻撃し、陣営のために破壊宝箱×10を勝ち取りました"
#509,g-6,249,649,2026-6-3 12:06:30,#503,xjR,BHE,2,red,enemy,range01_frame_000299.png,148.5,"#503[xjR]が#509[BHE]領有中のLv.2都市 #509(249,649)を攻撃し、陣営のために破壊宝箱×5を勝ち取りました"
#511,d-10,449,349,2026-6-3 12:03:4,#503,Lghs,2N7,3,red,enemy,range01_frame_000300.png,149.5,"#503[Lghs]が#511[2N7]領有中のLv.3都市 #511(449,349)を攻撃し、陣営のために破壊宝箱×10を勝ち取りました"
#511,d-12,549,349,2026-6-3 12:05:2,#523,NBNH,2N7,3,red,enemy,range01_frame_000300.png,149.5,"#523[NBNH]が#511[2N7]領有中のLv.3都市 #511(549,349)を攻撃し、陣営のために破壊宝箱×10を勝ち取りました"
#534,f-14,649,549,2026-6-3 12:05:2,#476,476B,JDX,3,red,enemy,range01_frame_000300.png,149.5,"#476[476B]が#534[JDX]領有中のLv.3都市 #534(649,549)を攻撃し、陣営のために破壊宝箱×10を勝ち取りました"
#509,g-6,249,649,2026-6-3 12:06:3,#503,xjR,BHE,2,red,enemy,range01_frame_000300.png,149.5,"#503[xjR]が#509[BHE]領有中のLv.2都市 #509(249,649)を攻撃し、陣営のために破壊宝箱×5を勝ち取りました"
#511,f-14,649,549,2026-6-3 12:07:3,#480,WbWJ,SVa,3,red,enemy,range01_frame_000300.png,149.5,"#480[WbWJ]が#511[SVa]領有中のLv.3都市 #511(649,549)を攻撃し、陣営のために破壊宝箱×10を勝ち取りました"
#509,g-4,149,649,2026-6-3 12:10:5,#480,TkTk,BHE,1,red,enemy,range01_frame_000301.png,149.5,"#480[TkTk]が#509[BHE]領有中のLv.1都市 #509(149,649)を攻撃し、陣営のために破壊宝箱×2を勝ち取りました"
#511,d-12,549,349,2026-6-3 12:05:2,#523,NBNH,2N7,3,red,enemy,range01_frame_000302.png,150.5,"#523[NBNH]が#511[2N7]領有中のLv.3都市 #511(549,349)を攻撃し、陣営のために破壊宝箱×10を勝ち取りました"
#534,f-14,649,549,2026-6-3 12:05:2,#476,476B,JDX,3,red,enemy,range01_frame_000302.png,150.5,"#476[476B]が#534[JDX]領有中のLv.3都市 #534(649,549)を攻撃し、陣営のために破壊宝箱×10を勝ち取りました"
#509,g-6,249,649,2026-6-3 12:06:3,#503,xjR,BHE,2,red,enemy,range01_frame_000302.png,150.5,"#503[xjR]が#509[BHE]領有中のLv.2都市 #509(249,649)を攻撃し、陣営のために破壊宝箱×5を勝ち取りました"
#511,f-14,649,549,2026-6-3 12:07:3,#480,WbW,SVa,3,red,enemy,range01_frame_000302.png,150.5,"#480[WbW]が#511[SVa]領有中のLv.3都市 #511(649,549)を攻撃し、陣営のために破壊宝箱×10を勝ち取りました"
#509,g-4,149,649,2026-6-3 12:10:5,#480,TkTk,BHE,1,red,enemy,range01_frame_000302.png,150.5,"#480[TkTk]が#509[BHE]領有中のLv.1都市 #509(149,649)を攻撃し、陣営のために破壊宝箱×2を勝ち取りました"
#534,f-14,649,549,2026-6-3 12:05:2,#476,476B,JDX,3,red,enemy,range01_frame_000304.png,151.5,"#476[476B]が#534[JDX]領有中のLv.3都市 #534(649,549)を攻撃し、陣営のために破壊宝箱×10を勝ち取りました"
#509,g-6,249,649,2026-6-3 12:06:3,#503,xjR,BHE,2,red,enemy,range01_frame_000304.png,151.5,"#503[xjR]が#509[BHE]領有中のLv.2都市 #509(249,649)を攻撃し、陣営のために破壊宝箱×5を勝ち取りました"
#511,f-14,649,549,2026-6-3 12:07:3,#480,WbW,SVa,3,red,enemy,range01_frame_000304.png,151.5,"#480[WbW]が#511[SVa]領有中のLv.3都市 #511(649,549)を攻撃し、陣営のために破壊宝箱×10を勝ち取りました"
#509,g-4,149,649,2026-6-3 12:10:5,#480,TkTk,BHE,1,red,enemy,range01_frame_000304.png,151.5,"#480[TkTk]が#509[BHE]領有中のLv.1都市 #509(149,649)を攻撃し、陣営のために破壊宝箱×2を勝ち取りました"
#534,c-14,649,249,2026-6-3 12:11:0,#476,476B,JDX,2,red,enemy,range01_frame_000304.png,151.5,"#476[476B]が#534[JDX]領有中のLv.2都市 #534(649,249)を攻撃し、陣営のために破壊宝箱×5を勝ち取りました"
#534,f-14,649,549,2026-6-3 12:05:2,#476,476B,JDX,3,red,enemy,range01_frame_000305.png,151.5,"#476[476B]が#534[JDX]領有中のLv.3都市 #534(649,549)を攻撃し、陣営のために破壊宝箱×10を勝ち取りました"
#509,g-6,249,649,2026-6-3 12:06:3,#503,xjR,BHE,2,red,enemy,range01_frame_000305.png,151.5,"#503[xjR]が#509[BHE]領有中のLv.2都市 #509(249,649)を攻撃し、陣営のために破壊宝箱×5を勝ち取りました"
#511,f-14,649,549,2026-6-3 12:07:3,#480,WbW,SVa,3,red,enemy,range01_frame_000305.png,151.5,"#480[WbW]が#511[SVa]領有中のLv.3都市 #511(649,549)を攻撃し、陣営のために破壊宝箱×10を勝ち取りました"
#509,g-4,149,649,2026-6-3 12:10:5,#480,TkTk,BHE,1,red,enemy,range01_frame_000305.png,151.5,"#480[TkTk]が#509[BHE]領有中のLv.1都市 #509(149,649)を攻撃し、陣営のために破壊宝箱×2を勝ち取りました"
#534,c-14,649,249,2026-6-3 12:11:0,#476,476B,JDX,2,red,enemy,range01_frame_000305.png,151.5,"#476[476B]が#534[JDX]領有中のLv.2都市 #534(649,249)を攻撃し、陣営のために破壊宝箱×5を勝ち取りました"
#480,c-6,249,249,,#534,KTVS,TkTk,2,blue,ally,range01_frame_000305.png,151.5,"#534[KTVS]が#480[TkTk]領有中のLv.2都市 #480(249,249)を攻撃し、[陣営のために破壊宝箱×?を...]"
#511,f-14,649,549,2026-6-3 12:06:33,#480,WbW,SVa,3,red,enemy,range01_frame_000306.png,152.5,"#480[WbW]が#511[SVa]領有中のLv.3都市 #511(649,549)を攻撃し、陣営のために破壊宝箱×10を勝ち取りました"
#509,g-4,149,649,2026-6-3 12:07:33,#480,TkTk,BHE,1,red,enemy,range01_frame_000306.png,152.5,"#480[TkTk]が#509[BHE]領有中のLv.1都市 #509(149,649)を攻撃し、陣営のために破壊宝箱×2を勝ち取りました"
#534,c-14,649,249,2026-6-3 12:11:01,#476,476B,JDX,2,red,enemy,range01_frame_000306.png,152.5,"#476[476B]が#534[JDX]領有中のLv.2都市 #534(649,249)を攻撃し、陣営のために破壊宝箱×5を勝ち取りました"
#480,h-8,349,749,2026-6-3 12:11:40,#534,KTVS,TkTk,2,blue,ally,range01_frame_000306.png,152.5,"#534[KTVS]が#480[TkTk]領有中のLv.2都市 #480(349,749)を攻撃し、陣営のために破壊宝箱×5を勝ち取りました"
#476,i-12,549,849,2026-6-3 12:12:11,#534,SHA,476A,1,blue,ally,range01_frame_000306.png,152.5,"#534[SHA]が#476[476A]領有中のLv.1都市 #476(549,849)を攻撃し、陣営のために破壊宝箱×2を勝ち取りました"
#511,f-14,649,549,2026-6-3 12:07:33,#480,WbW,SVa,3,red,enemy,range01_frame_000307.png,152.5,"#480[WbW]が#511[SVa]領有中のLv.3都市 #511(649,549)を攻撃し、陣営のために破壊宝箱×10を勝ち取りました"
#509,g-4,149,649,2026-6-3 12:10:53,#480,TkTk,BHE,1,red,enemy,range01_frame_000307.png,152.5,"#480[TkTk]が#509[BHE]領有中のLv.1都市 #509(149,649)を攻撃し、陣営のために破壊宝箱×2を勝ち取りました"
#534,c-14,649,249,2026-6-3 12:11:01,#476,476B,JDX,2,red,enemy,range01_frame_000307.png,152.5,"#476[476B]が#534[JDX]領有中のLv.2都市 #534(649,249)を攻撃し、陣営のために破壊宝箱×5を勝ち取りました"
#480,h-8,349,749,2026-6-3 12:11:40,#534,KTVS,TkTk,2,blue,ally,range01_frame_000307.png,152.5,"#534[KTVS]が#480[TkTk]領有中のLv.2都市 #480(349,749)を攻撃し、陣営のために破壊宝箱×5を勝ち取りました"
#476,i-12,549,849,2026-6-3 12:12:11,#534,SHA,476A,1,blue,ally,range01_frame_000307.png,152.5,"#534[SHA]が#476[476A]領有中のLv.1都市 #476(549,849)を攻撃し、陣営のために破壊宝箱×2を勝ち取りました"
#509,g-4,149,649,2026-6-3 12:10:54,#480,TkTk,BHE,1,red,enemy,range01_frame_000308.png,153.5,"#480[TkTk]が#509[BHE]領有中のLv.1都市 #509(149,649)を攻撃し、陣営のために破壊宝箱×2を勝ち取りました"
#534,c-14,649,249,2026-6-3 12:11:0,#476,476B,JDX,2,red,enemy,range01_frame_000308.png,153.5,"#476[476B]が#534[JDX]領有中のLv.2都市 #534(649,249)を攻撃し、陣営のために破壊宝箱×5を勝ち取りました"
#480,h-8,349,749,2026-6-3 12:11:40,#534,KTVS,TkTk,2,blue,ally,range01_frame_000308.png,153.5,"#534[KTVS]が#480[TkTk]領有中のLv.2都市 #480(349,749)を攻撃し、陣営のために破壊宝箱×5を勝ち取りました"
#476,i-12,549,849,2026-6-3 12:12:1,#534,SHA,476A,1,blue,ally,range01_frame_000308.png,153.5,"#534[SHA]が#476[476A]領有中のLv.1都市 #476(549,849)を攻撃し、陣営のために破壊宝箱×2を勝ち取りました"
#511,i-10,449,849,2026-6-3 12:12:1,#523,NBNH,DaNG,1,red,enemy,range01_frame_000308.png,153.5,"#523[NBNH]が#511[DaNG]領有中のLv.1都市 #511(449,849)を攻撃し、陣営のために破壊宝箱×2を勝ち取りました"
#509,g-4,149,649,2026-6-3 12:10:53,#480,TkTk,BHE,1,red,enemy,range01_frame_000310.png,154.5,"#480[TkTk]が#509[BHE]領有中のLv.1都市 #509(149,649)を攻撃し、陣営のために破壊宝箱×2を勝ち取りました"
#534,c-14,649,249,2026-6-3 12:11:01,#476,476B,JDX,2,red,enemy,range01_frame_000310.png,154.5,"#476[476B]が#534[JDX]領有中のLv.2都市 #534(649,249)を攻撃し、陣営のために破壊宝箱×5を勝ち取りました"
#480,h-8,349,749,2026-6-3 12:11:40,#534,KTVS,TkTk,2,blue,ally,range01_frame_000310.png,154.5,"#534[KTVS]が#480[TkTk]領有中のLv.2都市 #480(349,749)を攻撃し、陣営のために破壊宝箱×5を勝ち取りました"
#476,i-12,549,849,2026-6-3 12:12:10,#534,SHA,476A,1,blue,ally,range01_frame_000310.png,154.5,"#534[SHA]が#476[476A]領有中のLv.1都市 #476(549,849)を攻撃し、陣営のために破壊宝箱×2を勝ち取りました"
#511,i-10,449,849,2026-6-3 12:12:40,#523,NBNH,DaNG,1,red,enemy,range01_frame_000310.png,154.5,"#523[NBNH]が#511[DaNG]領有中のLv.1都市 #511(449,849)を攻撃し、陣営のために破壊宝箱×2を勝ち取りました"
#509,e-18,849,449,2026-6-3 12:13:09,#503,Lghs,FHX,1,red,enemy,range01_frame_000311.png,154.5,"#503[Lghs]が#509[FHX]領有中のLv.1都市 #509(849,449)を攻撃し、陣営のために破壊宝箱×2を勝ち取りました"
#534,c-14,649,249,2026-6-3 12:11:01,#476,476B,JDX,2,red,enemy,range01_frame_000312.png,155.5,"#476[476B]が#534[JDX]領有中のLv.2都市 #534(649,249)を攻撃し、陣営のために破壊宝箱×5を勝ち取りました"
#480,h-8,349,749,2026-6-3 12:11:40,#534,KTVS,TkTk,2,blue,ally,range01_frame_000312.png,155.5,"#534[KTVS]が#480[TkTk]領有中のLv.2都市 #480(349,749)を攻撃し、陣営のために破壊宝箱×5を勝ち取りました"
#476,i-12,549,849,2026-6-3 12:12:10,#534,SHA,476A,1,blue,ally,range01_frame_000312.png,155.5,"#534[SHA]が#476[476A]領有中のLv.1都市 #476(549,849)を攻撃し、陣営のために破壊宝箱×2を勝ち取りました"
#511,i-10,449,849,2026-6-3 12:12:40,#523,NBNH,DaNG,1,red,enemy,range01_frame_000312.png,155.5,"#523[NBNH]が#511[DaNG]領有中のLv.1都市 #511(449,849)を攻撃し、陣営のために破壊宝箱×2を勝ち取りました"
#509,e-18,849,449,2026-6-3 12:13:10,#503,Lghs,FHX,1,red,enemy,range01_frame_000312.png,155.5,"#503[Lghs]が#509[FHX]領有中のLv.1都市 #509(849,449)を攻撃し、陣営のために破壊宝箱×2を勝ち取りました"
#480,i-6,249,849,2026-6-3 12:14:10,#534,KTVS,RCON,1,blue,ally,range01_frame_000313.png,155.5,"#534[KTVS]が#480[RCON]領有中のLv.1都市 #480(249,849)を攻撃し、陣営のために破壊宝箱×2を勝ち取りました"
#476,i-12,549,849,2026-6-3 12:11:40,#534,SHA,476A,1,unknown,unknown,range01_frame_000314.png,156.5,"#534[SHA]が#476[476A]領有中のLv.1都市 #476(549,849)を攻撃し、陣営のために破壊宝箱×2を勝ち取りました"
#511,i-10,449,849,2026-6-3 12:12:10,#523,NBNH,DaNG,1,red,enemy,range01_frame_000314.png,156.5,"#523[NBNH]が#511[DaNG]領有中のLv.1都市 #511(449,849)を攻撃し、陣営のために破壊宝箱×2を勝ち取りました"
#509,e-18,849,449,2026-6-3 12:13:10,#503,Lghs,FHX,1,red,enemy,range01_frame_000314.png,156.5,"#503[Lghs]が#509[FHX]領有中のLv.1都市 #509(849,449)を攻撃し、陣営のために破壊宝箱×2を勝ち取りました"
#480,i-6,249,849,2026-6-3 12:14:10,#534,KTVS,RCON,1,unknown,unknown,range01_frame_000314.png,156.5,"#534[KTVS]が#480[RCON]領有中のLv.1都市 #480(249,849)を攻撃し、陣営のために破壊宝箱×2を勝ち取りました"
#509,f-2,49,549,2026-6-3 12:14:20,#503,Bye,BHE,1,red,enemy,range01_frame_000314.png,156.5,"#503[Bye]が#509[BHE]領有中のLv.1都市 #509(49,549)を攻撃し、陣営のために破壊宝箱×2を勝ち取りました"
#476,i-12,549,849,2026-6-3 12:11:40,#534,SHA,476A,1,unknown,unknown,range01_frame_000315.png,156.5,"#534[SHA]が#476[476A]領有中のLv.1都市 #476(549,849)を攻撃し、陣営のために破壊宝箱×2を勝ち取りました"
#511,i-10,449,849,2026-6-3 12:12:10,#523,NBNH,DaNG,1,red,enemy,range01_frame_000315.png,156.5,"#523[NBNH]が#511[DaNG]領有中のLv.1都市 #511(449,849)を攻撃し、陣営のために破壊宝箱×2を勝ち取りました"
#509,e-18,849,449,2026-6-3 12:13:10,#503,Lghs,FHX,1,red,enemy,range01_frame_000315.png,156.5,"#503[Lghs]が#509[FHX]領有中のLv.1都市 #509(849,449)を攻撃し、陣営のために破壊宝箱×2を勝ち取りました"
#480,i-6,249,849,2026-6-3 12:14:10,#534,KTVS,RCON,1,unknown,unknown,range01_frame_000315.png,156.5,"#534[KTVS]が#480[RCON]領有中のLv.1都市 #480(249,849)を攻撃し、陣営のために破壊宝箱×2を勝ち取りました"
#509,f-2,49,549,2026-6-3 12:14:20,#503,Bye,BHE,1,red,enemy,range01_frame_000315.png,156.5,"#503[Bye]が#509[BHE]領有中のLv.1都市 #509(49,549)を攻撃し、陣営のために破壊宝箱×2を勝ち取りました"
#476,i-12,549,849,2026-6-3 12:12:11,#534,SHA,476A,1,blue,ally,range01_frame_000316.png,157.5,"#534[SHA]が#476[476A]領有中のLv.1都市 #476(549,849)を攻撃し、陣営のために破壊宝箱×2を勝ち取りました"
#511,i-10,449,849,2026-6-3 12:12:4,#523,NBNH,DaNG,1,red,enemy,range01_frame_000316.png,157.5,"#523[NBNH]が#511[DaNG]領有中のLv.1都市 #511(449,849)を攻撃し、陣営のために破壊宝箱×2を勝ち取りました"
#509,e-18,849,449,2026-6-3 12:13:1,#503,Lghs,FHX,1,red,enemy,range01_frame_000316.png,157.5,"#503[Lghs]が#509[FHX]領有中のLv.1都市 #509(849,449)を攻撃し、陣営のために破壊宝箱×2を勝ち取りました"
#480,i-6,249,849,2026-6-3 12:14:1,#534,KTVS,RCON,1,blue,ally,range01_frame_000316.png,157.5,"#534[KTVS]が#480[RCON]領有中のLv.1都市 #480(249,849)を攻撃し、陣営のために破壊宝箱×2を勝ち取りました"
#509,f-2,49,549,2026-6-3 12:14:20,#503,Bye,BHE,1,red,enemy,range01_frame_000316.png,157.5,"#503[Bye]が#509[BHE]領有中のLv.1都市 #509(49,549)を攻撃し、陣営のために破壊宝箱×2を勝ち取りました"
#476,i-12,549,849,2026-6-3 12:12:11,#534,SHA,476A,1,blue,ally,range01_frame_000317.png,157.5,"#534[SHA]が#476[476A]領有中のLv.1都市 #476(549,849)を攻撃し、陣営のために破壊宝箱×2を勝ち取りました"
#511,i-10,449,849,2026-6-3 12:12:4,#523,NBNH,DaNG,1,red,enemy,range01_frame_000317.png,157.5,"#523[NBNH]が#511[DaNG]領有中のLv.1都市 #511(449,849)を攻撃し、陣営のために破壊宝箱×2を勝ち取りました"
#509,e-18,849,449,2026-6-3 12:13:1,#503,Lghs,FHX,1,red,enemy,range01_frame_000317.png,157.5,"#503[Lghs]が#509[FHX]領有中のLv.1都市 #509(849,449)を攻撃し、陣営のために破壊宝箱×2を勝ち取りました"
#480,i-6,249,849,2026-6-3 12:14:1,#534,KTVS,RCON,1,blue,ally,range01_frame_000317.png,157.5,"#534[KTVS]が#480[RCON]領有中のLv.1都市 #480(249,849)を攻撃し、陣営のために破壊宝箱×2を勝ち取りました"
#509,f-2,49,549,2026-6-3 12:14:20,#503,Bye,BHE,1,red,enemy,range01_frame_000317.png,157.5,"#503[Bye]が#509[BHE]領有中のLv.1都市 #509(49,549)を攻撃し、陣営のために破壊宝箱×2を勝ち取りました"
#511,i-10,449,849,2026-6-3 12:12:1,#523,NBNH,DaNG,1,red,enemy,range01_frame_000318.png,158.5,"#523[NBNH]が#511[DaNG]領有中のLv.1都市 #511(449,849)を攻撃し、陣営のために破壊宝箱×2を勝ち取りました"
#509,e-18,849,449,2026-6-3 12:13:1,#503,Lghs,FHX,1,red,enemy,range01_frame_000318.png,158.5,"#503[Lghs]が#509[FHX]領有中のLv.1都市 #509(849,449)を攻撃し、陣営のために破壊宝箱×2を勝ち取りました"
#480,i-6,249,849,2026-6-3 12:14:1,#534,KTVS,RCON,1,blue,ally,range01_frame_000318.png,158.5,"#534[KTVS]が#480[RCON]領有中のLv.1都市 #480(249,849)を攻撃し、陣営のために破壊宝箱×2を勝ち取りました"
#509,f-2,49,549,2026-6-3 12:14:2,#503,Bye,BHE,1,red,enemy,range01_frame_000318.png,158.5,"#503[Bye]が#509[BHE]領有中のLv.1都市 #509(49,549)を攻撃し、陣営のために破壊宝箱×2を勝ち取りました"
#509,e-4,149,449,2026-6-3 12:18:2,#503,fzn,tWD,1,red,enemy,range01_frame_000318.png,158.5,"#503[fzn]が#509[tWD]領有中のLv.1都市 #509(149,449)を攻撃し、陣営のために破壊宝箱×2を勝ち取りました"
#511,i-10,449,849,2026-6-3 12:12:4,#523,NBNH,DaNG,1,red,enemy,range01_frame_000319.png,158.5,"#523[NBNH]が#511[DaNG]領有中のLv.1都市 #511(449,849)を攻撃し、陣営のために破壊宝箱×2を勝ち取りました"
#509,e-18,849,449,2026-6-3 12:13:1,#503,Lghs,FHX,1,red,enemy,range01_frame_000319.png,158.5,"#503[Lghs]が#509[FHX]領有中のLv.1都市 #509(849,449)を攻撃し、陣営のために破壊宝箱×2を勝ち取りました"
#480,i-6,249,849,2026-6-3 12:14:1,#534,KTVS,RCON,1,blue,ally,range01_frame_000319.png,158.5,"#534[KTVS]が#480[RCON]領有中のLv.1都市 #480(249,849)を攻撃し、陣営のために破壊宝箱×2を勝ち取りました"
#509,f-2,49,549,2026-6-3 12:14:2,#503,Bye,BHE,1,red,enemy,range01_frame_000319.png,158.5,"#503[Bye]が#509[BHE]領有中のLv.1都市 #509(49,549)を攻撃し、陣営のために破壊宝箱×2を勝ち取りました"
#509,e-4,149,449,2026-6-3 12:18:2,#503,fzn,tWD,1,red,enemy,range01_frame_000319.png,158.5,"#503[fzn]が#509[tWD]領有中のLv.1都市 #509(149,449)を攻撃し、陣営のために破壊宝箱×2を勝ち取りました"
#509,e-18,849,449,2026-6-3 12:12:4,#503,Lghs,FHX,1,red,enemy,range01_frame_000320.png,159.5,"#503[Lghs]が#509[FHX]領有中のLv.1都市 #509(849,449)を攻撃し、陣営のために破壊宝箱×2を勝ち取りました"
#480,i-6,249,849,2026-6-3 12:13:1,#534,KTVS,RCON,1,blue,ally,range01_frame_000320.png,159.5,"#534[KTVS]が#480[RCON]領有中のLv.1都市 #480(249,849)を攻撃し、陣営のために破壊宝箱×2を勝ち取りました"
#509,f-2,49,549,2026-6-3 12:14:2,#503,Bye,BHE,1,red,enemy,range01_frame_000320.png,159.5,"#503[Bye]が#509[BHE]領有中のLv.1都市 #509(49,549)を攻撃し、陣営のために破壊宝箱×2を勝ち取りました"
#509,e-4,149,449,2026-6-3 12:18:2,#503,fzn,tUD,1,red,enemy,range01_frame_000320.png,159.5,"#503[fzn]が#509[tUD]領有中のLv.1都市 #509(149,449)を攻撃し、陣営のために破壊宝箱×2を勝ち取りました"
#509,g-8,349,649,2026-6-3 12:26:3,#476,476A,BHE,3,red,enemy,range01_frame_000320.png,159.5,"#476[476A]が#509[BHE]領有中のLv.3都市 #509(349,649)を攻撃し、陣営のために破壊宝箱×10を勝ち取りました"
#509,e-4,149,449,2026-6-3 12:18:2,#503,fzn,tUD,1,red,enemy,range01_frame_000321.png,159.5,"#503[fzn]が#509[tUD]領有中のLv.1都市 #509(149,449)を攻撃し、陣営のために破壊宝箱×2を勝ち取りました"
#509,g-8,349,649,2026-6-3 12:26:3,#476,476A,BHE,3,red,enemy,range01_frame_000321.png,159.5,"#476[476A]が#509[BHE]領有中のLv.3都市 #509(349,649)を攻撃し、陣営のために破壊宝箱×10を勝ち取りました"
#509,j-10,449,949,unknown,#503,UMN,AoUW,1,red,enemy,range01_frame_000321.png,159.5,"#503[UMN]が#509[AoUW]領有中のLv.1都市 #509(449,949)を攻撃し、陣営のために破壊宝箱×2を勝ち取りました"
#480,i-6,249,849,2026-6-3 12:13:1,#534,KTVS,RCON,1,blue,ally,range01_frame_000322.png,160.5,"#534[KTVS]が#480[RCON]領有中のLv.1都市 #480(249,849)を攻撃し、陣営のために破壊宝箱×2を勝ち取りました"
#509,f-2,49,549,2026-6-3 12:14:1,#503,Bye,BHE,1,red,enemy,range01_frame_000322.png,160.5,"#503[Bye]が#509[BHE]領有中のLv.1都市 #509(49,549)を攻撃し、陣営のために破壊宝箱×2を勝ち取りました"
#509,e-4,149,449,2026-6-3 12:18:2,#503,fzn,tWD,1,red,enemy,range01_frame_000322.png,160.5,"#503[fzn]が#509[tWD]領有中のLv.1都市 #509(149,449)を攻撃し、陣営のために破壊宝箱×2を勝ち取りました"
#509,g-8,349,649,2026-6-3 12:26:3,#476,476A,BHE,3,red,enemy,range01_frame_000322.png,160.5,"#476[476A]が#509[BHE]領有中のLv.3都市 #509(349,649)を攻撃し、陣営のために破壊宝箱×10を勝ち取りました"
#509,j-10,449,949,2026-6-3 12:27:1,#503,UMN,AoW,1,red,enemy,range01_frame_000322.png,160.5,"#503[UMN]が#509[AoW]領有中のLv.1都市 #509(449,949)を攻撃し、陣営のために破壊宝箱×2を勝ち取りました"
#509,f-2,49,549,2026-6-3 12:14:20,#503,Bye,BHE,1,red,enemy,range01_frame_000324.png,161.5,"#503[Bye]が#509[BHE]領有中のLv.1都市 #509(49,549)を攻撃し、陣営のために破壊宝箱×2を勝ち取りました"
#509,e-4,149,449,2026-6-3 12:18:20,#503,fzn,tWD,1,red,enemy,range01_frame_000324.png,161.5,"#503[fzn]が#509[tWD]領有中のLv.1都市 #509(149,449)を攻撃し、陣営のために破壊宝箱×2を勝ち取りました"
#509,g-8,349,649,2026-6-3 12:26:30,#476,476A,BHE,3,red,enemy,range01_frame_000324.png,161.5,"#476[476A]が#509[BHE]領有中のLv.3都市 #509(349,649)を攻撃し、陣営のために破壊宝箱×10を勝ち取りました"
#509,j-10,449,949,2026-6-3 12:27:10,#503,UMN,AoUW,1,red,enemy,range01_frame_000324.png,161.5,"#503[UMN]が#509[AoUW]領有中のLv.1都市 #509(449,949)を攻撃し、陣営のために破壊宝箱×2を勝ち取りました"
#509,f-2,49,549,2026-6-3 12:14:20,#503,Bye,BHE,1,red,enemy,range01_frame_000325.png,161.5,"#503[Bye]が#509[BHE]領有中のLv.1都市 #509(49,549)を攻撃し、陣営のために破壊宝箱×2を勝ち取りました"
#509,e-4,149,449,2026-6-3 12:18:20,#503,fzn,tWD,1,red,enemy,range01_frame_000325.png,161.5,"#503[fzn]が#509[tWD]領有中のLv.1都市 #509(149,449)を攻撃し、陣営のために破壊宝箱×2を勝ち取りました"
#509,g-8,349,649,2026-6-3 12:26:30,#476,476A,BHE,3,red,enemy,range01_frame_000325.png,161.5,"#476[476A]が#509[BHE]領有中のLv.3都市 #509(349,649)を攻撃し、陣営のために破壊宝箱×10を勝ち取りました"
#509,j-10,449,949,2026-6-3 12:27:10,#503,UMN,AoUW,1,red,enemy,range01_frame_000325.png,161.5,"#503[UMN]が#509[AoUW]領有中のLv.1都市 #509(449,949)を攻撃し、陣営のために破壊宝箱×2を勝ち取りました"
#509,j-14,649,949,2026-6-3 12:31:10,#503,hMt,OTT,1,red,enemy,range01_frame_000325.png,161.5,"#503[hMt]が#509[OTT]領有中のLv.1都市 #509(649,949)を攻撃し、陣営のために破壊宝箱×2を勝ち取りました"
#509,e-4,149,449,2026-6-3 12:14:20,#503,fzn,tWD,1,red,enemy,range01_frame_000326.png,162.5,"#503[fzn]が#509[tWD]領有中のLv.1都市 #509(149,449)を攻撃し、陣営のために破壊宝箱×2を勝ち取りました"
#509,g-8,349,649,2026-6-3 12:18:20,#476,476A,BHE,3,red,enemy,range01_frame_000326.png,162.5,"#476[476A]が#509[BHE]領有中のLv.3都市 #509(349,649)を攻撃し、陣営のために破壊宝箱×10を勝ち取りました"
#509,j-10,449,949,2026-6-3 12:27:10,#503,UMN,AoW,1,red,enemy,range01_frame_000326.png,162.5,"#503[UMN]が#509[AoW]領有中のLv.1都市 #509(449,949)を攻撃し、陣営のために破壊宝箱×2を勝ち取りました"
#509,j-14,649,949,2026-6-3 12:30:00,#503,hMt,OTT,1,red,enemy,range01_frame_000326.png,162.5,"#503[hMt]が#509[OTT]領有中のLv.1都市 #509(649,949)を攻撃し、陣営のために破壊宝箱×2を勝ち取りました"
#511,c-14,649,249,2026-6-3 12:40:00,#480,AA0A,sbM,2,red,enemy,range01_frame_000326.png,162.5,"#480[AA0A]が#511[sbM]領有中のLv.2都市 #511(649,249)を攻撃し、陣営のために破壊宝箱×5を勝ち取りました"
#509,g-8,349,649,2026-6-3 12:18:20,#476,476A,BHE,3,red,enemy,range01_frame_000327.png,162.5,"#476[476A]が#509[BHE]領有中のLv.3都市 #509(349,649)を攻撃し、陣営のために破壊宝箱×10を勝ち取りました"
#509,j-10,449,949,2026-6-3 12:27:10,#503,UMN,AoW,1,red,enemy,range01_frame_000327.png,162.5,"#503[UMN]が#509[AoW]領有中のLv.1都市 #509(449,949)を攻撃し、陣営のために破壊宝箱×2を勝ち取りました"
#509,j-14,649,949,2026-6-3 12:30:00,#503,hMt,OTT,1,red,enemy,range01_frame_000327.png,162.5,"#503[hMt]が#509[OTT]領有中のLv.1都市 #509(649,949)を攻撃し、陣営のために破壊宝箱×2を勝ち取りました"
#511,c-14,649,249,2026-6-3 12:40:00,#480,AA0A,sbM,2,red,enemy,range01_frame_000327.png,162.5,"#480[AA0A]が#511[sbM]領有中のLv.2都市 #511(649,249)を攻撃し、陣営のために破壊宝箱×5を勝ち取りました"
#509,f-8,349,549,2026-6-3 12:??:??,#476,476A,tWD,3,red,enemy,range01_frame_000327.png,162.5,"#476[476A]が#509[tWD]領有中のLv.3都市 #509(349,549)を攻撃し、陣営のために破壊宝箱×10を..."
#509,g-8,349,649,2026-6-3 12:18:2,#476,476A,BHE,3,red,enemy,range01_frame_000328.png,163.5,"#476[476A]が#509[BHE]領有中のLv.3都市 #509(349,649)を攻撃し、陣営のために破壊宝箱×10を勝ち取りました"
#509,g-8,349,649,2026-6-3 12:26:3,#476,476A,BHE,3,red,enemy,range01_frame_000328.png,163.5,"#476[476A]が#509[BHE]領有中のLv.3都市 #509(349,649)を攻撃し、陣営のために破壊宝箱×10を勝ち取りました"
#509,j-10,449,949,2026-6-3 12:27:1,#503,UMN,AoW,1,red,enemy,range01_frame_000328.png,163.5,"#503[UMN]が#509[AoW]領有中のLv.1都市 #509(449,949)を攻撃し、陣営のために破壊宝箱×2を勝ち取りました"
#509,j-14,649,949,2026-6-3 12:30:0,#503,hMt,OTT,1,red,enemy,range01_frame_000328.png,163.5,"#503[hMt]が#509[OTT]領有中のLv.1都市 #509(649,949)を攻撃し、陣営のために破壊宝箱×2を勝ち取りました"
#511,c-14,649,249,2026-6-3 12:40:0,#480,AA0A,sbM,2,red,enemy,range01_frame_000328.png,163.5,"#480[AA0A]が#511[sbM]領有中のLv.2都市 #511(649,249)を攻撃し、陣営のために破壊宝箱×5を勝ち取りました"
#509,f-8,349,549,2026-6-3 12:41:2,#476,476A,tWD,3,red,enemy,range01_frame_000328.png,163.5,"#476[476A]が#509[tWD]領有中のLv.3都市 #509(349,549)を攻撃し、陣営のために破壊宝箱×10を勝ち取りました"
#509,g-8,349,649,2026-6-3 12:26:33,#476,476A,BHE,3,red,enemy,range01_frame_000330.png,164.5,"#476[476A]が#509[BHE]領有中のLv.3都市 #509(349,649)を攻撃し、陣営のために破壊宝箱×10を勝ち取りました"
#509,j-10,449,949,2026-6-3 12:27:11,#503,UMN,AoW,1,red,enemy,range01_frame_000330.png,164.5,"#503[UMN]が#509[AoW]領有中のLv.1都市 #509(449,949)を攻撃し、陣営のために破壊宝箱×2を勝ち取りました"
#509,j-14,649,949,2026-6-3 12:30:00,#503,hMt,OTT,1,red,enemy,range01_frame_000330.png,164.5,"#503[hMt]が#509[OTT]領有中のLv.1都市 #509(649,949)を攻撃し、陣営のために破壊宝箱×2を勝ち取りました"
#511,c-14,649,249,2026-6-3 12:40:00,#480,AA0A,sbM,2,red,enemy,range01_frame_000330.png,164.5,"#480[AA0A]が#511[sbM]領有中のLv.2都市 #511(649,249)を攻撃し、陣営のために破壊宝箱×5を勝ち取りました"
#509,f-8,349,549,2026-6-3 12:41:20,#476,476A,tWD,3,red,enemy,range01_frame_000330.png,164.5,"#476[476A]が#509[tWD]領有中のLv.3都市 #509(349,549)を攻撃し、陣営のために破壊宝箱×10を勝ち取りました"
#511,a-16,749,49,2026-6-3 12:41:5,#523,K4TR,,1,blue,ally,range01_frame_000330.png,164.5,"#523[K4TR]が#511領有中のLv.1都市 #511(749,49)を攻撃し、陣営のために破壊宝箱×2を勝ち取りました"
#509,j-10,449,949,2026-6-3 12:27:11,#503,UMN,AoW,1,red,enemy,range01_frame_000331.png,164.5,"#503[UMN]が#509[AoW]領有中のLv.1都市 #509(449,949)を攻撃し、陣営のために破壊宝箱×2を勝ち取りました"
#509,j-14,649,949,2026-6-3 12:30:00,#503,hMt,OTT,1,red,enemy,range01_frame_000331.png,164.5,"#503[hMt]が#509[OTT]領有中のLv.1都市 #509(649,949)を攻撃し、陣営のために破壊宝箱×2を勝ち取りました"
#511,c-14,649,249,2026-6-3 12:40:00,#480,AA0A,sbM,2,red,enemy,range01_frame_000331.png,164.5,"#480[AA0A]が#511[sbM]領有中のLv.2都市 #511(649,249)を攻撃し、陣営のために破壊宝箱×5を勝ち取りました"
#509,f-8,349,549,2026-6-3 12:41:20,#476,476A,tWD,3,red,enemy,range01_frame_000331.png,164.5,"#476[476A]が#509[tWD]領有中のLv.3都市 #509(349,549)を攻撃し、陣営のために破壊宝箱×10を勝ち取りました"
#511,a-16,749,49,2026-6-3 12:41:5,#523,K4TR,,1,blue,ally,range01_frame_000331.png,164.5,"#523[K4TR]が#511領有中のLv.1都市 #511(749,49)を攻撃し、陣営のために破壊宝箱×2を勝ち取りました"
#509,j-14,649,949,2026-6-3 12:30:0,#503,hMt,OTT,1,red,enemy,range01_frame_000332.png,165.5,"#503[hMt]が#509[OTT]領有中のLv.1都市 #509(649,949)を攻撃し、陣営のために破壊宝箱×2を勝ち取りました"
#511,c-14,649,249,2026-6-3 12:40:0,#480,AA0A,sbM,2,red,enemy,range01_frame_000332.png,165.5,"#480[AA0A]が#511[sbM]領有中のLv.2都市 #511(649,249)を攻撃し、陣営のために破壊宝箱×5を勝ち取りました"
#509,f-8,349,549,2026-6-3 12:41:2,#476,476A,tUD,3,red,enemy,range01_frame_000332.png,165.5,"#476[476A]が#509[tUD]領有中のLv.3都市 #509(349,549)を攻撃し、陣営のために破壊宝箱×10を勝ち取りました"
#511,a-16,749,49,2026-6-3 12:41:5,#523,K4TR,,1,blue,ally,range01_frame_000332.png,165.5,"#523[K4TR]が#511領有中のLv.1都市 #511(749,49)を攻撃し、陣営のために破壊宝箱×2を勝ち取りました"
#509,h-12,549,749,2026-6-3 12:45:5,#503,one,MOn,2,red,enemy,range01_frame_000332.png,165.5,"#503[one]が#509[MOn]領有中のLv.2都市 #509(549,749)を攻撃し、陣営のために破壊宝箱×5を勝ち取りました"
#440,c-2,49,249,2026-6-3 12:45:5,#476,476M,,1,red,enemy,range01_frame_000332.png,165.5,"#476[476M]が#440領有中のLv.1都市 #440(49,249)を攻撃し、陣営のために破壊宝箱×2を勝ち取りました"
#511,c-14,649,249,2026-6-3 12:40:0,#480,AA0A,sbM,2,red,enemy,range01_frame_000333.png,165.5,"#480[AA0A]が#511[sbM]領有中のLv.2都市 #511(649,249)を攻撃し、陣営のために破壊宝箱×5を勝ち取りました"
#509,f-8,349,549,2026-6-3 12:41:2,#476,476A,tUD,3,red,enemy,range01_frame_000333.png,165.5,"#476[476A]が#509[tUD]領有中のLv.3都市 #509(349,549)を攻撃し、陣営のために破壊宝箱×10を勝ち取りました"
#511,a-16,749,49,2026-6-3 12:41:5,#523,K4TR,,1,blue,ally,range01_frame_000333.png,165.5,"#523[K4TR]が#511領有中のLv.1都市 #511(749,49)を攻撃し、陣営のために破壊宝箱×2を勝ち取りました"
#509,h-12,549,749,2026-6-3 12:45:5,#503,one,MOn,2,red,enemy,range01_frame_000333.png,165.5,"#503[one]が#509[MOn]領有中のLv.2都市 #509(549,749)を攻撃し、陣営のために破壊宝箱×5を勝ち取りました"
#440,c-2,49,249,2026-6-3 12:45:5,#476,476M,,1,red,enemy,range01_frame_000333.png,165.5,"#476[476M]が#440領有中のLv.1都市 #440(49,249)を攻撃し、陣営のために破壊宝箱×2を勝ち取りました"
#511,c-14,649,249,2026-6-3 12:40:00,#480,AA0A,sbM,2,red,enemy,range01_frame_000334.png,166.5,"#480[AA0A]が#511[sbM]領有中のLv.2都市 #511(649,249)を攻撃し、陣営のために破壊宝箱×5を勝ち取りました"
#509,f-8,349,549,2026-6-3 12:41:2,#476,476A,tWJD,3,red,enemy,range01_frame_000334.png,166.5,"#476[476A]が#509[tWJD]領有中のLv.3都市 #509(349,549)を攻撃し、陣営のために破壊宝箱×10を勝ち取りました"
#511,a-16,749,49,2026-6-3 12:41:5,#523,K4TR,,1,red,enemy,range01_frame_000334.png,166.5,"#523[K4TR]が#511領有中のLv.1都市 #511(749,49)を攻撃し、陣営のために破壊宝箱×2を勝ち取りました"
#509,h-12,549,749,2026-6-3 12:45:5,#503,one,MOn,2,red,enemy,range01_frame_000334.png,166.5,"#503[one]が#509[MOn]領有中のLv.2都市 #509(549,749)を攻撃し、陣営のために破壊宝箱×5を勝ち取りました"
#440,c-2,49,249,2026-6-3 12:45:5,#476,476M,,1,red,enemy,range01_frame_000334.png,166.5,"#476[476M]が#440領有中のLv.1都市 #440(49,249)を攻撃し、陣営のために破壊宝箱×2を勝ち取りました"
#509,h-10,449,749,2026-6-3 12:45:5,#503,Stj,MOn,2,red,enemy,range01_frame_000334.png,166.5,"#503[Stj]が#509[MOn]領有中のLv.2都市 #509(449,749)を攻撃し、陣営のために破壊宝箱×5を勝ち取りました"
#509,f-8,349,549,2026-6-3 12:40:00,#476,476A,tWD,3,red,enemy,range01_frame_000336.png,167.5,"#476[476A]が#509[tWD]領有中のLv.3都市 #509(349,549)を攻撃し、陣営のために破壊宝箱×10を勝ち取りました"
#511,a-16,749,49,2026-6-3 12:41:20,#523,K4TR,,1,red,enemy,range01_frame_000336.png,167.5,"#523[K4TR]が#511領有中のLv.1都市#511(749,49)を攻撃し、陣営のために破壊宝箱×2を勝ち取りました"
#509,h-12,549,749,2026-6-3 12:45:50,#503,one,MOn,2,red,enemy,range01_frame_000336.png,167.5,"#503[one]が#509[MOn]領有中のLv.2都市#509(549,749)を攻撃し、陣営のために破壊宝箱×5を勝ち取りました"
#440,c-2,49,249,2026-6-3 12:45:50,#476,476M,,1,red,enemy,range01_frame_000336.png,167.5,"#476[476M]が#440領有中のLv.1都市#440(49,249)を攻撃し、陣営のために破壊宝箱×2を勝ち取りました"
#509,h-10,449,749,2026-6-3 12:46:30,#503,Stj,MOn,2,red,enemy,range01_frame_000336.png,167.5,"#503[Stj]が#509[MOn]領有中のLv.2都市#509(449,749)を攻撃し、陣営のために破壊宝箱×5を勝ち取りました"
#509,b-14,649,149,2026-6-3 12:49:40,#503,one,AoW,1,red,enemy,range01_frame_000336.png,167.5,"#503[one]が#509[AoW]領有中のLv.1都市 #509(649,149)を攻撃し、陣営のために破壊宝箱×2を勝ち取りました"
#511,a-16,749,49,2026-6-3 12:41:20,#523,K4TR,,1,red,enemy,range01_frame_000337.png,167.5,"#523[K4TR]が#511領有中のLv.1都市#511(749,49)を攻撃し、陣営のために破壊宝箱×2を勝ち取りました"
#509,h-12,549,749,2026-6-3 12:45:50,#503,one,MOn,2,red,enemy,range01_frame_000337.png,167.5,"#503[one]が#509[MOn]領有中のLv.2都市#509(549,749)を攻撃し、陣営のために破壊宝箱×5を勝ち取りました"
#440,c-2,49,249,2026-6-3 12:45:50,#476,476M,,1,red,enemy,range01_frame_000337.png,167.5,"#476[476M]が#440領有中のLv.1都市#440(49,249)を攻撃し、陣営のために破壊宝箱×2を勝ち取りました"
#509,h-10,449,749,2026-6-3 12:46:30,#503,Stj,MOn,2,red,enemy,range01_frame_000337.png,167.5,"#503[Stj]が#509[MOn]領有中のLv.2都市#509(449,749)を攻撃し、陣営のために破壊宝箱×5を勝ち取りました"
#509,b-14,649,149,2026-6-3 12:49:40,#503,one,AoW,1,red,enemy,range01_frame_000337.png,167.5,"#503[one]が#509[AoW]領有中のLv.1都市 #509(649,149)を攻撃し、陣営のために破壊宝箱×2を勝ち取りました"
#511,a-16,749,49,2026-6-3 12:41:51,#523,K4TR,,1,red,enemy,range01_frame_000338.png,168.5,"#523[K4TR]が#511 領有中のLv.1都市#511(749,49)を攻撃し、陣営のために破壊宝箱×2を勝ち取りました"
#509,h-12,549,749,2026-6-3 12:45:50,#503,one,MOn,2,red,enemy,range01_frame_000338.png,168.5,"#503[one]が#509[MOn]領有中のLv.2都市#509(549,749)を攻撃し、陣営のために破壊宝箱×5を勝ち取りました"
#440,c-2,49,249,2026-6-3 12:45:5,#476,476M,,1,red,enemy,range01_frame_000338.png,168.5,"#476[476M]が#440領有中のLv.1都市#440(49,249)を攻撃し、陣営のために破壊宝箱×2を勝ち取りました"
#509,h-10,449,749,2026-6-3 12:46:30,#503,Stj,MOn,2,red,enemy,range01_frame_000338.png,168.5,"#503[Stj]が#509[MOn]領有中のLv.2都市#509(449,749)を攻撃し、陣営のために破壊宝箱×5を勝ち取りました"
#509,b-14,649,149,2026-6-3 12:48:4,#503,one,AoW,1,red,enemy,range01_frame_000338.png,168.5,"#503[one]が#509[AoW]領有中のLv.1都市#509(649,149)を攻撃し、陣営のために破壊宝箱×2を勝ち取りました"
#509,h-12,549,749,2026-6-3 12:45:50,#503,one,MOn,2,red,enemy,range01_frame_000339.png,168.5,"#503[one]が#509[MOn]領有中のLv.2都市#509(549,749)を攻撃し、陣営のために破壊宝箱×5を勝ち取りました"
#509,h-10,449,749,2026-6-3 12:46:30,#503,Stj,MOn,2,red,enemy,range01_frame_000339.png,168.5,"#503[Stj]が#509[MOn]領有中のLv.2都市#509(449,749)を攻撃し、陣営のために破壊宝箱×5を勝ち取りました"
#509,b-14,649,149,2026-6-3 12:48:4,#503,one,AoW,1,red,enemy,range01_frame_000339.png,168.5,"#503[one]が#509[AoW]領有中のLv.1都市#509(649,149)を攻撃し、陣営のために破壊宝箱×2を勝ち取りました"
#509,a-16,749,49,2026-6-3 12:48:5,#503,Stj,SHA,1,red,enemy,range01_frame_000339.png,168.5,"#503[Stj]が#534[SHA]領有中のLv.1都市#509(749,49)を攻撃し、陣営のために破壊宝箱×2を勝ち取りました"
#440,c-2,49,249,2026-6-3 12:45:50,#476,476M,,1,red,enemy,range01_frame_000340.png,169.5,"#476[476M]が#440領有中のLv.1都市#440(49,249)を攻撃し、陣営のために破壊宝箱×2を勝ち取りました"
#509,h-10,449,749,2026-6-3 12:46:30,#503,Stj,MOn,2,red,enemy,range01_frame_000340.png,169.5,"#503[Stj]が#509[MOn]領有中のLv.2都市#509(449,749)を攻撃し、陣営のために破壊宝箱×5を勝ち取りました"
#509,b-14,649,149,2026-6-3 12:48:40,#503,one,AoW,1,red,enemy,range01_frame_000340.png,169.5,"#503[one]が#509[AoW]領有中のLv.1都市#509(649,149)を攻撃し、陣営のために破壊宝箱×2を勝ち取りました"
#509,a-16,749,49,2026-6-3 12:48:50,#503,Stj,SHA,1,red,enemy,range01_frame_000340.png,169.5,"#503[Stj]が#534[SHA]領有中のLv.1都市#509(749,49)を攻撃し、陣営のために破壊宝箱×2を勝ち取りました"
#511,d-16,749,349,2026-6-3 12:49:50,#480,AA0A,sbM,2,red,enemy,range01_frame_000340.png,169.5,"#480[AA0A]が#511[sbM]領有中のLv.2都市#511(749,349)を攻撃し、陣営のために破壊宝箱×5を勝ち取りました"
#440,c-2,49,249,2026-6-3 12:45:5,#476,476M,,1,red,enemy,range01_frame_000342.png,170.5,"#476[476M]が#440 領有中のLv.1都市#440(49,249)を攻撃し、陣営のために破壊宝箱×2を勝ち取りました"
#509,h-10,449,749,2026-6-3 12:46:30,#503,Stj,MOn,2,red,enemy,range01_frame_000342.png,170.5,"#503[Stj]が#509[MOn]領有中のLv.2都市#509(449,749)を攻撃し、陣営のために破壊宝箱×5を勝ち取りました"
#509,b-14,649,149,2026-6-3 12:48:4,#503,one,AoU,1,red,enemy,range01_frame_000342.png,170.5,"#503[one]が#509[AoU]領有中のLv.1都市#509(649,149)を攻撃し、陣営のために破壊宝箱×2を勝ち取りました"
#509,a-16,749,49,2026-6-3 12:48:5,#503,Stj,SHA,1,red,enemy,range01_frame_000342.png,170.5,"#503[Stj]が#534[SHA]領有中のLv.1都市#509(749,49)を攻撃し、陣営のために破壊宝箱×2を勝ち取りました"
#511,d-16,749,349,2026-6-3 12:49:5,#480,AA0A,sbM,2,red,enemy,range01_frame_000342.png,170.5,"#480[AA0A]が#511[sbM]領有中のLv.2都市#511(749,349)を攻撃し、陣営のために破壊宝箱×5を勝ち取りました"
#440,d-2,49,349,2026-6-3 12:49:5,#476,476M,lMp,1,red,enemy,range01_frame_000343.png,170.5,"#476[476M]が#440[lMp]領有中のLv.1都市#440(49,349)を攻撃し、陣営のために破壊宝箱×2を勝ち取りました"
#509,b-14,649,149,2026-6-3 12:48:4,#503,one,AoW,1,red,enemy,range01_frame_000344.png,171.5,"#503[one]が#509[AoW]領有中のLv.1都市 #509(649,149)を攻撃し、陣営のために破壊宝箱×2を勝ち取りました"
#509,a-16,749,49,2026-6-3 12:48:5,#503,Sti,SHA,1,red,enemy,range01_frame_000344.png,171.5,"#503[Sti]が#534[SHA]領有中のLv.1都市 #509(749,49)を攻撃し、陣営のために破壊宝箱×2を勝ち取りました"
#511,d-16,749,349,2026-6-3 12:49:5,#480,AAOA,sbM,2,red,enemy,range01_frame_000344.png,171.5,"#480[AAOA]が#511[sbM]領有中のLv.2都市 #511(749,349)を攻撃し、陣営のために破壊宝箱×5を勝ち取りました"
#440,d-2,49,349,2026-6-3 12:50:0,#476,476M,IMp,1,red,enemy,range01_frame_000344.png,171.5,"#476[476M]が#440[IMp]領有中のLv.1都市 #440(49,349)を攻撃し、陣営のために破壊宝箱×2を勝ち取りました"
#476,i-14,649,849,2026-6-3 12:50:3,#534,4tH,476H,1,blue,ally,range01_frame_000344.png,171.5,"#534[4tH]が#476[476H]領有中のLv.1都市 #476(649,849)を攻撃し、陣営のために破壊宝箱×2を勝ち取りました"
#509,a-16,749,49,2026-6-3 12:48:4,#503,Sti,SHA,1,red,enemy,range01_frame_000345.png,171.5,"#503[Sti]が#534[SHA]領有中のLv.1都市 #509(749,49)を攻撃し、陣営のために破壊宝箱×2を勝ち取りました"
#511,d-16,749,349,2026-6-3 12:49:5,#480,AAOA,sbM,2,red,enemy,range01_frame_000345.png,171.5,"#480[AAOA]が#511[sbM]領有中のLv.2都市 #511(749,349)を攻撃し、陣営のために破壊宝箱×5を勝ち取りました"
#440,d-2,49,349,2026-6-3 12:50:0,#476,476M,IMp,1,red,enemy,range01_frame_000345.png,171.5,"#476[476M]が#440[IMp]領有中のLv.1都市 #440(49,349)を攻撃し、陣営のために破壊宝箱×2を勝ち取りました"
#476,i-14,649,849,2026-6-3 12:50:3,#534,4tH,476H,1,blue,ally,range01_frame_000345.png,171.5,"#534[4tH]が#476[476H]領有中のLv.1都市 #476(649,849)を攻撃し、陣営のために破壊宝箱×2を勝ち取りました"
#509,a-16,749,49,2026-6-3 12:48:5,#503,Stj,SHA,1,red,enemy,range01_frame_000346.png,172.5,"#503[Stj]が#534[SHA]領有中のLv.1都市 #509(749,49)を攻撃し、陣営のために破壊宝箱×2を勝ち取りました"
#511,d-16,749,349,2026-6-3 12:49:5,#480,AA0A,sbM,2,red,enemy,range01_frame_000346.png,172.5,"#480[AA0A]が#511[sbM]領有中のLv.2都市 #511(749,349)を攻撃し、陣営のために破壊宝箱×5を勝ち取りました"
#440,d-2,49,349,2026-6-3 12:50:0,#476,476M,IMp,1,red,enemy,range01_frame_000346.png,172.5,"#476[476M]が#440[IMp]領有中のLv.1都市 #440(49,349)を攻撃し、陣営のために破壊宝箱×2を勝ち取りました"
#476,i-14,649,849,2026-6-3 12:50:3,#534,4tH,476H,1,blue,ally,range01_frame_000346.png,172.5,"#534[4tH]が#476[476H]領有中のLv.1都市 #476(649,849)を攻撃し、陣営のために破壊宝箱×2を勝ち取りました"
#534,f-16,749,549,2026-6-3 12:52:3,#476,476X,KTVS,2,red,enemy,range01_frame_000346.png,172.5,"#476[476X]が#534[KTVS]領有中のLv.2都市 #534(749,549)を攻撃し、陣営のために破壊宝箱×5を勝ち取りました"
#511,d-16,749,349,2026-6-3 12:49:5,#480,AA0A,sbM,2,red,enemy,range01_frame_000348.png,173.5,"#480[AA0A]が#511[sbM]領有中のLv.2都市 #511(749,349)を攻撃し、陣営のために破壊宝箱×5を勝ち取りました"
#440,d-2,49,349,2026-6-3 12:50:0,#476,476M,IMp,1,red,enemy,range01_frame_000348.png,173.5,"#476[476M]が#440[IMp]領有中のLv.1都市 #440(49,349)を攻撃し、陣営のために破壊宝箱×2を勝ち取りました"
#476,i-14,649,849,2026-6-3 12:50:3,#534,4tH,476H,1,blue,ally,range01_frame_000348.png,173.5,"#534[4tH]が#476[476H]領有中のLv.1都市 #476(649,849)を攻撃し、陣営のために破壊宝箱×2を勝ち取りました"
#534,f-16,749,549,2026-6-3 12:52:3,#476,476X,KTVS,2,red,enemy,range01_frame_000348.png,173.5,"#476[476X]が#534[KTVS]領有中のLv.2都市 #534(749,549)を攻撃し、陣営のために破壊宝箱×5を勝ち取りました"
#511,d-16,749,349,2026-6-3 12:49:5,#480,AA0A,sbM,2,red,enemy,range01_frame_000349.png,173.5,"#480[AA0A]が#511[sbM]領有中のLv.2都市 #511(749,349)を攻撃し、陣営のために破壊宝箱×5を勝ち取りました"
#440,d-2,49,349,2026-6-3 12:50:0,#476,476M,IMp,1,red,enemy,range01_frame_000349.png,173.5,"#476[476M]が#440[IMp]領有中のLv.1都市 #440(49,349)を攻撃し、陣営のために破壊宝箱×2を勝ち取りました"
#476,i-14,649,849,2026-6-3 12:50:3,#534,4tH,476H,1,blue,ally,range01_frame_000349.png,173.5,"#534[4tH]が#476[476H]領有中のLv.1都市 #476(649,849)を攻撃し、陣営のために破壊宝箱×2を勝ち取りました"
#534,f-16,749,549,2026-6-3 12:52:3,#476,476X,KTVS,2,red,enemy,range01_frame_000349.png,173.5,"#476[476X]が#534[KTVS]領有中のLv.2都市 #534(749,549)を攻撃し、陣営のために破壊宝箱×5を勝ち取りました"
#511,d-16,749,349,2026-6-3 12:49:55,#480,AAOA,sbM,2,red,enemy,range01_frame_000350.png,174.5,"#480[AAOA]が#511[sbM]領有中のLv.2都市 #511(749,349)を攻撃し、陣営のために破壊宝箱×5を勝ち取りました"
#440,d-2,49,349,2026-6-3 12:50:0,#476,476M,IMp,1,red,enemy,range01_frame_000350.png,174.5,"#476[476M]が#440[IMp]領有中のLv.1都市 #440(49,349)を攻撃し、陣営のために破壊宝箱×2を勝ち取りました"
#476,i-14,649,849,2026-6-3 12:50:3,#534,4tH,476H,1,blue,ally,range01_frame_000350.png,174.5,"#534[4tH]が#476[476H]領有中のLv.1都市 #476(649,849)を攻撃し、陣営のために破壊宝箱×2を勝ち取りました"
#534,f-16,749,549,2026-6-3 12:52:3,#476,476X,KTVS,2,red,enemy,range01_frame_000350.png,174.5,"#476[476X]が#534[KTVS]領有中のLv.2都市 #534(749,549)を攻撃し、陣営のために破壊宝箱×5を勝ち取りました"
#511,i-12,549,849,2026-6-3 20:01:5,#503,TIKW,DaNG,1,red,enemy,range01_frame_000351.png,174.5,"#503[TIKW]が#511[DaNG]領有中のLv.1都市 #511(549,849)を攻撃し、陣営のために破壊宝箱×2を勝ち取りました"
#440,d-2,49,349,2026-6-3 12:49:53,#476,476M,IMp,1,red,enemy,range01_frame_000352.png,175.5,"#476[476M]が#440[IMp]領有中のLv.1都市 #440(49,349)を攻撃し、陣営のために破壊宝箱×2を勝ち取りました"
#476,i-14,649,849,2026-6-3 12:50:38,#534,4tH,476H,1,blue,ally,range01_frame_000352.png,175.5,"#534[4tH]が#476[476H]領有中のLv.1都市 #476(649,849)を攻撃し、陣営のために破壊宝箱×2を勝ち取りました"
#534,f-16,749,549,2026-6-3 12:52:3,#476,476X,KTVS,2,red,enemy,range01_frame_000352.png,175.5,"#476[476X]が#534[KTVS]領有中のLv.2都市 #534(749,549)を攻撃し、陣営のために破壊宝箱×5を勝ち取りました"
#511,i-12,549,849,2026-6-3 20:01:5,#503,TIKW,DaNG,1,red,enemy,range01_frame_000352.png,175.5,"#503[TIKW]が#511[DaNG]領有中のLv.1都市 #511(549,849)を攻撃し、陣営のために破壊宝箱×2を勝ち取りました"
#534,e-6,249,449,2026-6-3 20:03:1,#476,476C,SHA,2,red,enemy,range01_frame_000352.png,175.5,"#476[476C]が#534[SHA]領有中のLv.2都市 #534(249,449)を攻撃し、陣営のために破壊宝箱×5を勝ち取りました"
#476,i-14,649,849,2026-6-3 12:50:38,#534,4tH,476H,1,blue,ally,range01_frame_000353.png,175.5,"#534[4tH]が#476[476H]領有中のLv.1都市 #476(649,849)を攻撃し、陣営のために破壊宝箱×2を勝ち取りました"
#534,f-16,749,549,2026-6-3 12:52:3,#476,476X,KTVS,2,red,enemy,range01_frame_000353.png,175.5,"#476[476X]が#534[KTVS]領有中のLv.2都市 #534(749,549)を攻撃し、陣営のために破壊宝箱×5を勝ち取りました"
#511,i-12,549,849,2026-6-3 20:01:5,#503,TIKW,DaNG,1,red,enemy,range01_frame_000353.png,175.5,"#503[TIKW]が#511[DaNG]領有中のLv.1都市 #511(549,849)を攻撃し、陣営のために破壊宝箱×2を勝ち取りました"
#534,e-6,249,449,2026-6-3 20:03:1,#476,476C,SHA,2,red,enemy,range01_frame_000353.png,175.5,"#476[476C]が#534[SHA]領有中のLv.2都市 #534(249,449)を攻撃し、陣営のために破壊宝箱×5を勝ち取りました"
#509,a-18,849,49,2026-6-3 20:09:5,#503,GX99,AoUW,1,red,enemy,range01_frame_000353.png,175.5,"#503[GX99]が#509[AoUW]領有中のLv.1都市 #509(849,49)を攻撃し、陣営のために破壊宝箱×2を勝ち取りました"
#534,f-16,749,549,2026-6-3 12:50:38,#476,476X,KTVS,2,red,enemy,range01_frame_000354.png,176.5,"#476[476X]が#534[KTVS]領有中のLv.2都市 #534(749,549)を攻撃し、陣営のために破壊宝箱×5を勝ち取りました"
#511,i-12,549,849,2026-6-3 20:01:5,#503,TIKW,DaNG,1,red,enemy,range01_frame_000354.png,176.5,"#503[TIKW]が#511[DaNG]領有中のLv.1都市 #511(549,849)を攻撃し、陣営のために破壊宝箱×2を勝ち取りました"
#534,e-6,249,449,2026-6-3 20:03:1,#476,476C,SHA,2,red,enemy,range01_frame_000354.png,176.5,"#476[476C]が#534[SHA]領有中のLv.2都市 #534(249,449)を攻撃し、陣営のために破壊宝箱×5を勝ち取りました"
#509,a-18,849,49,2026-6-3 20:09:5,#503,GX99,AoW,1,red,enemy,range01_frame_000354.png,176.5,"#503[GX99]が#509[AoW]領有中のLv.1都市 #509(849,49)を攻撃し、陣営のために破壊宝箱×2を勝ち取りました"
#511,i-16,749,849,2026-6-3 20:47:2,#480,CDf8,,1,blue,ally,range01_frame_000355.png,176.5,"#480[CDf8]が#511領有中のLv.1都市 #511(749,849)を攻撃し、陣営のために破壊宝箱×2を勝ち取りました"
#534,f-16,749,549,2026-6-3 12:50:3,#476,476X,KTVS,2,red,enemy,range01_frame_000356.png,177.5,"#476[476X]が#534[KTVS]領有中のLv.2都市 #534(749,549)を攻撃し、陣営のために破壊宝箱×5を勝ち取りました"
#511,i-12,549,849,2026-6-3 20:01:5,#503,TIKW,DaNG,1,red,enemy,range01_frame_000356.png,177.5,"#503[TIKW]が#511[DaNG]領有中のLv.1都市 #511(549,849)を攻撃し、陣営のために破壊宝箱×2を勝ち取りました"
#534,e-6,249,449,2026-6-3 20:03:1,#476,476C,SHA,2,red,enemy,range01_frame_000356.png,177.5,"#476[476C]が#534[SHA]領有中のLv.2都市 #534(249,449)を攻撃し、陣営のために破壊宝箱×5を勝ち取りました"
#509,a-18,849,49,2026-6-3 20:09:5,#503,GX99,AoWJ,1,red,enemy,range01_frame_000356.png,177.5,"#503[GX99]が#509[AoWJ]領有中のLv.1都市 #509(849,49)を攻撃し、陣営のために破壊宝箱×2を勝ち取りました"
#511,i-16,749,849,2026-6-3 20:47:2,#480,CDf8,,1,blue,ally,range01_frame_000356.png,177.5,"#480[CDf8]が#511領有中のLv.1都市 #511(749,849)を攻撃し、陣営のために破壊宝箱×2を勝ち取りました"
#534,f-16,749,549,2026-6-3 12:50:3,#476,476X,KTVS,2,red,enemy,range01_frame_000357.png,177.5,"#476[476X]が#534[KTVS]領有中のLv.2都市 #534(749,549)を攻撃し、陣営のために破壊宝箱×5を勝ち取りました"
#511,i-12,549,849,2026-6-3 20:01:5,#503,TIKW,DaNG,1,red,enemy,range01_frame_000357.png,177.5,"#503[TIKW]が#511[DaNG]領有中のLv.1都市 #511(549,849)を攻撃し、陣営のために破壊宝箱×2を勝ち取りました"
#534,e-6,249,449,2026-6-3 20:03:1,#476,476C,SHA,2,red,enemy,range01_frame_000357.png,177.5,"#476[476C]が#534[SHA]領有中のLv.2都市 #534(249,449)を攻撃し、陣営のために破壊宝箱×5を勝ち取りました"
#509,a-18,849,49,2026-6-3 20:09:5,#503,GX99,AoWJ,1,red,enemy,range01_frame_000357.png,177.5,"#503[GX99]が#509[AoWJ]領有中のLv.1都市 #509(849,49)を攻撃し、陣営のために破壊宝箱×2を勝ち取りました"
#511,i-16,749,849,2026-6-3 20:47:2,#480,CDf8,,1,blue,ally,range01_frame_000357.png,177.5,"#480[CDf8]が#511領有中のLv.1都市 #511(749,849)を攻撃し、陣営のために破壊宝箱×2を勝ち取りました"
#511,i-12,549,849,2026-6-3 20:01:51,#503,TIKW,DaNG,1,red,enemy,range01_frame_000358.png,178.5,"#503[TIKW]が#511[DaNG]領有中のLv.1都市 #511(549,849)を攻撃し、陣営のために破壊宝箱×2を勝ち取りました"
#534,e-6,249,449,2026-6-3 20:03:11,#476,476C,SHA,2,red,enemy,range01_frame_000358.png,178.5,"#476[476C]が#534[SHA]領有中のLv.2都市 #534(249,449)を攻撃し、陣営のために破壊宝箱×5を勝ち取りました"
#509,a-18,849,49,2026-6-3 20:09:55,#503,GX99,AoUU,1,red,enemy,range01_frame_000358.png,178.5,"#503[GX99]が#509[AoUU]領有中のLv.1都市 #509(849,49)を攻撃し、陣営のために破壊宝箱×2を勝ち取りました"
#511,i-16,749,849,2026-6-3 20:47:28,#480,CDf8,,1,red,enemy,range01_frame_000358.png,178.5,"#480[CDf8]が#511領有中のLv.1都市 #511(749,849)を攻撃し、陣営のために破壊宝箱×2を勝ち取りました"
#534,e-6,249,449,2026-6-3 20:03:11,#476,476C,SHA,2,red,enemy,range01_frame_000359.png,178.5,"#476[476C]が#534[SHA]領有中のLv.2都市 #534(249,449)を攻撃し、陣営のために破壊宝箱×5を勝ち取りました"
#509,a-18,849,49,2026-6-3 20:09:55,#503,GX99,AoUU,1,red,enemy,range01_frame_000359.png,178.5,"#503[GX99]が#509[AoUU]領有中のLv.1都市 #509(849,49)を攻撃し、陣営のために破壊宝箱×2を勝ち取りました"
#511,i-16,749,849,2026-6-3 20:47:28,#480,CDf8,,1,red,enemy,range01_frame_000359.png,178.5,"#480[CDf8]が#511領有中のLv.1都市 #511(749,849)を攻撃し、陣営のために破壊宝箱×2を勝ち取りました"
#480,b-14,649,149,2026-6-3 20:54:0,#440,GcC,WbUU,1,blue,ally,range01_frame_000359.png,178.5,"#440[GcC]が#480[WbUU]領有中のLv.1都市 #480(649,149)を攻撃し、陣営のために破壊宝箱×2を勝ち取りました"
#534,e-6,249,449,2026-6-3 20:03:1,#476,476C,SHA,2,red,enemy,range01_frame_000360.png,179.5,"#476[476C]が#534[SHA]領有中のLv.2都市 #534(249,449)を攻撃し、陣営のために破壊宝箱×5を勝ち取りました"
#509,a-18,849,49,2026-6-3 20:09:5,#503,GX99,AoW,1,red,enemy,range01_frame_000360.png,179.5,"#503[GX99]が#509[AoW]領有中のLv.1都市 #509(849,49)を攻撃し、陣営のために破壊宝箱×2を勝ち取りました"
#511,i-16,749,849,2026-6-3 20:47:2,#480,CDf8,,1,red,enemy,range01_frame_000360.png,179.5,"#480[CDf8]が#511領有中のLv.1都市 #511(749,849)を攻撃し、陣営のために破壊宝箱×2を勝ち取りました"
#480,b-14,649,149,2026-6-3 20:54:0,#440,GcC,WbW,1,blue,ally,range01_frame_000360.png,179.5,"#440[GcC]が#480[WbW]領有中のLv.1都市 #480(649,149)を攻撃し、陣営のために破壊宝箱×2を勝ち取りました"
#480,b-16,749,149,2026-6-3 20:55:3,#440,GcC,CDf8,1,blue,ally,range01_frame_000360.png,179.5,"#440[GcC]が#480[CDf8]領有中のLv.1都市 #480(749,149)を攻撃し、陣営のために破壊宝箱×2を勝ち取りました"
#534,e-6,249,449,2026-6-3 20:03:1,#476,476C,SHA,2,red,enemy,range01_frame_000361.png,179.5,"#476[476C]が#534[SHA]領有中のLv.2都市 #534(249,449)を攻撃し、陣営のために破壊宝箱×5を勝ち取りました"
#509,a-18,849,49,2026-6-3 20:09:5,#503,GX99,AoW,1,red,enemy,range01_frame_000361.png,179.5,"#503[GX99]が#509[AoW]領有中のLv.1都市 #509(849,49)を攻撃し、陣営のために破壊宝箱×2を勝ち取りました"
#511,i-16,749,849,2026-6-3 20:47:2,#480,CDf8,,1,red,enemy,range01_frame_000361.png,179.5,"#480[CDf8]が#511領有中のLv.1都市 #511(749,849)を攻撃し、陣営のために破壊宝箱×2を勝ち取りました"
#480,b-14,649,149,2026-6-3 20:54:0,#440,GcC,WbW,1,blue,ally,range01_frame_000361.png,179.5,"#440[GcC]が#480[WbW]領有中のLv.1都市 #480(649,149)を攻撃し、陣営のために破壊宝箱×2を勝ち取りました"
#480,b-16,749,149,2026-6-3 20:55:3,#440,GcC,CDf8,1,blue,ally,range01_frame_000361.png,179.5,"#440[GcC]が#480[CDf8]領有中のLv.1都市 #480(749,149)を攻撃し、陣営のために破壊宝箱×2を勝ち取りました"
#440,e-6,249,449,,#503,Lghs,GoDs,2,red,enemy,range01_frame_000361.png,179.5,"#503[Lghs]が#440[GoDs]領有中のLv.2都市 #440(249,449)を攻撃し、陣営のために破壊宝箱×5を勝ち取りました"
#509,a-18,849,49,2026-6-3 20:03:13,#503,GX99,AoW,1,red,enemy,range01_frame_000362.png,180.5,"#503[GX99]が#509[AoW]領有中のLv.1都市 #509(849,49)を攻撃し、陣営のために破壊宝箱×2を勝ち取りました"
#511,i-16,749,849,2026-6-3 20:09:55,#480,CDf8,,1,red,enemy,range01_frame_000362.png,180.5,"#480[CDf8]が#511領有中のLv.1都市 #511(749,849)を攻撃し、陣営のために破壊宝箱×2を勝ち取りました"
#480,b-14,649,149,2026-6-3 20:54:01,#440,GcC,WbU,1,blue,ally,range01_frame_000362.png,180.5,"#440[GcC]が#480[WbU]領有中のLv.1都市 #480(649,149)を攻撃し、陣営のために破壊宝箱×2を勝ち取りました"
#480,b-16,749,149,2026-6-3 20:55:31,#440,GcC,CDf8,1,blue,ally,range01_frame_000362.png,180.5,"#440[GcC]が#480[CDf8]領有中のLv.1都市 #480(749,149)を攻撃し、陣営のために破壊宝箱×2を勝ち取りました"
#440,e-6,249,449,2026-6-6 04:02:22,#503,Lghs,GoDs,2,red,enemy,range01_frame_000362.png,180.5,"#503[Lghs]が#440[GoDs]領有中のLv.2都市 #440(249,449)を攻撃し、陣営のために破壊宝箱×5を勝ち取りました"
#509,a-18,849,49,2026-6-3 20:09:55,#503,GX99,AoW,1,red,enemy,range01_frame_000363.png,180.5,"#503[GX99]が#509[AoW]領有中のLv.1都市 #509(849,49)を攻撃し、陣営のために破壊宝箱×2を勝ち取りました"
#511,i-16,749,849,2026-6-3 20:47:28,#480,CDf8,,1,red,enemy,range01_frame_000363.png,180.5,"#480[CDf8]が#511領有中のLv.1都市 #511(749,849)を攻撃し、陣営のために破壊宝箱×2を勝ち取りました"
#480,b-14,649,149,2026-6-3 20:54:01,#440,GcC,WbU,1,blue,ally,range01_frame_000363.png,180.5,"#440[GcC]が#480[WbU]領有中のLv.1都市 #480(649,149)を攻撃し、陣営のために破壊宝箱×2を勝ち取りました"
#480,b-16,749,149,2026-6-3 20:55:31,#440,GcC,CDf8,1,blue,ally,range01_frame_000363.png,180.5,"#440[GcC]が#480[CDf8]領有中のLv.1都市 #480(749,149)を攻撃し、陣営のために破壊宝箱×2を勝ち取りました"
#440,e-6,249,449,2026-6-6 04:02:22,#503,Lghs,GoDs,2,red,enemy,range01_frame_000363.png,180.5,"#503[Lghs]が#440[GoDs]領有中のLv.2都市 #440(249,449)を攻撃し、陣営のために破壊宝箱×5を勝ち取りました"
#511,i-16,749,849,2026-6-3 20:47:29,#480,CDf8,,1,red,enemy,range01_frame_000364.png,181.5,"#480[CDf8]が#511領有中のLv.1都市#511(749,849)を攻撃し、陣営のために破壊宝箱×2を勝ち取りました"
#480,b-14,649,149,2026-6-3 20:54:00,#440,GcC,WbU,1,blue,ally,range01_frame_000364.png,181.5,"#440[GcC]が#480[WbU]領有中のLv.1都市#480(649,149)を攻撃し、陣営のために破壊宝箱×2を勝ち取りました"
#480,b-16,749,149,2026-6-3 20:55:30,#440,GcC,CDf8,1,blue,ally,range01_frame_000364.png,181.5,"#440[GcC]が#480[CDf8]領有中のLv.1都市#480(749,149)を攻撃し、陣営のために破壊宝箱×2を勝ち取りました"
#440,e-6,249,449,2026-6-6 04:02:20,#503,LghS,GoDs,2,red,enemy,range01_frame_000364.png,181.5,"#503[LghS]が#440[GoDs]領有中のLv.2都市#440(249,449)を攻撃し、陣営のために破壊宝箱×5を勝ち取りました"
#509,j-8,349,949,2026-6-6 04:06:20,#503,UMN,OUM,1,red,enemy,range01_frame_000364.png,181.5,"#503[UMN]が#509[OUM]領有中のLv.1都市#509(349,949)を攻撃し、陣営のために破壊宝箱×2を勝ち取りました"
#511,g-16,749,649,2026-6-6 04:13:00,#480,BgNa,SVa,2,red,enemy,range01_frame_000365.png,181.5,"#480[BgNa]が#511[SVa]領有中のLv.2都市#511(749,649)を攻撃し、陣営のために破壊宝箱×5を勝ち取りました"
#511,e-16,749,449,2026-6-6 04:13:00,#480,WbU,sbM,2,red,enemy,range01_frame_000365.png,181.5,"#480[WbU]が#511[sbM]領有中のLv.2都市#511(749,449)を攻撃し、陣営のために破壊宝箱×5を勝ち取りました"
#480,b-16,749,149,2026-6-3 20:55:3,#440,Gcc,CDf8,1,blue,ally,range01_frame_000366.png,182.5,"#440[Gcc]が#480[CDf8]領有中のLv.1都市 #480(749,149)を攻撃し、陣営のために破壊宝箱×2を勝ち取りました"
#440,e-6,249,449,2026-6-6 04:02:2,#503,Lghs,GoDs,2,red,enemy,range01_frame_000366.png,182.5,"#503[Lghs]が#440[GoDs]領有中のLv.2都市 #440(249,449)を攻撃し、陣営のために破壊宝箱×5を勝ち取りました"
#509,j-8,349,949,2026-6-6 04:06:2,#503,UMN,OWM,1,red,enemy,range01_frame_000366.png,182.5,"#503[UMN]が#509[OWM]領有中のLv.1都市 #509(349,949)を攻撃し、陣営のために破壊宝箱×2を勝ち取りました"
#511,g-16,749,649,2026-6-6 04:13:0,#480,BgNa,SVa,2,red,enemy,range01_frame_000366.png,182.5,"#480[BgNa]が#511[SVa]領有中のLv.2都市 #511(749,649)を攻撃し、陣営のために破壊宝箱×5を勝ち取りました"
#511,e-16,749,449,2026-6-6 04:15:1,#480,WbW,sbM,2,red,enemy,range01_frame_000366.png,182.5,"#480[WbW]が#511[sbM]領有中のLv.2都市 #511(749,449)を攻撃し、陣営のために破壊宝箱×5を勝ち取りました"
#480,b-16,749,149,2026-6-3 20:55:3,#440,Gcc,CDf8,1,blue,ally,range01_frame_000367.png,182.5,"#440[Gcc]が#480[CDf8]領有中のLv.1都市 #480(749,149)を攻撃し、陣営のために破壊宝箱×2を勝ち取りました"
#440,e-6,249,449,2026-6-6 04:02:2,#503,Lghs,GoDs,2,red,enemy,range01_frame_000367.png,182.5,"#503[Lghs]が#440[GoDs]領有中のLv.2都市 #440(249,449)を攻撃し、陣営のために破壊宝箱×5を勝ち取りました"
#509,j-8,349,949,2026-6-6 04:06:2,#503,UMN,OWM,1,red,enemy,range01_frame_000367.png,182.5,"#503[UMN]が#509[OWM]領有中のLv.1都市 #509(349,949)を攻撃し、陣営のために破壊宝箱×2を勝ち取りました"
#511,g-16,749,649,2026-6-6 04:13:0,#480,BgNa,SVa,2,red,enemy,range01_frame_000367.png,182.5,"#480[BgNa]が#511[SVa]領有中のLv.2都市 #511(749,649)を攻撃し、陣営のために破壊宝箱×5を勝ち取りました"
#511,e-16,749,449,2026-6-6 04:15:1,#480,WbW,sbM,2,red,enemy,range01_frame_000367.png,182.5,"#480[WbW]が#511[sbM]領有中のLv.2都市 #511(749,449)を攻撃し、陣営のために破壊宝箱×5を勝ち取りました"
#440,e-6,249,449,2026-6-6 04:02:22,#503,Lghs,GoDs,2,red,enemy,range01_frame_000368.png,183.5,"#503[Lghs]が#440[GoDs]領有中のLv.2都市 #440(249,449)を攻撃し、陣営のために破壊宝箱×5を勝ち取りました"
#509,j-8,349,949,2026-6-6 04:06:20,#503,UMN,OUM,1,red,enemy,range01_frame_000368.png,183.5,"#503[UMN]が#509[OUM]領有中のLv.1都市 #509(349,949)を攻撃し、陣営のために破壊宝箱×2を勝ち取りました"
#511,g-16,749,649,2026-6-6 04:13:0,#480,BgNa,SVa,2,red,enemy,range01_frame_000368.png,183.5,"#480[BgNa]が#511[SVa]領有中のLv.2都市 #511(749,649)を攻撃し、陣営のために破壊宝箱×5を勝ち取りました"
#511,e-16,749,449,2026-6-6 04:15:1,#480,WbW,sbM,2,red,enemy,range01_frame_000368.png,183.5,"#480[WbW]が#511[sbM]領有中のLv.2都市 #511(749,449)を攻撃し、陣営のために破壊宝箱×5を勝ち取りました"
#511,d-18,849,349,2026-6-6 04:15:1,#480,WbW,sbM,1,red,enemy,range01_frame_000369.png,183.5,"#480[WbW]が#511[sbM]領有中のLv.1都市 #511(849,349)を攻撃し、陣営のために破壊宝箱×2を勝ち取りました"
#509,j-8,349,949,2026-6-6 04:06:20,#503,UMN,OWM,1,red,enemy,range01_frame_000370.png,184.5,"#503[UMN]が#509[OWM]領有中のLv.1都市 #509(349,949)を攻撃し、陣営のために破壊宝箱×2を勝ち取りました"
#511,g-16,749,649,2026-6-6 04:13:01,#480,BgNa,SVa,2,red,enemy,range01_frame_000370.png,184.5,"#480[BgNa]が#511[SVa]領有中のLv.2都市 #511(749,649)を攻撃し、陣営のために破壊宝箱×5を勝ち取りました"
#511,e-16,749,449,2026-6-6 04:15:10,#480,WbWU,sbM,2,red,enemy,range01_frame_000370.png,184.5,"#480[WbWU]が#511[sbM]領有中のLv.2都市 #511(749,449)を攻撃し、陣営のために破壊宝箱×5を勝ち取りました"
#511,d-18,849,349,2026-6-6 04:17:40,#480,WbWU,sbM,1,red,enemy,range01_frame_000370.png,184.5,"#480[WbWU]が#511[sbM]領有中のLv.1都市 #511(849,349)を攻撃し、陣営のために破壊宝箱×2を勝ち取りました"
#511,f-16,749,549,2026-6-6 04:18:0,#480,WbWU,sbM,2,red,enemy,range01_frame_000371.png,184.5,"#480[WbWU]が#511[sbM]領有中のLv.2都市 #511(749,549)を攻撃し、陣営のために破壊宝箱×5を勝ち取りました"
#511,b-16,749,149,2026-6-6 04:19:0,#480,AAOA,,1,blue,ally,range01_frame_000371.png,184.5,"#480[AAOA]が#511領有中のLv.1都市 #511(749,149)を攻撃し、陣営のために破壊宝箱×2を勝ち取りました"
#511,e-16,749,449,2026-6-6 04:15:10,#480,WbW,sbM,2,red,enemy,range01_frame_000372.png,185.5,"#480[WbW]が#511[sbM]領有中のLv.2都市 #511(749,449)を攻撃し、陣営のために破壊宝箱×5を勝ち取りました"
#511,d-18,849,349,2026-6-6 04:17:40,#480,WbW,sbM,1,red,enemy,range01_frame_000372.png,185.5,"#480[WbW]が#511[sbM]領有中のLv.1都市 #511(849,349)を攻撃し、陣営のために破壊宝箱×2を勝ち取りました"
#511,f-16,749,549,2026-6-6 04:18:00,#480,BgNa,SVa,2,red,enemy,range01_frame_000372.png,185.5,"#480[BgNa]が#511[SVa]領有中のLv.2都市 #511(749,549)を攻撃し、陣営のために破壊宝箱×5を勝ち取りました"
#511,b-16,749,149,2026-6-6 04:27:50,#480,AAoA,,1,red,enemy,range01_frame_000372.png,185.5,"#480[AAoA]が#511領有中のLv.1都市 #511(749,149)を攻撃し、陣営のために破壊宝箱×2を勝ち取りました"
#511,e-16,749,449,2026-6-6 04:13:00,#480,WbW,sbM,2,red,enemy,range01_frame_000373.png,185.5,"#480[WbW]が#511[sbM]領有中のLv.2都市 #511(749,449)を攻撃し、陣営のために破壊宝箱×5を勝ち取りました"
#511,d-18,849,349,2026-6-6 04:17:40,#480,WbW,sbM,1,red,enemy,range01_frame_000373.png,185.5,"#480[WbW]が#511[sbM]領有中のLv.1都市 #511(849,349)を攻撃し、陣営のために破壊宝箱×2を勝ち取りました"
#511,f-16,749,549,2026-6-6 04:18:00,#480,BgNa,SVa,2,red,enemy,range01_frame_000373.png,185.5,"#480[BgNa]が#511[SVa]領有中のLv.2都市 #511(749,549)を攻撃し、陣営のために破壊宝箱×5を勝ち取りました"
#511,b-16,749,149,2026-6-6 04:27:50,#480,AAoA,,1,red,enemy,range01_frame_000373.png,185.5,"#480[AAoA]が#511領有中のLv.1都市 #511(749,149)を攻撃し、陣営のために破壊宝箱×2を勝ち取りました"
#523,c-12,549,249,,#511,2N7,K4TR,2,blue,ally,range01_frame_000373.png,185.5,"#511[2N7]が#523[K4TR]領有中のLv.2都市 #523(549,249)を攻撃し、陣営のために破壊宝箱×5を勝ち取りました"
#511,e-16,749,449,2026-6-6 04:13:01,#480,WbWU,sbM,2,red,enemy,range01_frame_000374.png,186.5,"#480[WbWU]が#511[sbM]領有中のLv.2都市 #511(749,449)を攻撃し、陣営のために破壊宝箱×5を勝ち取りました"
#511,d-18,849,349,2026-6-6 04:15:10,#480,WbWU,sbM,1,red,enemy,range01_frame_000374.png,186.5,"#480[WbWU]が#511[sbM]領有中のLv.1都市 #511(849,349)を攻撃し、陣営のために破壊宝箱×2を勝ち取りました"
#511,f-16,749,549,2026-6-6 04:18:01,#480,BgNa,SVa,2,red,enemy,range01_frame_000374.png,186.5,"#480[BgNa]が#511[SVa]領有中のLv.2都市 #511(749,549)を攻撃し、陣営のために破壊宝箱×5を勝ち取りました"
#511,b-16,749,149,2026-6-6 04:27:58,#480,AAOA,,1,red,enemy,range01_frame_000374.png,186.5,"#480[AAOA]が#511領有中のLv.1都市 #511(749,149)を攻撃し、陣営のために破壊宝箱×2を勝ち取りました"
#511,e-16,749,449,2026-6-6 04:13:01,#480,WbWU,sbM,2,red,enemy,range01_frame_000375.png,186.5,"#480[WbWU]が#511[sbM]領有中のLv.2都市 #511(749,449)を攻撃し、陣営のために破壊宝箱×5を勝ち取りました"
#511,d-18,849,349,2026-6-6 04:15:10,#480,WbWU,sbM,1,red,enemy,range01_frame_000375.png,186.5,"#480[WbWU]が#511[sbM]領有中のLv.1都市 #511(849,349)を攻撃し、陣営のために破壊宝箱×2を勝ち取りました"
#511,f-16,749,549,2026-6-6 04:18:01,#480,BgNa,SVa,2,red,enemy,range01_frame_000375.png,186.5,"#480[BgNa]が#511[SVa]領有中のLv.2都市 #511(749,549)を攻撃し、陣営のために破壊宝箱×5を勝ち取りました"
#511,b-16,749,149,2026-6-6 04:27:58,#480,AAOA,,1,red,enemy,range01_frame_000375.png,186.5,"#480[AAOA]が#511領有中のLv.1都市 #511(749,149)を攻撃し、陣営のために破壊宝箱×2を勝ち取りました"
#523,c-12,549,249,2026-6-6 04:28:40,#511,2N7,K4TR,2,blue,ally,range01_frame_000375.png,186.5,"#511[2N7]が#523[K4TR]領有中のLv.2都市 #523(549,249)を攻撃し、陣営のために破壊宝箱×5を勝ち取りました"
#511,d-18,849,349,2026-6-6 04:17:4,#480,WbW,sbM,1,red,enemy,range01_frame_000376.png,187.5,"#480[WbW]が#511[sbM]領有中のLv.1都市 #511(849,349)を攻撃し、陣営のために破壊宝箱×2を勝ち取りました"
#511,f-16,749,549,2026-6-6 04:18:0,#480,BgNa,SVa,2,red,enemy,range01_frame_000376.png,187.5,"#480[BgNa]が#511[SVa]領有中のLv.2都市 #511(749,549)を攻撃し、陣営のために破壊宝箱×5を勝ち取りました"
#511,b-16,749,149,2026-6-6 04:27:5,#480,AA0A,,1,red,enemy,range01_frame_000376.png,187.5,"#480[AA0A]が#511領有中のLv.1都市 #511(749,149)を攻撃し、陣営のために破壊宝箱×2を勝ち取りました"
#523,c-12,549,249,2026-6-6 04:28:4,#511,2N7,K4TR,2,blue,ally,range01_frame_000376.png,187.5,"#511[2N7]が#523[K4TR]領有中のLv.2都市 #523(549,249)を攻撃し、陣営のために破壊宝箱×5を勝ち取りました"
#509,j-6,249,949,2026-6-6 04:29:0,#503,UMN,OUM,1,red,enemy,range01_frame_000376.png,187.5,"#503[UMN]が#509[OUM]領有中のLv.1都市 #509(249,949)を攻撃し、陣営のために破壊宝箱×2を勝ち取りました"
#511,i-18,849,849,2026-6-6 04:18:0,#480,AA0A,SVa,1,red,enemy,range01_frame_000377.png,187.5,"#480[AA0A]が#511[SVa]領有中のLv.1都市 #511(849,849)を攻撃し、陣営のために破壊宝箱×2を勝ち取りました"
#511,i-18,849,849,2026-6-6 04:27:5,#480,AA0A,SVa,1,red,enemy,range01_frame_000377.png,187.5,"#480[AA0A]が#511[SVa]領有中のLv.1都市 #511(849,849)を攻撃し、陣営のために破壊宝箱×2を勝ち取りました"
#523,c-12,549,249,2026-6-6 04:28:4,#511,2N7,K4TR,2,blue,ally,range01_frame_000378.png,188.5,"#511[2N7]が#523[K4TR]領有中のLv.2都市 #523(549,249)を攻撃し、陣営のために破壊宝箱×5を勝ち取りました"
#509,j-6,249,949,2026-6-6 04:29:0,#503,UMN,OWM,1,red,enemy,range01_frame_000378.png,188.5,"#503[UMN]が#509[OWM]領有中のLv.1都市 #509(249,949)を攻撃し、陣営のために破壊宝箱×2を勝ち取りました"
#523,d-12,549,349,2026-6-6 04:32:1,#511,2N7,5DU,3,blue,ally,range01_frame_000378.png,188.5,"#511[2N7]が#523[5DU]領有中のLv.3都市 #523(549,349)を攻撃し、陣営のために破壊宝箱×10を勝ち取りました"
#511,i-18,849,849,2026-6-6 04:36:1,#480,AA0A,SVa,1,red,enemy,range01_frame_000378.png,188.5,"#480[AA0A]が#511[SVa]領有中のLv.1都市 #511(849,849)を攻撃し、陣営のために破壊宝箱×2を勝ち取りました"
#523,c-12,549,249,2026-6-6 04:28:4,#511,2N7,K4TR,2,blue,ally,range01_frame_000379.png,188.5,"#511[2N7]が#523[K4TR]領有中のLv.2都市 #523(549,249)を攻撃し、陣営のために破壊宝箱×5を勝ち取りました"
#509,j-6,249,949,2026-6-6 04:29:0,#503,UMN,OWM,1,red,enemy,range01_frame_000379.png,188.5,"#503[UMN]が#509[OWM]領有中のLv.1都市 #509(249,949)を攻撃し、陣営のために破壊宝箱×2を勝ち取りました"
#523,d-12,549,349,2026-6-6 04:32:1,#511,2N7,5DU,3,blue,ally,range01_frame_000379.png,188.5,"#511[2N7]が#523[5DU]領有中のLv.3都市 #523(549,349)を攻撃し、陣営のために破壊宝箱×10を勝ち取りました"
#511,i-18,849,849,2026-6-6 04:36:1,#480,AA0A,SVa,1,red,enemy,range01_frame_000379.png,188.5,"#480[AA0A]が#511[SVa]領有中のLv.1都市 #511(849,849)を攻撃し、陣営のために破壊宝箱×2を勝ち取りました"
#523,d-10,449,349,2026-6-6 04:36:3,#509,SsQ,K4TR,3,blue,ally,range01_frame_000379.png,188.5,"#509[SsQ]が#523[K4TR]領有中のLv.3都市 #523(449,349)を攻撃し、陣営のために破壊宝箱×10を勝ち取りました"
#523,c-12,549,249,2026-6-6 04:28:4,#511,2N7,K4TR,2,unknown,unknown,range01_frame_000380.png,189.5,"#511[2N7]が#523[K4TR]領有中のLv.2都市 #523(549,249)を攻撃し、陣営のために破壊宝箱×5を勝ち取りました"
#509,j-6,249,949,2026-6-6 04:29:0,#503,UMN,OWM,1,red,enemy,range01_frame_000380.png,189.5,"#503[UMN]が#509[OWM]領有中のLv.1都市 #509(249,949)を攻撃し、陣営のために破壊宝箱×2を勝ち取りました"
#523,d-12,549,349,2026-6-6 04:32:1,#511,2N7,5DU,3,blue,ally,range01_frame_000380.png,189.5,"#511[2N7]が#523[5DU]領有中のLv.3都市 #523(549,349)を攻撃し、陣営のために破壊宝箱×10を勝ち取りました"
#511,i-18,849,849,2026-6-6 04:36:1,#480,AAOA,SVa,1,red,enemy,range01_frame_000380.png,189.5,"#480[AAOA]が#511[SVa]領有中のLv.1都市 #511(849,849)を攻撃し、陣営のために破壊宝箱×2を勝ち取りました"
#523,d-10,449,349,2026-6-6 04:36:3,#509,SsQ,K4TR,3,blue,ally,range01_frame_000380.png,189.5,"#509[SsQ]が#523[K4TR]領有中のLv.3都市 #523(449,349)を攻撃し、陣営のために破壊宝箱×10を勝ち取りました"
#523,c-12,549,249,2026-6-6 04:28:4,#511,2N7,K4TR,2,unknown,unknown,range01_frame_000381.png,189.5,"#511[2N7]が#523[K4TR]領有中のLv.2都市 #523(549,249)を攻撃し、陣営のために破壊宝箱×5を勝ち取りました"
#509,j-6,249,949,2026-6-6 04:29:0,#503,UMN,OWM,1,red,enemy,range01_frame_000381.png,189.5,"#503[UMN]が#509[OWM]領有中のLv.1都市 #509(249,949)を攻撃し、陣営のために破壊宝箱×2を勝ち取りました"
#523,d-12,549,349,2026-6-6 04:32:1,#511,2N7,5DU,3,blue,ally,range01_frame_000381.png,189.5,"#511[2N7]が#523[5DU]領有中のLv.3都市 #523(549,349)を攻撃し、陣営のために破壊宝箱×10を勝ち取りました"
#511,i-18,849,849,2026-6-6 04:36:1,#480,AAOA,SVa,1,red,enemy,range01_frame_000381.png,189.5,"#480[AAOA]が#511[SVa]領有中のLv.1都市 #511(849,849)を攻撃し、陣営のために破壊宝箱×2を勝ち取りました"
#523,d-10,449,349,2026-6-6 04:36:3,#509,SsQ,K4TR,3,blue,ally,range01_frame_000381.png,189.5,"#509[SsQ]が#523[K4TR]領有中のLv.3都市 #523(449,349)を攻撃し、陣営のために破壊宝箱×10を勝ち取りました"
#509,j-6,249,949,2026-6-6 04:29:00,#503,UMN,OWM,1,red,enemy,range01_frame_000382.png,190.5,"#503[UMN]が#509[OWM]領有中のLv.1都市 #509(249,949)を攻撃し、陣営のために破壊宝箱×2を勝ち取りました"
#523,d-12,549,349,2026-6-6 04:32:1,#511,2N7,5DU,3,blue,ally,range01_frame_000382.png,190.5,"#511[2N7]が#523[5DU]領有中のLv.3都市 #523(549,349)を攻撃し、陣営のために破壊宝箱×10を勝ち取りました"
#511,i-18,849,849,2026-6-6 04:36:1,#480,AA0A,SVa,1,red,enemy,range01_frame_000382.png,190.5,"#480[AA0A]が#511[SVa]領有中のLv.1都市 #511(849,849)を攻撃し、陣営のために破壊宝箱×2を勝ち取りました"
#523,d-10,449,349,2026-6-6 04:36:3,#509,SsQ,K4TR,3,blue,ally,range01_frame_000382.png,190.5,"#509[SsQ]が#523[K4TR]領有中のLv.3都市 #523(449,349)を攻撃し、陣営のために破壊宝箱×10を勝ち取りました"
#523,d-14,649,349,2026-6-6 04:39:2,#509,SsQ,5DU,3,blue,ally,range01_frame_000382.png,190.5,"#509[SsQ]が#523[5DU]領有中のLv.3都市 #523(649,349)を攻撃し、陣営のために破壊宝箱×10を勝ち取りました"
#480,c-4,149,249,2026-6-6 04:41:4,#534,4tH,PmP,1,blue,ally,range01_frame_000382.png,190.5,"#534[4tH]が#480[PmP]領有中のLv.1都市 #480(149,249)を攻撃し、陣営のために破壊宝箱×2を勝ち取りました"
#523,d-12,549,349,2026-6-6 04:32:1,#511,2N7,5DU,3,blue,ally,range01_frame_000383.png,190.5,"#511[2N7]が#523[5DU]領有中のLv.3都市 #523(549,349)を攻撃し、陣営のために破壊宝箱×10を勝ち取りました"
#511,i-18,849,849,2026-6-6 04:36:1,#480,AA0A,SVa,1,red,enemy,range01_frame_000383.png,190.5,"#480[AA0A]が#511[SVa]領有中のLv.1都市 #511(849,849)を攻撃し、陣営のために破壊宝箱×2を勝ち取りました"
#523,d-10,449,349,2026-6-6 04:36:3,#509,SsQ,K4TR,3,blue,ally,range01_frame_000383.png,190.5,"#509[SsQ]が#523[K4TR]領有中のLv.3都市 #523(449,349)を攻撃し、陣営のために破壊宝箱×10を勝ち取りました"
#523,d-14,649,349,2026-6-6 04:39:2,#509,SsQ,5DU,3,blue,ally,range01_frame_000383.png,190.5,"#509[SsQ]が#523[5DU]領有中のLv.3都市 #523(649,349)を攻撃し、陣営のために破壊宝箱×10を勝ち取りました"
#480,c-4,149,249,2026-6-6 04:41:4,#534,4tH,PmP,1,blue,ally,range01_frame_000383.png,190.5,"#534[4tH]が#480[PmP]領有中のLv.1都市 #480(149,249)を攻撃し、陣営のために破壊宝箱×2を勝ち取りました"
#523,d-10,449,349,2026-6-6 04:36:3,#509,SsQ,K4TR,3,blue,ally,range01_frame_000384.png,191.5,"#509[SsQ]が#523[K4TR]領有中のLv.3都市 #523(449,349)を攻撃し、陣営のために破壊宝箱×10を勝ち取りました"
#523,d-14,649,349,2026-6-6 04:39:2,#509,SsQ,5DU,3,blue,ally,range01_frame_000384.png,191.5,"#509[SsQ]が#523[5DU]領有中のLv.3都市 #523(649,349)を攻撃し、陣営のために破壊宝箱×10を勝ち取りました"
#480,c-4,149,249,2026-6-6 04:41:4,#534,4tH,PmP,1,blue,ally,range01_frame_000384.png,191.5,"#534[4tH]が#480[PmP]領有中のLv.1都市 #480(149,249)を攻撃し、陣営のために破壊宝箱×2を勝ち取りました"
#480,c-2,49,249,2026-6-6 04:43:2,#534,4tH,PmP,1,blue,ally,range01_frame_000384.png,191.5,"#534[4tH]が#480[PmP]領有中のLv.1都市 #480(49,249)を攻撃し、陣営のために破壊宝箱×2を勝ち取りました"
#480,c-6,249,249,2026-6-6 09:03:0,#534,KTVS,,1,red,enemy,range01_frame_000384.png,191.5,"#534[KTVS]が#480領有中のLv.1都市 #480(249,249)を攻撃し、陣営のために破壊宝箱×2を勝ち取りました"
#523,d-10,449,349,2026-6-6 04:36:30,#523,,,,unknown,unknown,range01_frame_000386.png,192.5,"#523(449,349)を攻撃し、陣営のために破壊宝箱×10を勝ち取りました"
#523,d-14,649,349,2026-6-6 04:39:20,#509,5sQ,5DU,3,blue,ally,range01_frame_000386.png,192.5,"#509[SsQ]が#523[5DU]領有中のLv.3都市#523(649,349)を攻撃し、陣営のために破壊宝箱×10を勝ち取りました"
#480,c-4,149,249,2026-6-6 04:41:40,#534,4tH,PmP,1,blue,ally,range01_frame_000386.png,192.5,"#534[4tH]が#480[PmP]領有中のLv.1都市#480(149,249)を攻撃し、陣営のために破壊宝箱×2を勝ち取りました"
#480,c-2,49,249,2026-6-6 04:43:20,#534,4tH,PmP,1,blue,ally,range01_frame_000386.png,192.5,"#534[4tH]が#480[PmP]領有中のLv.1都市#480(49,249)を攻撃し、陣営のために破壊宝箱×2を勝ち取りました"
#480,j-6,249,949,2026-6-6 09:03:00,#534,KTVS,,1,red,enemy,range01_frame_000386.png,192.5,"#534[KTVS]が#480領有中のLv.1都市#480(249,949)を攻撃し、陣営のために破壊宝箱×2を勝ち取りました"
#523,d-10,449,349,2026-6-6 04:36:30,#523,,,,unknown,unknown,range01_frame_000387.png,192.5,"#523(449,349)を攻撃し、陣営のために破壊宝箱×10を勝ち取りました"
#523,d-14,649,349,2026-6-6 04:39:20,#509,5sQ,5DU,3,blue,ally,range01_frame_000387.png,192.5,"#509[SsQ]が#523[5DU]領有中のLv.3都市#523(649,349)を攻撃し、陣営のために破壊宝箱×10を勝ち取りました"
#480,c-4,149,249,2026-6-6 04:41:40,#534,4tH,PmP,1,blue,ally,range01_frame_000387.png,192.5,"#534[4tH]が#480[PmP]領有中のLv.1都市#480(149,249)を攻撃し、陣営のために破壊宝箱×2を勝ち取りました"
#480,c-2,49,249,2026-6-6 04:43:20,#534,4tH,PmP,1,blue,ally,range01_frame_000387.png,192.5,"#534[4tH]が#480[PmP]領有中のLv.1都市#480(49,249)を攻撃し、陣営のために破壊宝箱×2を勝ち取りました"
#480,j-6,249,949,2026-6-6 09:03:00,#534,KTVS,,1,red,enemy,range01_frame_000387.png,192.5,"#534[KTVS]が#480領有中のLv.1都市#480(249,949)を攻撃し、陣営のために破壊宝箱×2を勝ち取りました"
#523,d-14,649,349,2026-6-6 04:39:2,#509,5sQ,5DU,3,blue,ally,range01_frame_000388.png,193.5,"#509[5sQ]が#523[5DU]領有中のLv.3都市#523(649,349)を攻撃し、陣営のために破壊宝箱×10を勝ち取りました"
#480,c-4,149,249,2026-6-6 04:41:4,#534,4tH,PmP,1,blue,ally,range01_frame_000388.png,193.5,"#534[4tH]が#480[PmP]領有中のLv.1都市#480(149,249)を攻撃し、陣営のために破壊宝箱×2を勝ち取りました"
#480,c-2,49,249,2026-6-6 04:43:2,#534,4tH,,1,blue,ally,range01_frame_000388.png,193.5,"#534[4tH]が#480領有中のLv.1都市#480(49,249)を攻撃し、陣営のために破壊宝箱×2を勝ち取りました"
#480,j-6,249,949,2026-6-6 09:03:0,#534,KTVS,,1,blue,ally,range01_frame_000388.png,193.5,"#534[KTVS]が#480領有中のLv.1都市#480(249,949)を攻撃し、陣営のために破壊宝箱×2を勝ち取りました"
#511,d-6,249,349,2026-6-6 10:35:1,#523,5DU,,2,red,enemy,range01_frame_000388.png,193.5,"#523[5DU]が#511領有中のLv.2都市#511(249,349)を攻撃し、陣営のために破壊宝箱×5を勝ち取りました"
#480,c-4,149,249,2026-6-6 04:41:4,#534,4tH,PmP,1,blue,ally,range01_frame_000389.png,193.5,"#534[4tH]が#480[PmP]領有中のLv.1都市#480(149,249)を攻撃し、陣営のために破壊宝箱×2を勝ち取りました"
#480,c-2,49,249,2026-6-6 04:43:2,#534,4tH,,1,blue,ally,range01_frame_000389.png,193.5,"#534[4tH]が#480領有中のLv.1都市#480(49,249)を攻撃し、陣営のために破壊宝箱×2を勝ち取りました"
#480,j-6,249,949,2026-6-6 09:03:0,#534,KTVS,,1,blue,ally,range01_frame_000389.png,193.5,"#534[KTVS]が#480領有中のLv.1都市#480(249,949)を攻撃し、陣営のために破壊宝箱×2を勝ち取りました"
#511,d-6,249,349,2026-6-6 10:35:1,#523,5DU,,2,red,enemy,range01_frame_000389.png,193.5,"#523[5DU]が#511領有中のLv.2都市#511(249,349)を攻撃し、陣営のために破壊宝箱×5を勝ち取りました"
#509,d-14,649,349,2026-6-6 12:01:4,#503,GX99,FHX,3,red,enemy,range01_frame_000389.png,193.5,"#503[GX99]が#509[FHX]領有中のLv.3都市#509(649,349)を攻撃し、陣営のために破壊宝箱×10を勝ち取りました"
#480,c-2,49,249,2026-6-6 04:43:2,#534,4tH,PmP,1,blue,ally,range01_frame_000390.png,194.5,"#534[4tH]乃#480[PmP]預有中のLv.1都市#480(49,249)を攻擊し、陣営のために破壊宝箱×2を勝ち取りました"
#480,j-6,249,949,2026-6-6 09:03:0,#534,KTVS,,1,red,enemy,range01_frame_000390.png,194.5,"#534[KTVS]が#480領有中のLv.1都市#480(249,949)を攻擊し、陣営のために破壊宝箱×2を勝ち取りました"
#511,d-6,249,349,2026-6-6 10:35:1,#523,5DU,,2,red,enemy,range01_frame_000390.png,194.5,"#523[5DU]が#511領有中のLv.2都市#511(249,349)を攻擊し、陣営のために破壊宝箱×5を勝ち取りました"
#509,d-14,649,349,2026-6-6 12:01:4,#503,GX99,FHX,3,red,enemy,range01_frame_000390.png,194.5,"#503[GX99]が#509[FHX]領有中のLv.3都市#509(649,349)を攻擊し、陣営のために破壊宝箱×10を勝ち取りました"
#509,b-18,849,149,2026-6-6 12:10:4,#503,one,AoW,1,red,enemy,range01_frame_000390.png,194.5,"#503[one]が#509[AoW]領有中のLv.1都市#509(849,149)を攻擊し、陣営のために破壊宝箱×2を勝ち取りました"
#534,h-10,449,749,2026-6-6 12:14:0,#476,476X,RGWC,2,red,enemy,range01_frame_000390.png,194.5,"#476[476X]が#534[RGWC]領有中のLv.2都市#534(449,749)を攻擊し、陣営のために破壊宝箱×5を勝ち取りました"
#509,g-10,449,649,2026-6-6 12:14:0,#476,4766A,MOn,3,red,enemy,range01_frame_000391.png,194.5,"#476[4766A]が#509[MOn]領有中のLv.3都市#509(449,649)を攻擊し、陣営のために破壊宝箱×10を勝ち取りました"
#511,d-6,249,349,2026-6-6 09:03:0,#523,5DU,,2,red,enemy,range01_frame_000392.png,195.5,"#523[5DU]が#511 領有中のLv.2都市 #511(249,349)を攻撃し、陣営のために破壊宝箱×5を勝ち取りました"
#509,d-14,649,349,2026-6-6 10:35:1,#503,GX99,FHX,3,red,enemy,range01_frame_000392.png,195.5,"#503[GX99]が#509[FHX]領有中のLv.3都市 #509(649,349)を攻撃し、陣営のために破壊宝箱×10を勝ち取りました"
#509,b-18,849,149,2026-6-6 12:10:4,#503,one,AoW,1,red,enemy,range01_frame_000392.png,195.5,"#503[one]が#509[AoW]領有中のLv.1都市 #509(849,149)を攻撃し、陣営のために破壊宝箱×2を勝ち取りました"
#534,h-10,449,749,2026-6-6 12:14:0,#476,476X,RGWC,2,red,enemy,range01_frame_000392.png,195.5,"#476[476X]が#534[RGWC]領有中のLv.2都市 #534(449,749)を攻撃し、陣営のために破壊宝箱×5を勝ち取りました"
#509,g-10,449,649,2026-6-6 12:14:5,#476,476A,MOn,3,red,enemy,range01_frame_000392.png,195.5,"#476[476A]が#509[MOn]領有中のLv.3都市 #509(449,649)を攻撃し、陣営のために破壊宝箱×10を勝ち取りました"
#511,d-6,249,349,2026-6-6 10:35:1,#523,5DU,,2,red,enemy,range01_frame_000393.png,195.5,"#523[5DU]が#511 領有中のLv.2都市 #511(249,349)を攻撃し、陣営のために破壊宝箱×5を勝ち取りました"
#509,d-14,649,349,2026-6-6 12:01:4,#503,GX99,FHX,3,red,enemy,range01_frame_000393.png,195.5,"#503[GX99]が#509[FHX]領有中のLv.3都市 #509(649,349)を攻撃し、陣営のために破壊宝箱×10を勝ち取りました"
#509,b-18,849,149,2026-6-6 12:10:4,#503,one,AoW,1,red,enemy,range01_frame_000393.png,195.5,"#503[one]が#509[AoW]領有中のLv.1都市 #509(849,149)を攻撃し、陣営のために破壊宝箱×2を勝ち取りました"
#534,h-10,449,749,2026-6-6 12:14:0,#476,476X,RGWC,2,red,enemy,range01_frame_000393.png,195.5,"#476[476X]が#534[RGWC]領有中のLv.2都市 #534(449,749)を攻撃し、陣営のために破壊宝箱×5を勝ち取りました"
#509,g-10,449,649,2026-6-6 12:14:5,#476,476A,MOn,3,red,enemy,range01_frame_000393.png,195.5,"#476[476A]が#509[MOn]領有中のLv.3都市 #509(449,649)を攻撃し、陣営のために破壊宝箱×10を勝ち取りました"
#511,d-6,249,349,2026-6-6 10:35:10,#523,5DU,,2,red,enemy,range01_frame_000394.png,196.5,"#523[5DU]が#511領有中のLv.2都市 #511(249,349)を攻撃し、陣営のために破壊宝箱×5を勝ち取りました"
#509,d-14,649,349,2026-6-6 12:01:40,#503,GX99,FHX,3,red,enemy,range01_frame_000394.png,196.5,"#503[GX99]が#509[FHX]領有中のLv.3都市 #509(649,349)を攻撃し、陣営のために破壊宝箱×10を勝ち取りました"
#509,b-18,849,149,2026-6-6 12:10:40,#503,one,A0W,1,red,enemy,range01_frame_000394.png,196.5,"#503[one]が#509[A0W]領有中のLv.1都市 #509(849,149)を攻撃し、陣営のために破壊宝箱×2を勝ち取りました"
#534,h-10,449,749,2026-6-6 12:14:00,#476,476X,RGWC,2,red,enemy,range01_frame_000394.png,196.5,"#476[476X]が#534[RGWC]領有中のLv.2都市 #534(449,749)を攻撃し、陣営のために破壊宝箱×5を勝ち取りました"
#509,g-10,449,649,2026-6-6 12:14:55,#476,476A,MOn,3,red,enemy,range01_frame_000394.png,196.5,"#476[476A]が#509[MOn]領有中のLv.3都市 #509(449,649)を攻撃し、陣営のために破壊宝箱×10を勝ち取りました"
#511,d-6,249,349,2026-6-6 10:35:10,#523,5DU,,2,red,enemy,range01_frame_000395.png,196.5,"#523[5DU]が#511領有中のLv.2都市 #511(249,349)を攻撃し、陣営のために破壊宝箱×5を勝ち取りました"
#509,d-14,649,349,2026-6-6 12:01:40,#503,GX99,FHX,3,red,enemy,range01_frame_000395.png,196.5,"#503[GX99]が#509[FHX]領有中のLv.3都市 #509(649,349)を攻撃し、陣営のために破壊宝箱×10を勝ち取りました"
#509,b-18,849,149,2026-6-6 12:10:40,#503,one,A0W,1,red,enemy,range01_frame_000395.png,196.5,"#503[one]が#509[A0W]領有中のLv.1都市 #509(849,149)を攻撃し、陣営のために破壊宝箱×2を勝ち取りました"
#534,h-10,449,749,2026-6-6 12:14:00,#476,476X,RGWC,2,red,enemy,range01_frame_000395.png,196.5,"#476[476X]が#534[RGWC]領有中のLv.2都市 #534(449,749)を攻撃し、陣営のために破壊宝箱×5を勝ち取りました"
#509,g-10,449,649,2026-6-6 12:14:55,#476,476A,MOn,3,red,enemy,range01_frame_000395.png,196.5,"#476[476A]が#509[MOn]領有中のLv.3都市 #509(449,649)を攻撃し、陣営のために破壊宝箱×10を勝ち取りました"
#509,b-18,849,149,2026-6-6 12:10:40,#503,one,AoU,1,red,enemy,range01_frame_000396.png,197.5,"#503[one]が#509[AoU]領有中のLv.1都市 #509(849,149)を攻撃し、陣営のために破壊宝箱×2を勝ち取りました"
#534,h-10,449,749,2026-6-6 12:14:04,#476,476X,RGUC,2,red,enemy,range01_frame_000396.png,197.5,"#476[476X]が#534[RGUC]領有中のLv.2都市 #534(449,749)を攻撃し、陣営のために破壊宝箱×5を勝ち取りました"
#509,g-10,449,649,2026-6-6 12:14:58,#476,476A,MOn,3,red,enemy,range01_frame_000396.png,197.5,"#476[476A]が#509[MOn]領有中のLv.3都市 #509(449,649)を攻撃し、陣営のために破壊宝箱×10を勝ち取りました"
#480,j-8,349,949,2026-6-6 12:19:10,#534,JDX,TkTk,1,blue,ally,range01_frame_000396.png,197.5,"#534[JDX]が#480[TkTk]領有中のLv.1都市 #480(349,949)を攻撃し、陣営のために破壊宝箱×2を勝ち取りました"
#534,h-12,549,749,2026-6-6 12:19:14,#476,476X,Dao,2,red,enemy,range01_frame_000396.png,197.5,"#476[476X]が#534[Dao]領有中のLv.2都市 #534(549,749)を攻撃し、陣営のために破壊宝箱×5を勝ち取りました"
#509,b-18,849,149,2026-6-6 12:10:40,#503,one,AoU,1,red,enemy,range01_frame_000397.png,197.5,"#503[one]が#509[AoU]領有中のLv.1都市 #509(849,149)を攻撃し、陣営のために破壊宝箱×2を勝ち取りました"
#534,h-10,449,749,2026-6-6 12:14:04,#476,476X,RGUC,2,red,enemy,range01_frame_000397.png,197.5,"#476[476X]が#534[RGUC]領有中のLv.2都市 #534(449,749)を攻撃し、陣営のために破壊宝箱×5を勝ち取りました"
#509,g-10,449,649,2026-6-6 12:14:58,#476,476A,MOn,3,red,enemy,range01_frame_000397.png,197.5,"#476[476A]が#509[MOn]領有中のLv.3都市 #509(449,649)を攻撃し、陣営のために破壊宝箱×10を勝ち取りました"
#480,j-8,349,949,2026-6-6 12:19:10,#534,JDX,TkTk,1,blue,ally,range01_frame_000397.png,197.5,"#534[JDX]が#480[TkTk]領有中のLv.1都市 #480(349,949)を攻撃し、陣営のために破壊宝箱×2を勝ち取りました"
#534,h-12,549,749,2026-6-6 12:19:14,#476,476X,Dao,2,red,enemy,range01_frame_000397.png,197.5,"#476[476X]が#534[Dao]領有中のLv.2都市 #534(549,749)を攻撃し、陣営のために破壊宝箱×5を勝ち取りました"
#440,i-20,949,849,2026-6-6 12:19:18,#503,fzn,TaU,1,red,enemy,range01_frame_000397.png,197.5,"#503[fzn]が#440[TaU]領有中のLv.1都市 #440(949,849)を攻撃し、陣営のために破壊宝箱×2を勝ち取りました"
#509,g-10,449,649,2026-6-6 12:14:58,#476,476A,MOn,3,red,enemy,range01_frame_000398.png,198.5,"#476[476A]が#509[MOn]領有中のLv.3都市 #509(449,649)を攻撃し、陣営のために破壊宝箱×10を勝ち取りました"
#480,j-8,349,949,2026-6-6 12:19:10,#534,JDX,TkTk,1,blue,ally,range01_frame_000398.png,198.5,"#534[JDX]が#480[TkTk]領有中のLv.1都市 #480(349,949)を攻撃し、陣営のために破壊宝箱×2を勝ち取りました"
#534,h-12,549,749,2026-6-6 12:19:10,#476,476X,Dao,2,red,enemy,range01_frame_000398.png,198.5,"#476[476X]が#534[Dao]領有中のLv.2都市 #534(549,749)を攻撃し、陣営のために破壊宝箱×5を勝ち取りました"
#440,i-20,949,849,2026-6-6 12:21:19,#503,fzN,TaW,1,red,enemy,range01_frame_000398.png,198.5,"#503[fzN]が#440[TaW]領有中のLv.1都市 #440(949,849)を攻撃し、陣営のために破壊宝箱×2を勝ち取りました"
#480,j-2,49,949,2026-6-6 12:21:3,#509,MOn,MtG,1,blue,ally,range01_frame_000398.png,198.5,"#509[MOn]が#480[MtG]領有中のLv.1都市 #480(49,949)を攻撃し、陣営のために破壊宝箱×2を勝ち取りました"
#480,j-8,349,949,2026-6-6 12:19:10,#534,JDX,TkTk,1,blue,ally,range01_frame_000399.png,198.5,"#534[JDX]が#480[TkTk]領有中のLv.1都市 #480(349,949)を攻撃し、陣営のために破壊宝箱×2を勝ち取りました"
#534,h-12,549,749,2026-6-6 12:19:10,#476,476X,Dao,2,red,enemy,range01_frame_000399.png,198.5,"#476[476X]が#534[Dao]領有中のLv.2都市 #534(549,749)を攻撃し、陣営のために破壊宝箱×5を勝ち取りました"
#440,i-20,949,849,2026-6-6 12:21:19,#503,fzN,TaW,1,red,enemy,range01_frame_000399.png,198.5,"#503[fzN]が#440[TaW]領有中のLv.1都市 #440(949,849)を攻撃し、陣営のために破壊宝箱×2を勝ち取りました"
#480,j-2,49,949,2026-6-6 12:21:3,#509,MOn,MtG,1,blue,ally,range01_frame_000399.png,198.5,"#509[MOn]が#480[MtG]領有中のLv.1都市 #480(49,949)を攻撃し、陣営のために破壊宝箱×2を勝ち取りました"
#480,j-4,149,949,2026-6-6 12:21:3,#509,BHE,MtG,1,blue,ally,range01_frame_000399.png,198.5,"#509[BHE]が#480[MtG]領有中のLv.1都市 #480(149,949)を攻撃し、陣営のために破壊宝箱×2を勝ち取りました"
#480,j-8,349,949,2026-6-6 12:14:58,#534,JDX,TkTk,1,blue,ally,range01_frame_000400.png,199.5,"#534[JDX]が#480[TkTk]領有中のLv.1都市 #480(349,949)を攻撃し、陣営のために破壊宝箱×2を勝ち取りました"
#534,h-12,549,749,2026-6-6 12:19:10,#476,476X,Dao,2,red,enemy,range01_frame_000400.png,199.5,"#476[476X]が#534[Dao]領有中のLv.2都市 #534(549,749)を攻撃し、陣営のために破壊宝箱×5を勝ち取りました"
#440,i-20,949,849,2026-6-6 12:21:18,#503,fzn,TaW,1,red,enemy,range01_frame_000400.png,199.5,"#503[fzn]が#440[TaW]領有中のLv.1都市 #440(949,849)を攻撃し、陣営のために破壊宝箱×2を勝ち取りました"
#480,j-2,49,949,2026-6-6 12:21:32,#509,MOn,MtG,1,blue,ally,range01_frame_000400.png,199.5,"#509[MOn]が#480[MtG]領有中のLv.1都市 #480(49,949)を攻撃し、陣営のために破壊宝箱×2を勝ち取りました"
#480,j-4,149,949,2026-6-6 12:23:2,#509,BHE,MtG,1,blue,ally,range01_frame_000400.png,199.5,"#509[BHE]が#480[MtG]領有中のLv.1都市 #480(149,949)を攻撃し、陣営のために破壊宝箱×2を勝ち取りました"
#534,h-12,549,749,2026-6-6 12:19:10,#476,476X,Dao,2,red,enemy,range01_frame_000402.png,200.5,"#476[476X]が#534[Dao]領有中のLv.2都市 #534(549,749)を攻撃し、陣営のために破壊宝箱×5を勝ち取りました"
#440,i-20,949,849,2026-6-6 12:21:18,#503,fzn,TaW,1,red,enemy,range01_frame_000402.png,200.5,"#503[fzn]が#440[TaW]領有中のLv.1都市 #440(949,849)を攻撃し、陣営のために破壊宝箱×2を勝ち取りました"
#480,j-2,49,949,2026-6-6 12:21:3,#509,MOn,MtG,1,blue,ally,range01_frame_000402.png,200.5,"#509[MOn]が#480[MtG]領有中のLv.1都市 #480(49,949)を攻撃し、陣営のために破壊宝箱×2を勝ち取りました"
#480,j-4,149,949,2026-6-6 12:23:2,#509,BHE,MtG,1,blue,ally,range01_frame_000402.png,200.5,"#509[BHE]が#480[MtG]領有中のLv.1都市 #480(149,949)を攻撃し、陣営のために破壊宝箱×2を勝ち取りました"
#509,c-6,249,249,2026-6-6 12:24:0,#476,476d,tWD,2,red,enemy,range01_frame_000403.png,200.5,"#476[476d]が#509[tWD]領有中のLv.2都市 #509(249,249)を攻撃し、陣営のために破壊宝箱×5を勝ち取りました"
#440,c-4,149,249,2026-6-6 12:24:0,#476,476M,,1,red,enemy,range01_frame_000403.png,200.5,"#476[476M]が#440領有中のLv.1都市 #440(149,249)を攻撃し、陣営のために破壊宝箱×2を勝ち取りました"
#480,j-2,49,949,2026-6-6 12:21:30,#509,Mon,MtG,1,blue,ally,range01_frame_000404.png,201.5,"#509[Mon]が#480[MtG]領有中のLv.1都市 #480(49,949)を攻撃し、陣営のために破壊宝箱×2を勝ち取りました"
#480,j-4,149,949,2026-6-6 12:23:2,#509,BHE,MtG,1,blue,ally,range01_frame_000404.png,201.5,"#509[BHE]が#480[MtG]領有中のLv.1都市 #480(149,949)を攻撃し、陣営のために破壊宝箱×2を勝ち取りました"
#509,c-6,249,249,2026-6-6 12:24:0,#476,476d,tU0,2,red,enemy,range01_frame_000404.png,201.5,"#476[476d]が#509[tU0]領有中のLv.2都市 #509(249,249)を攻撃し、陣営のために破壊宝箱×5を勝ち取りました"
#440,c-4,149,249,2026-6-6 12:29:3,#476,476M,,1,red,enemy,range01_frame_000404.png,201.5,"#476[476M]が#440領有中のLv.1都市 #440(149,249)を攻撃し、陣営のために破壊宝箱×2を勝ち取りました"
#440,d-6,249,349,2026-6-6 12:34:0,#503,Lghs,GoDs,2,red,enemy,range01_frame_000404.png,201.5,"#503[Lghs]が#440[GoDs]領有中のLv.2都市 #440(249,349)を攻撃し、陣営のために破壊宝箱×5を勝ち取りました"
#440,e-2,49,449,2026-6-6 12:35:1,#476,476M,MpJ,1,red,enemy,range01_frame_000404.png,201.5,"#476[476M]が#440[MpJ]領有中のLv.1都市 #440(49,449)を攻撃し、陣営のために破壊宝箱×2を勝ち取りました"
#509,c-6,249,249,2026-6-6 12:24:0,#476,476d,tWD,2,red,enemy,range01_frame_000406.png,202.5,"#476[476d]が#509[tWD]領有中のLv.2都市 #509(249,249)を攻撃し、陣営のために破壊宝箱×5を勝ち取りました"
#440,c-4,149,249,2026-6-6 12:29:3,#476,476M,,1,red,enemy,range01_frame_000406.png,202.5,"#476[476M]が#440領有中のLv.1都市 #440(149,249)を攻撃し、陣営のために破壊宝箱×2を勝ち取りました"
#440,d-6,249,349,2026-6-6 12:34:0,#503,Lghs,GoDs,2,red,enemy,range01_frame_000406.png,202.5,"#503[Lghs]が#440[GoDs]領有中のLv.2都市 #440(249,349)を攻撃し、陣営のために破壊宝箱×5を勝ち取りました"
#440,e-2,49,449,2026-6-6 12:35:1,#476,476M,lMp,1,red,enemy,range01_frame_000406.png,202.5,"#476[476M]が#440[lMp]領有中のLv.1都市 #440(49,449)を攻撃し、陣営のために破壊宝箱×2を勝ち取りました"
#534,b-16,749,149,,#476,476Z,MOE,1,red,enemy,range01_frame_000406.png,202.5,"#476[476Z]が#534[MOE]領有中のLv.1都市 #534(749,149)を攻撃し、陣営のために破壊宝箱×2を勝ち取りました"
#509,c-6,249,249,2026-6-6 12:24:0,#476,476d,tWD,2,red,enemy,range01_frame_000407.png,202.5,"#476[476d]が#509[tWD]領有中のLv.2都市 #509(249,249)を攻撃し、陣営のために破壊宝箱×5を勝ち取りました"
#440,c-4,149,249,2026-6-6 12:29:3,#476,476M,,1,red,enemy,range01_frame_000407.png,202.5,"#476[476M]が#440領有中のLv.1都市 #440(149,249)を攻撃し、陣営のために破壊宝箱×2を勝ち取りました"
#440,d-6,249,349,2026-6-6 12:34:0,#503,Lghs,GoDs,2,red,enemy,range01_frame_000407.png,202.5,"#503[Lghs]が#440[GoDs]領有中のLv.2都市 #440(249,349)を攻撃し、陣営のために破壊宝箱×5を勝ち取りました"
#440,e-2,49,449,2026-6-6 12:35:1,#476,476M,lMp,1,red,enemy,range01_frame_000407.png,202.5,"#476[476M]が#440[lMp]領有中のLv.1都市 #440(49,449)を攻撃し、陣営のために破壊宝箱×2を勝ち取りました"
#534,b-16,749,149,,#476,476Z,MOE,1,red,enemy,range01_frame_000407.png,202.5,"#476[476Z]が#534[MOE]領有中のLv.1都市 #534(749,149)を攻撃し、陣営のために破壊宝箱×2を勝ち取りました"
#440,c-4,149,249,2026-6-6 12:29:3,#476,476M,,1,red,enemy,range01_frame_000408.png,203.5,"#476[476M]が#440領有中のLv.1都市 #440(149,249)を攻撃し、陣営のために破壊宝箱×2を勝ち取りました"
#440,d-6,249,349,2026-6-6 12:34:0,#503,Lghs,GoDs,2,red,enemy,range01_frame_000408.png,203.5,"#503[Lghs]が#440[GoDs]領有中のLv.2都市 #440(249,349)を攻撃し、陣営のために破壊宝箱×5を勝ち取りました"
#440,e-2,49,449,2026-6-6 12:35:1,#476,476M,IMp,1,red,enemy,range01_frame_000408.png,203.5,"#476[476M]が#440[IMp]領有中のLv.1都市 #440(49,449)を攻撃し、陣営のために破壊宝箱×2を勝ち取りました"
#534,b-16,749,149,2026-6-6 12:36:1,#476,476Z,MOE,1,red,enemy,range01_frame_000408.png,203.5,"#476[476Z]が#534[MOE]領有中のLv.1都市 #534(749,149)を攻撃し、陣営のために破壊宝箱×2を勝ち取りました"
#534,b-14,649,149,2026-6-6 12:40:3,#476,476Z,Trh,1,red,enemy,range01_frame_000408.png,203.5,"#476[476Z]が#534[Trh]領有中のLv.1都市 #534(649,149)を攻撃し、陣営のために破壊宝箱×2を勝ち取りました"
#440,i-10,449,849,2026-6-6 12:41:3,#503,TlKW,GcC,1,red,enemy,range01_frame_000409.png,203.5,"#503[TlKW]が#440[GcC]領有中のLv.1都市 #440(449,849)を攻撃し、陣営のために破壊宝箱×2を勝ち取りました"
#534,b-16,749,149,2026-6-6 12:36:1,#476,476Z,MOE,1,red,enemy,range01_frame_000410.png,204.5,"#476[476Z]が#534[MOE]領有中のLv.1都市 #534(749,149)を攻撃し、陣営のために破壊宝箱×2を勝ち取りました"
#534,b-14,649,149,2026-6-6 12:40:3,#476,476Z,Trh,1,red,enemy,range01_frame_000410.png,204.5,"#476[476Z]が#534[Trh]領有中のLv.1都市 #534(649,149)を攻撃し、陣営のために破壊宝箱×2を勝ち取りました"
#440,i-10,449,849,2026-6-6 12:41:3,#503,TIKW,GcC,1,red,enemy,range01_frame_000410.png,204.5,"#503[TIKW]が#440[GcC]領有中のLv.1都市 #440(449,849)を攻撃し、陣営のために破壊宝箱×2を勝ち取りました"
#440,f-20,949,549,2026-6-6 12:46:2,#503,fzn,TrX,1,red,enemy,range01_frame_000410.png,204.5,"#503[fzn]が#440[TrX]領有中のLv.1都市 #440(949,549)を攻撃し、陣営のために破壊宝箱×2を勝ち取りました"
#534,g-12,549,649,2026-6-6 20:02:5,#476,476B,89M,3,red,enemy,range01_frame_000410.png,204.5,"#476[476B]が#534[89M]領有中のLv.3都市 #534(549,649)を攻撃し、陣営のために破壊宝箱×10を勝ち取りました"
#534,b-16,749,149,2026-6-6 12:36:1,#476,476Z,MOE,1,red,enemy,range01_frame_000411.png,204.5,"#476[476Z]が#534[MOE]領有中のLv.1都市 #534(749,149)を攻撃し、陣営のために破壊宝箱×2を勝ち取りました"
#534,b-14,649,149,2026-6-6 12:40:3,#476,476Z,Trh,1,red,enemy,range01_frame_000411.png,204.5,"#476[476Z]が#534[Trh]領有中のLv.1都市 #534(649,149)を攻撃し、陣営のために破壊宝箱×2を勝ち取りました"
#440,i-10,449,849,2026-6-6 12:41:3,#503,TIKW,GcC,1,red,enemy,range01_frame_000411.png,204.5,"#503[TIKW]が#440[GcC]領有中のLv.1都市 #440(449,849)を攻撃し、陣営のために破壊宝箱×2を勝ち取りました"
#440,f-20,949,549,2026-6-6 12:46:2,#503,fzn,TrX,1,red,enemy,range01_frame_000411.png,204.5,"#503[fzn]が#440[TrX]領有中のLv.1都市 #440(949,549)を攻撃し、陣営のために破壊宝箱×2を勝ち取りました"
#534,g-12,549,649,2026-6-6 20:02:5,#476,476B,89M,3,red,enemy,range01_frame_000411.png,204.5,"#476[476B]が#534[89M]領有中のLv.3都市 #534(549,649)を攻撃し、陣営のために破壊宝箱×10を勝ち取りました"
#534,b-16,749,149,2026-6-6 12:36:11,#476,476Z,,1,unknown,unknown,range01_frame_000412.png,205.5,"#534(749,149)を攻撃し、陣営のために破壊宝箱×2を勝ち取りました"
#534,b-14,649,149,2026-6-6 12:40:3?,#476,476Z,Trh,1,red,enemy,range01_frame_000412.png,205.5,"#476[476Z]が#534[Trh]領有中のLv.1都市#534(649,149)を攻撃し、陣営のために破壊宝箱×2を勝ち取りました"
#440,i-10,449,849,2026-6-6 12:41:3?,#503,TIKW,GcC,1,red,enemy,range01_frame_000412.png,205.5,"#503[TIKW]が#440[GcC]領有中のLv.1都市#440(449,849)を攻撃し、陣営のために破壊宝箱×2を勝ち取りました"
#440,f-20,949,549,2026-6-6 12:46:2?,#503,fzn,TrX,1,red,enemy,range01_frame_000412.png,205.5,"#503[fzn]が#440[TrX]領有中のLv.1都市#440(949,549)を攻撃し、陣営のために破壊宝箱×2を勝ち取りました"
#534,g-12,549,649,2026-6-6 20:02:5?,#476,476B,89M,3,red,enemy,range01_frame_000412.png,205.5,"#476[476B]が#534[89M]領有中のLv.3都市#534(549,649)を攻撃し、陣営のために破壊宝箱×10を勝ち取りました"
#440,g-20,949,649,2026-6-6 20:04:1?,#503,299,TrX,1,red,enemy,range01_frame_000412.png,205.5,"#503[299]が#440[TrX]領有中のLv.1都市#440(949,649)を攻撃し、陣営のために破壊宝箱×2を勝ち取りました"
#534,b-16,749,149,2026-6-6 12:36:11,#476,476Z,,1,unknown,unknown,range01_frame_000413.png,205.5,"#534(749,149)を攻撃し、陣営のために破壊宝箱×2を勝ち取りました"
#534,b-14,649,149,2026-6-6 12:40:3?,#476,476Z,Trh,1,red,enemy,range01_frame_000413.png,205.5,"#476[476Z]が#534[Trh]領有中のLv.1都市#534(649,149)を攻撃し、陣営のために破壊宝箱×2を勝ち取りました"
#440,i-10,449,849,2026-6-6 12:41:3?,#503,TIKW,GcC,1,red,enemy,range01_frame_000413.png,205.5,"#503[TIKW]が#440[GcC]領有中のLv.1都市#440(449,849)を攻撃し、陣営のために破壊宝箱×2を勝ち取りました"
#440,f-20,949,549,2026-6-6 12:46:2?,#503,fzn,TrX,1,red,enemy,range01_frame_000413.png,205.5,"#503[fzn]が#440[TrX]領有中のLv.1都市#440(949,549)を攻撃し、陣営のために破壊宝箱×2を勝ち取りました"
#534,g-12,549,649,2026-6-6 20:02:5?,#476,476B,89M,3,red,enemy,range01_frame_000413.png,205.5,"#476[476B]が#534[89M]領有中のLv.3都市#534(549,649)を攻撃し、陣営のために破壊宝箱×10を勝ち取りました"
#440,g-20,949,649,2026-6-6 20:04:1?,#503,299,TrX,1,red,enemy,range01_frame_000413.png,205.5,"#503[299]が#440[TrX]領有中のLv.1都市#440(949,649)を攻撃し、陣営のために破壊宝箱×2を勝ち取りました"
#440,i-10,449,849,2026-6-6 12:41:30,#503,TIKW,GcC,1,red,enemy,range01_frame_000414.png,206.5,"#503[TIKW]が#440[GcC]領有中のLv.1都市 #440(449,849)を攻撃し、陣営のために破壊宝箱×2を勝ち取りました"
#440,f-20,949,549,2026-6-6 12:46:2,#503,fzn,TrX,1,red,enemy,range01_frame_000414.png,206.5,"#503[fzn]が#440[TrX]領有中のLv.1都市 #440(949,549)を攻撃し、陣営のために破壊宝箱×2を勝ち取りました"
#534,g-12,549,649,2026-6-6 20:02:5,#476,476B,89M,3,red,enemy,range01_frame_000414.png,206.5,"#476[476B]が#534[89M]領有中のLv.3都市 #534(549,649)を攻撃し、陣営のために破壊宝箱×10を勝ち取りました"
#440,g-20,949,649,2026-6-6 20:04:1,#503,299,TrX,1,red,enemy,range01_frame_000414.png,206.5,"#503[299]が#440[TrX]領有中のLv.1都市 #440(949,649)を攻撃し、陣営のために破壊宝箱×2を勝ち取りました"
#534,g-14,649,649,2026-6-6 20:05:3,#476,476B,KTVS,3,red,enemy,range01_frame_000414.png,206.5,"#476[476B]が#534[KTVS]領有中のLv.3都市 #534(649,649)を攻撃し、陣営のために破壊宝箱×10を勝ち取りました"
#440,g-14,649,649,2026-6-6 20:18:0,#476,476A,BAJ,3,red,enemy,range01_frame_000415.png,206.5,"#476[476A]が#440[BAJ]領有中のLv.3都市 #440(649,649)を攻撃し、陣営のために破壊宝箱×10を勝ち取りました"
#480,f-2,49,549,unknown,#440,GoDs,Digg,1,blue,ally,range01_frame_000415.png,206.5,"#440[GoDs]が#480[Digg]領有中のLv.1都市 #480(49,549)を攻撃し、陣営のために破壊宝箱×2を勝ち取りました"
#534,g-14,649,649,2026-6-6 20:04:1,#476,476B,KTVS,3,red,enemy,range01_frame_000416.png,207.5,"#476[476B]が#534[KTVS]領有中のLv.3都市 #534(649,649)を攻撃し、陣営のために破壊宝箱×10を勝ち取りました"
#440,g-14,649,649,2026-6-6 20:18:0,#476,476A,BAJ,3,red,enemy,range01_frame_000416.png,207.5,"#476[476A]が#440[BAJ]領有中のLv.3都市 #440(649,649)を攻撃し、陣営のために破壊宝箱×10を勝ち取りました"
#480,f-2,49,549,2026-6-6 20:19:4,#440,GoDs,Digg,1,blue,ally,range01_frame_000416.png,207.5,"#440[GoDs]が#480[Digg]領有中のLv.1都市 #480(49,549)を攻撃し、陣営のために破壊宝箱×2を勝ち取りました"
#534,e-16,749,449,2026-6-6 20:25:4,#476,476C,KTVS,2,red,enemy,range01_frame_000416.png,207.5,"#476[476C]が#534[KTVS]領有中のLv.2都市 #534(749,449)を攻撃し、陣営のために破壊宝箱×5を勝ち取りました"
#534,g-14,649,649,2026-6-6 20:04:1,#476,476B,KTVS,3,red,enemy,range01_frame_000418.png,208.5,"#476[476B]が#534[KTVS]領有中のLv.3都市 #534(649,649)を攻撃し、陣営のために破壊宝箱×10を勝ち取りました"
#440,g-14,649,649,2026-6-6 20:18:0,#476,476A,BAJ,3,red,enemy,range01_frame_000418.png,208.5,"#476[476A]が#440[BAJ]領有中のLv.3都市 #440(649,649)を攻撃し、陣営のために破壊宝箱×10を勝ち取りました"
#480,f-2,49,549,2026-6-6 20:19:4,#440,GoDs,Digg,1,blue,ally,range01_frame_000418.png,208.5,"#440[GoDs]が#480[Digg]領有中のLv.1都市 #480(49,549)を攻撃し、陣営のために破壊宝箱×2を勝ち取りました"
#534,e-16,749,449,2026-6-6 20:25:4,#476,476C,KTVS,2,red,enemy,range01_frame_000418.png,208.5,"#476[476C]が#534[KTVS]領有中のLv.2都市 #534(749,449)を攻撃し、陣営のために破壊宝箱×5を勝ち取りました"
#509,c-4,149,249,2026-6-6 20:26:4,#476,476d,tWD,1,red,enemy,range01_frame_000418.png,208.5,"#476[476d]が#509[tWD]領有中のLv.1都市 #509(149,249)を攻撃し、陣営のために破壊宝箱×2を勝ち取りました"
#440,g-14,649,649,2026-6-6 20:05:3,#476,476A,BAJ,3,red,enemy,range01_frame_000419.png,208.5,"#476[476A]が#440[BAJ]領有中のLv.3都市 #440(649,649)を攻撃し、陣営のために破壊宝箱×10を勝ち取りました"
#480,f-2,49,549,2026-6-6 20:19:4,#440,GoDs,Digg,1,blue,ally,range01_frame_000419.png,208.5,"#440[GoDs]が#480[Digg]領有中のLv.1都市 #480(49,549)を攻撃し、陣営のために破壊宝箱×2を勝ち取りました"
#534,e-16,749,449,2026-6-6 20:25:4,#476,476C,KTVS,2,red,enemy,range01_frame_000419.png,208.5,"#476[476C]が#534[KTVS]領有中のLv.2都市 #534(749,449)を攻撃し、陣営のために破壊宝箱×5を勝ち取りました"
#509,c-4,149,249,2026-6-6 20:26:4,#476,476d,tWD,1,red,enemy,range01_frame_000419.png,208.5,"#476[476d]が#509[tWD]領有中のLv.1都市 #509(149,249)を攻撃し、陣営のために破壊宝箱×2を勝ち取りました"
#534,d-16,749,349,2026-6-6 20:26:4,#476,476C,KTVS,2,red,enemy,range01_frame_000419.png,208.5,"#476[476C]が#534[KTVS]領有中のLv.2都市 #534(749,349)を攻撃し、陣営のために破壊宝箱×5を勝ち取りました"
#480,f-2,49,549,2026-6-6 20:18:0,#440,GoDs,Digg,1,blue,ally,range01_frame_000420.png,209.5,"#440[GoDs]が#480[Digg]領有中のLv.1都市 #480(49,549)を攻撃し、陣営のために破壊宝箱×2を勝ち取りました"
#534,e-16,749,449,2026-6-6 20:25:4,#476,476C,KTVS,2,red,enemy,range01_frame_000420.png,209.5,"#476[476C]が#534[KTVS]領有中のLv.2都市 #534(749,449)を攻撃し、陣営のために破壊宝箱×5を勝ち取りました"
#509,c-4,149,249,2026-6-6 20:26:4,#476,476d,twD,1,red,enemy,range01_frame_000420.png,209.5,"#476[476d]が#509[twD]領有中のLv.1都市 #509(149,249)を攻撃し、陣営のために破壊宝箱×2を勝ち取りました"
#534,d-16,749,349,2026-6-6 20:27:4,#476,476C,KTVS,2,red,enemy,range01_frame_000420.png,209.5,"#476[476C]が#534[KTVS]領有中のLv.2都市 #534(749,349)を攻撃し、陣営のために破壊宝箱×5を勝ち取りました"
#480,f-4,149,549,2026-6-6 20:30:3,#534,89M,Digg,1,blue,ally,range01_frame_000420.png,209.5,"#534[89M]が#480[Digg]領有中のLv.1都市 #480(149,549)を攻撃し、陣営のために破壊宝箱×2を勝ち取りました"
#534,e-16,749,449,2026-6-6 20:25:4,#476,476C,KTVS,2,red,enemy,range01_frame_000421.png,209.5,"#476[476C]が#534[KTVS]領有中のLv.2都市 #534(749,449)を攻撃し、陣営のために破壊宝箱×5を勝ち取りました"
#509,c-4,149,249,2026-6-6 20:26:4,#476,476d,twD,1,red,enemy,range01_frame_000421.png,209.5,"#476[476d]が#509[twD]領有中のLv.1都市 #509(149,249)を攻撃し、陣営のために破壊宝箱×2を勝ち取りました"
#534,d-16,749,349,2026-6-6 20:27:4,#476,476C,KTVS,2,red,enemy,range01_frame_000421.png,209.5,"#476[476C]が#534[KTVS]領有中のLv.2都市 #534(749,349)を攻撃し、陣営のために破壊宝箱×5を勝ち取りました"
#480,f-4,149,549,2026-6-6 20:30:3,#534,89M,Digg,1,blue,ally,range01_frame_000421.png,209.5,"#534[89M]が#480[Digg]領有中のLv.1都市 #480(149,549)を攻撃し、陣営のために破壊宝箱×2を勝ち取りました"
#440,i-14,649,849,2026-6-6 21:05:0,#476,476K,,1,red,enemy,range01_frame_000421.png,209.5,"#476[476K]が#440領有中のLv.1都市 #440(649,849)を攻撃し、陣営のために破壊宝箱×2を勝ち取りました"
#509,c-4,149,249,2026-6-6 20:26:4,#476,476d,tWD,1,red,enemy,range01_frame_000422.png,210.5,"#476[476d]が#509[tWD]領有中のLv.1都市 #509(149,249)を攻撃し、陣営のために破壊宝箱×2を勝ち取りました"
#534,d-16,749,349,2026-6-6 20:27:4,#476,476C,KTVS,2,red,enemy,range01_frame_000422.png,210.5,"#476[476C]が#534[KTVS]領有中のLv.2都市 #534(749,349)を攻撃し、陣営のために破壊宝箱×5を勝ち取りました"
#480,f-4,149,549,2026-6-6 20:30:3,#534,89M,Digg,1,blue,ally,range01_frame_000422.png,210.5,"#534[89M]が#480[Digg]領有中のLv.1都市 #480(149,549)を攻撃し、陣営のために破壊宝箱×2を勝ち取りました"
#440,i-14,649,849,2026-6-6 21:05:0,#476,476K,,1,red,enemy,range01_frame_000422.png,210.5,"#476[476K]が#440領有中のLv.1都市 #440(649,849)を攻撃し、陣営のために破壊宝箱×2を勝ち取りました"
#511,c-20,949,249,2026-6-10 00:01:5,#480,UbUU,,1,red,enemy,range01_frame_000422.png,210.5,"#480[UbUU]が#511領有中のLv.1都市 #511(949,249)を攻撃し、陣営のために破壊宝箱×2を勝ち取りました"
#509,c-4,149,249,2026-6-6 20:26:4,#476,476d,tWD,1,red,enemy,range01_frame_000423.png,210.5,"#476[476d]が#509[tWD]領有中のLv.1都市 #509(149,249)を攻撃し、陣営のために破壊宝箱×2を勝ち取りました"
#534,d-16,749,349,2026-6-6 20:27:4,#476,476C,KTVS,2,red,enemy,range01_frame_000423.png,210.5,"#476[476C]が#534[KTVS]領有中のLv.2都市 #534(749,349)を攻撃し、陣営のために破壊宝箱×5を勝ち取りました"
#480,f-4,149,549,2026-6-6 20:30:3,#534,89M,Digg,1,blue,ally,range01_frame_000423.png,210.5,"#534[89M]が#480[Digg]領有中のLv.1都市 #480(149,549)を攻撃し、陣営のために破壊宝箱×2を勝ち取りました"
#440,i-14,649,849,2026-6-6 21:05:0,#476,476K,,1,red,enemy,range01_frame_000423.png,210.5,"#476[476K]が#440領有中のLv.1都市 #440(649,849)を攻撃し、陣営のために破壊宝箱×2を勝ち取りました"
#511,c-20,949,249,2026-6-10 00:01:5,#480,UbUU,,1,red,enemy,range01_frame_000423.png,210.5,"#480[UbUU]が#511領有中のLv.1都市 #511(949,249)を攻撃し、陣営のために破壊宝箱×2を勝ち取りました"
#440,h-8,349,749,,#480,CDf8,,2,red,enemy,range01_frame_000423.png,210.5,"#480[CDf8]が#440領有中のLv.2都市 #440(349,749)を…"
#534,d-16,749,349,2026-6-6 20:27:4,#476,476C,KTVS,2,red,enemy,range01_frame_000424.png,211.5,"#476[476C]が#534[KTVS]領有中のLv.2都市 #534(749,349)を攻撃し、陣営のために破壊宝箱×5を勝ち取りました"
#480,f-4,149,549,2026-6-6 20:30:3,#534,89M,Digg,1,blue,ally,range01_frame_000424.png,211.5,"#534[89M]が#480[Digg]領有中のLv.1都市 #480(149,549)を攻撃し、陣営のために破壊宝箱×2を勝ち取りました"
#440,i-14,649,849,2026-6-6 21:05:0,#476,476K,,1,red,enemy,range01_frame_000424.png,211.5,"#476[476K]が#440領有中のLv.1都市 #440(649,849)を攻撃し、陣営のために破壊宝箱×2を勝ち取りました"
#511,c-20,949,249,2026-6-10 00:01:5,#480,UblU,,1,red,enemy,range01_frame_000424.png,211.5,"#480[UblU]が#511領有中のLv.1都市 #511(949,249)を攻撃し、陣営のために破壊宝箱×2を勝ち取りました"
#440,h-8,349,749,2026-6-10 00:10:0,#480,CDf8,,2,red,enemy,range01_frame_000425.png,211.5,"#480[CDf8]が#440領有中のLv.2都市 #440(349,749)を攻撃し、陣営のために破壊宝箱×5を勝ち取りました"
#511,e-12,549,449,2026-6-10 00:10:0,#480,UblU,SVa,1,red,enemy,range01_frame_000425.png,211.5,"#480[UblU]が#511[SVa]領有中のLv.1都市 #511(549,449)を攻撃し、陣営のために破壊宝箱×2を勝ち取りました"
#440,i-14,649,849,2026-6-6 20:30:3,#476,476K,,1,red,enemy,range01_frame_000426.png,212.5,"#476[476K]が#440領有中のLv.1都市#440(649,849)を攻撃し、陣営のために破壊宝箱×2を勝ち取りました"
#511,c-20,949,249,2026-6-6 21:05:0,#480,UbuU,,1,red,enemy,range01_frame_000426.png,212.5,"#480[UbuU]が#511領有中のLv.1都市#511(949,249)を攻撃し、陣営のために破壊宝箱×2を勝ち取りました"
#440,h-8,349,749,2026-6-10 00:01:5,#480,CDf8,,2,red,enemy,range01_frame_000426.png,212.5,"#480[CDf8]が#440領有中のLv.2都市#440(349,749)を攻撃し、陣営のために破壊宝箱×5を勝ち取りました"
#511,e-18,849,449,2026-6-10 04:02:5,#480,UbuU,SVa,1,red,enemy,range01_frame_000426.png,212.5,"#480[UbuU]が#511[SVa]領有中のLv.1都市#511(849,449)を攻撃し、陣営のために破壊宝箱×2を勝ち取りました"
#511,c-20,949,249,2026-6-10 00:01:5,#480,UbuU,,1,red,enemy,range01_frame_000427.png,212.5,"#480[UbuU]が#511領有中のLv.1都市#511(949,249)を攻撃し、陣営のために破壊宝箱×2を勝ち取りました"
#440,h-8,349,749,2026-6-10 00:10:0,#480,CDf8,,2,red,enemy,range01_frame_000427.png,212.5,"#480[CDf8]が#440領有中のLv.2都市#440(349,749)を攻撃し、陣営のために破壊宝箱×5を勝ち取りました"
#511,e-18,849,449,2026-6-10 04:02:5,#480,UbuU,SVa,1,red,enemy,range01_frame_000427.png,212.5,"#480[UbuU]が#511[SVa]領有中のLv.1都市#511(849,449)を攻撃し、陣営のために破壊宝箱×2を勝ち取りました"
#480,e-4,149,449,2026-6-10 04:03:1,#534,4tH,PmP,1,blue,ally,range01_frame_000427.png,212.5,"#534[4tH]が#480[PmP]領有中のLv.1都市#480(149,449)を攻撃し、陣営のために破壊宝箱×2を勝ち取りました"
#440,h-8,349,749,2026-6-10 00:10:0,#480,CDf8,,2,red,enemy,range01_frame_000428.png,213.5,"#480[CDf8]が#440領有中のLv.2都市 #440(349,749)を攻撃し、陣営のために破壊宝箱×5を勝ち取りました"
#511,e-18,849,449,2026-6-10 04:02:5,#480,WbWU,SVa,1,red,enemy,range01_frame_000428.png,213.5,"#480[WbWU]が#511[SVa]領有中のLv.1都市 #511(849,449)を攻撃し、陣営のために破壊宝箱×2を勝ち取りました"
#480,e-4,149,449,2026-6-10 04:03:1,#534,4tH,PmP,1,blue,ally,range01_frame_000428.png,213.5,"#534[4tH]が#480[PmP]領有中のLv.1都市 #480(149,449)を攻撃し、陣営のために破壊宝箱×2を勝ち取りました"
#480,b-2,49,149,2026-6-10 04:03:1,#440,TaW,PmP,1,blue,ally,range01_frame_000428.png,213.5,"#440[TaW]が#480[PmP]領有中のLv.1都市 #480(49,149)を攻撃し、陣営のために破壊宝箱×2を勝ち取りました"
#480,d-2,49,349,2026-6-10 04:03:1,#534,4tH,PmP,1,blue,ally,range01_frame_000428.png,213.5,"#534[4tH]が#480[PmP]領有中のLv.1都市 #480(49,349)を攻撃し、陣営のために破壊宝箱×2を勝ち取りました"
#440,h-8,349,749,2026-6-10 00:01:5,#480,CDf8,,2,red,enemy,range01_frame_000430.png,214.5,"#480[CDf8]が#440領有中のLv.2都市 #440(349,749)を攻撃し、陣営のために破壊宝箱×5を勝ち取りました"
#511,e-18,849,449,2026-6-10 04:02:5,#480,WbW,SVa,1,red,enemy,range01_frame_000430.png,214.5,"#480[WbW]が#511[SVa]領有中のLv.1都市 #511(849,449)を攻撃し、陣営のために破壊宝箱×2を勝ち取りました"
#480,e-4,149,449,2026-6-10 04:03:1,#534,4tH,PmP,1,blue,ally,range01_frame_000430.png,214.5,"#534[4tH]が#480[PmP]領有中のLv.1都市 #480(149,449)を攻撃し、陣営のために破壊宝箱×2を勝ち取りました"
#480,b-2,49,149,2026-6-10 04:03:1,#440,TaU,PmP,1,blue,ally,range01_frame_000430.png,214.5,"#440[TaU]が#480[PmP]領有中のLv.1都市 #480(49,149)を攻撃し、陣営のために破壊宝箱×2を勝ち取りました"
#480,d-2,49,349,2026-6-10 04:06:1,#534,4tH,PmP,1,blue,ally,range01_frame_000430.png,214.5,"#534[4tH]が#480[PmP]領有中のLv.1都市 #480(49,349)を攻撃し、陣営のために破壊宝箱×2を勝ち取りました"
#511,e-18,849,449,2026-6-10 00:10:0,#480,WbW,SVa,1,red,enemy,range01_frame_000431.png,214.5,"#480[WbW]が#511[SVa]領有中のLv.1都市 #511(849,449)を攻撃し、陣営のために破壊宝箱×2を勝ち取りました"
#511,e-18,849,449,2026-6-10 04:02:5,#480,WbW,SVa,1,red,enemy,range01_frame_000431.png,214.5,"#480[WbW]が#511[SVa]領有中のLv.1都市 #511(849,449)を攻撃し、陣営のために破壊宝箱×2を勝ち取りました"
#480,e-4,149,449,2026-6-10 04:03:1,#534,4tH,PmP,1,blue,ally,range01_frame_000431.png,214.5,"#534[4tH]が#480[PmP]領有中のLv.1都市 #480(149,449)を攻撃し、陣営のために破壊宝箱×2を勝ち取りました"
#480,b-2,49,149,2026-6-10 04:03:1,#440,TaU,PmP,1,blue,ally,range01_frame_000431.png,214.5,"#440[TaU]が#480[PmP]領有中のLv.1都市 #480(49,149)を攻撃し、陣営のために破壊宝箱×2を勝ち取りました"
#480,d-2,49,349,2026-6-10 04:06:1,#534,4tH,PmP,1,blue,ally,range01_frame_000431.png,214.5,"#534[4tH]が#480[PmP]領有中のLv.1都市 #480(49,349)を攻撃し、陣営のために破壊宝箱×2を勝ち取りました"
#480,e-4,149,449,2026-6-10 04:03:11,#534,4tH,PmP,1,blue,ally,range01_frame_000432.png,215.5,"#534[4tH]が#480[PmP]領有中のLv.1都市 #480(149,449)を攻撃し、陣営のために破壊宝箱×2を勝ち取りました"
#480,b-2,49,149,2026-6-10 04:03:19,#440,TaU,PmP,1,blue,ally,range01_frame_000432.png,215.5,"#440[TaU]が#480[PmP]領有中のLv.1都市 #480(49,149)を攻撃し、陣営のために破壊宝箱×2を勝ち取りました"
#480,d-2,49,349,2026-6-10 04:06:13,#534,4tH,PmP,1,blue,ally,range01_frame_000432.png,215.5,"#534[4tH]が#480[PmP]領有中のLv.1都市 #480(49,349)を攻撃し、陣営のために破壊宝箱×2を勝ち取りました"
#480,g-2,49,649,2026-6-10 04:09:58,#534,KTVS,TkTk,1,blue,ally,range01_frame_000432.png,215.5,"#534[KTVS]が#480[TkTk]領有中のLv.1都市 #480(49,649)を攻撃し、陣営のために破壊宝箱×2を勝ち取りました"
#480,g-2,49,649,2026-6-10 04:09:58,#534,KTVS,TkTk,1,blue,ally,range01_frame_000433.png,215.5,"#534[KTVS]が#480[TkTk]領有中のLv.1都市 #480(49,649)を攻撃し、陣営のために破壊宝箱×2を勝ち取りました"
#523,c-8,349,249,2026-6-10 04:09:58,#534,JDX,K4TR,2,blue,ally,range01_frame_000433.png,215.5,"#534[JDX]が#523[K4TR]領有中のLv.2都市 #523(349,249)を攻撃し、陣営のために破壊宝箱×5を勝ち取りました"
#523,d-8,349,349,2026-6-10 04:09:58,#509,SsQ,K4TR,3,blue,ally,range01_frame_000433.png,215.5,"#509[SsQ]が#523[K4TR]領有中のLv.3都市 #523(349,349)を攻撃し、陣営のために破壊宝箱×10を勝ち取りました"
#480,d-4,149,349,2026-6-10 04:06:1,#440,TaU,PmP,1,blue,ally,range01_frame_000434.png,216.5,"#440[TaU]が#480[PmP]領有中のLv.1都市 #480(149,349)を攻撃し、陣営のために破壊宝箱×2を勝ち取りました"
#480,g-2,49,649,2026-6-10 04:07:3,#534,KTVS,TkTk,1,blue,ally,range01_frame_000434.png,216.5,"#534[KTVS]が#480[TkTk]領有中のLv.1都市 #480(49,649)を攻撃し、陣営のために破壊宝箱×2を勝ち取りました"
#523,c-8,349,249,2026-6-10 04:09:5,#534,JDX,K4TR,2,blue,ally,range01_frame_000434.png,216.5,"#534[JDX]が#523[K4TR]領有中のLv.2都市 #523(349,249)を攻撃し、陣営のために破壊宝箱×5を勝ち取りました"
#523,d-8,349,349,2026-6-10 04:10:4,#509,SsQ,K4TR,3,blue,ally,range01_frame_000434.png,216.5,"#509[SsQ]が#523[K4TR]領有中のLv.3都市 #523(349,349)を攻撃し、陣営のために破壊宝箱×10を勝ち取りました"
#511,i-6,249,849,2026-6-10 04:16:1,#523,flrE,JL2,1,red,enemy,range01_frame_000434.png,216.5,"#523[flrE]が#511[JL2]領有中のLv.1都市 #511(249,849)を攻撃し、陣営のために破壊宝箱×2を勝ち取りました"
#480,g-2,49,649,2026-6-10 04:09:58,#534,KTVS,TtKk,1,unknown,unknown,range01_frame_000436.png,217.5,"#534[KTVS]が#480[TtKk]領有中のLv.1都市 #480(49,649)を攻撃し、陣営のために破壊宝箱×2を勝ち取りました"
#523,c-8,349,249,2026-6-10 04:09:58,#534,JDX,K4TR,2,unknown,unknown,range01_frame_000436.png,217.5,"#534[JDX]が#523[K4TR]領有中のLv.2都市 #523(349,249)を攻撃し、陣営のために破壊宝箱×5を勝ち取りました"
#523,d-8,349,349,2026-6-10 04:10:4,#509,SsQ,K4TR,3,unknown,unknown,range01_frame_000436.png,217.5,"#509[SsQ]が#523[K4TR]領有中のLv.3都市 #523(349,349)を攻撃し、陣営のために破壊宝箱×10を勝ち取りました"
#511,i-6,249,849,2026-6-10 04:16:1,#523,flrE,JL2,1,red,enemy,range01_frame_000436.png,217.5,"#523[flrE]が#511[JL2]領有中のLv.1都市 #511(249,849)を攻撃し、陣営のために破壊宝箱×2を勝ち取りました"
#480,g-2,49,649,2026-6-10 04:09:58,#534,KTVS,TtKk,1,unknown,unknown,range01_frame_000437.png,217.5,"#534[KTVS]が#480[TtKk]領有中のLv.1都市 #480(49,649)を攻撃し、陣営のために破壊宝箱×2を勝ち取りました"
#523,c-8,349,249,2026-6-10 04:09:58,#534,JDX,K4TR,2,unknown,unknown,range01_frame_000437.png,217.5,"#534[JDX]が#523[K4TR]領有中のLv.2都市 #523(349,249)を攻撃し、陣営のために破壊宝箱×5を勝ち取りました"
#523,d-8,349,349,2026-6-10 04:10:4,#509,SsQ,K4TR,3,unknown,unknown,range01_frame_000437.png,217.5,"#509[SsQ]が#523[K4TR]領有中のLv.3都市 #523(349,349)を攻撃し、陣営のために破壊宝箱×10を勝ち取りました"
#511,i-6,249,849,2026-6-10 04:16:1,#523,flrE,JL2,1,red,enemy,range01_frame_000437.png,217.5,"#523[flrE]が#511[JL2]領有中のLv.1都市 #511(249,849)を攻撃し、陣営のために破壊宝箱×2を勝ち取りました"
#523,c-8,349,249,2026-6-10 04:09:58,#534,JDX,K4TR,2,unknown,unknown,range01_frame_000438.png,218.5,"#534[JDX]が#523[K4TR]領有中のLv.2都市 #523(349,249)を攻撃し、陣営のために破壊宝箱×5を勝ち取りました"
#523,d-8,349,349,2026-6-10 04:10:44,#509,SsQ,K4TR,3,unknown,unknown,range01_frame_000438.png,218.5,"#509[SsQ]が#523[K4TR]領有中のLv.3都市 #523(349,349)を攻撃し、陣営のために破壊宝箱×10を勝ち取りました"
#511,i-6,249,849,2026-6-10 04:16:10,#523,fIrE,JL2,1,red,enemy,range01_frame_000438.png,218.5,"#523[fIrE]が#511[JL2]領有中のLv.1都市 #511(249,849)を攻撃し、陣営のために破壊宝箱×2を勝ち取りました"
#511,i-8,349,849,2026-6-10 04:19:40,#523,fIrE,JL2,1,red,enemy,range01_frame_000438.png,218.5,"#523[fIrE]が#511[JL2]領有中のLv.1都市 #511(349,849)を攻撃し、陣営のために破壊宝箱×2を勝ち取りました"
#511,g-4,149,649,2026-6-10 04:25:30,#523,WUG,JL0,1,red,enemy,range01_frame_000439.png,218.5,"#523[WUG]が#511[JL0]領有中のLv.1都市 #511(149,649)を攻撃し、陣営のために破壊宝箱×2を勝ち取りました"
#511,b-12,549,149,2026-6-10 04:28:20,#523,WUG,sbM,1,red,enemy,range01_frame_000439.png,218.5,"#523[WUG]が#511[sbM]領有中のLv.1都市 #511(549,149)を攻撃し、陣営のために破壊宝箱×2を勝ち取りました"
#511,i-6,249,849,2026-6-10 04:16:13,#523,flrE,JL2,1,red,enemy,range01_frame_000440.png,219.5,"#523[flrE]が#511[JL2]領有中のLv.1都市#511(249,849)を攻撃し、陣営のために破壊宝箱×2を勝ち取りました"
#511,i-8,349,849,2026-6-10 04:19:41,#523,flrE,JL2,1,red,enemy,range01_frame_000440.png,219.5,"#523[flrE]が#511[JL2]領有中のLv.1都市#511(349,849)を攻撃し、陣営のために破壊宝箱×2を勝ち取りました"
#511,g-4,149,649,2026-6-10 04:25:30,#523,WUG,JL0,1,red,enemy,range01_frame_000440.png,219.5,"#523[WUG]が#511[JL0]領有中のLv.1都市#511(149,649)を攻撃し、陣営のために破壊宝箱×2を勝ち取りました"
#511,b-12,549,149,2026-6-10 04:28:20,#523,WUG,sbM,1,red,enemy,range01_frame_000440.png,219.5,"#523[WUG]が#511[sbM]領有中のLv.1都市#511(549,149)を攻撃し、陣営のために破壊宝箱×2を勝ち取りました"
#523,c-10,449,249,2026-6-10 04:30:33,#511,2N7,K4TR,2,blue,ally,range01_frame_000440.png,219.5,"#511[2N7]が#523[K4TR]領有中のLv.2都市#523(449,249)を攻撃し、陣営のために破壊宝箱×5を勝ち取りました"
#511,i-8,349,849,2026-6-10 04:19:41,#523,flrE,JL2,1,red,enemy,range01_frame_000441.png,219.5,"#523[flrE]が#511[JL2]領有中のLv.1都市#511(349,849)を攻撃し、陣営のために破壊宝箱×2を勝ち取りました"
#511,g-4,149,649,2026-6-10 04:25:30,#523,WUG,JL0,1,red,enemy,range01_frame_000441.png,219.5,"#523[WUG]が#511[JL0]領有中のLv.1都市#511(149,649)を攻撃し、陣営のために破壊宝箱×2を勝ち取りました"
#511,b-12,549,149,2026-6-10 04:28:20,#523,WUG,sbM,1,red,enemy,range01_frame_000441.png,219.5,"#523[WUG]が#511[sbM]領有中のLv.1都市#511(549,149)を攻撃し、陣営のために破壊宝箱×2を勝ち取りました"
#523,c-10,449,249,2026-6-10 04:30:33,#511,2N7,K4TR,2,blue,ally,range01_frame_000441.png,219.5,"#511[2N7]が#523[K4TR]領有中のLv.2都市#523(449,249)を攻撃し、陣営のために破壊宝箱×5を勝ち取りました"
#480,g-4,149,649,2026-6-10 04:40:??,#534,89M,TkTk,1,blue,ally,range01_frame_000441.png,219.5,"#534[89M]が#480[TkTk]領有中のLv.1都市#480(149,649)を攻撃し、陣営のために破壊宝箱×2を勝ち取りました"
#511,i-8,349,849,2026-6-10 04:19:4,#523,flrE,JL2,1,red,enemy,range01_frame_000442.png,220.5,"#523[flrE]が#511[JL2]領有中のLv.1都市#511(349,849)を攻撃し、陣営のために破壊宝箱×2を勝ち取りました"
#511,g-4,149,649,2026-6-10 04:25:3,#523,WUG,JL0,1,red,enemy,range01_frame_000442.png,220.5,"#523[WUG]が#511[JL0]領有中のLv.1都市#511(149,649)を攻撃し、陣営のために破壊宝箱×2を勝ち取りました"
#511,b-12,549,149,2026-6-10 04:28:2,#523,WUG,sbM,1,red,enemy,range01_frame_000442.png,220.5,"#523[WUG]が#511[sbM]領有中のLv.1都市#511(549,149)を攻撃し、陣営のために破壊宝箱×2を勝ち取りました"
#523,c-10,449,249,2026-6-10 04:30:3,#511,2N7,K4TR,2,blue,ally,range01_frame_000442.png,220.5,"#511[2N7]が#523[K4TR]領有中のLv.2都市#523(449,249)を攻撃し、陣営のために破壊宝箱×5を勝ち取りました"
#480,g-4,149,649,2026-6-10 04:40:4,#534,89M,TkTk,1,blue,ally,range01_frame_000442.png,220.5,"#534[89M]が#480[TkTk]領有中のLv.1都市#480(149,649)を攻撃し、陣営のために破壊宝箱×2を勝ち取りました"
#511,g-4,149,649,2026-6-10 04:19:4,#523,WUG,JL0,1,red,enemy,range01_frame_000443.png,220.5,"#523[WUG]が#511[JL0]領有中のLv.1都市#511(149,649)を攻撃し、陣営のために破壊宝箱×2を勝ち取りました"
#511,b-12,549,149,2026-6-10 04:25:3,#523,WUG,sbM,1,red,enemy,range01_frame_000443.png,220.5,"#523[WUG]が#511[sbM]領有中のLv.1都市#511(549,149)を攻撃し、陣営のために破壊宝箱×2を勝ち取りました"
#523,c-10,449,249,2026-6-10 04:30:3,#511,2N7,K4TR,2,blue,ally,range01_frame_000443.png,220.5,"#511[2N7]が#523[K4TR]領有中のLv.2都市#523(449,249)を攻撃し、陣営のために破壊宝箱×5を勝ち取りました"
#480,g-4,149,649,2026-6-10 04:40:4,#534,89M,TkTk,1,blue,ally,range01_frame_000443.png,220.5,"#534[89M]が#480[TkTk]領有中のLv.1都市#480(149,649)を攻撃し、陣営のために破壊宝箱×2を勝ち取りました"
#523,f-12,549,549,unknown,#509,FHX,NBNH,3,blue,ally,range01_frame_000443.png,220.5,"#509[FHX]が#523[NBNH]領有中のLv.3都市#523(549,549)を攻撃し、陣営のために破壊宝箱×10を…"
#511,g-4,149,649,2026-6-10 04:25:30,#523,WUG,JLO,1,red,enemy,range01_frame_000444.png,221.5,"#523[WUG]が#511[JLO]領有中のLv.1都市 #511(149,649)を攻撃し、陣営のために破壊宝箱×2を勝ち取りました"
#511,b-12,549,149,2026-6-10 04:28:2,#523,WUG,sbM,1,red,enemy,range01_frame_000444.png,221.5,"#523[WUG]が#511[sbM]領有中のLv.1都市 #511(549,149)を攻撃し、陣営のために破壊宝箱×2を勝ち取りました"
#523,c-10,449,249,2026-6-10 04:30:3,#511,2NV,K4TR,2,blue,ally,range01_frame_000444.png,221.5,"#511[2NV]が#523[K4TR]領有中のLv.2都市 #523(449,249)を攻撃し、陣営のために破壊宝箱×5を勝ち取りました"
#480,g-4,149,649,2026-6-10 04:40:4,#534,89M,TkTk,1,blue,ally,range01_frame_000444.png,221.5,"#534[89M]が#480[TkTk]領有中のLv.1都市 #480(149,649)を攻撃し、陣営のために破壊宝箱×2を勝ち取りました"
#523,f-14,649,549,2026-6-10 04:??:??,#509,FHX,NBNH,3,blue,ally,range01_frame_000444.png,221.5,"#509[FHX]が#523[NBNH]領有中のLv.3都市 #523(649,549)を攻撃し、陣営のために破壊宝箱×10を..."
#511,g-4,149,649,2026-6-10 04:25:30,#523,WUG,JLO,1,red,enemy,range01_frame_000445.png,221.5,"#523[WUG]が#511[JLO]領有中のLv.1都市 #511(149,649)を攻撃し、陣営のために破壊宝箱×2を勝ち取りました"
#511,b-12,549,149,2026-6-10 04:28:2,#523,WUG,sbM,1,red,enemy,range01_frame_000445.png,221.5,"#523[WUG]が#511[sbM]領有中のLv.1都市 #511(549,149)を攻撃し、陣営のために破壊宝箱×2を勝ち取りました"
#523,c-10,449,249,2026-6-10 04:30:3,#511,2NV,K4TR,2,blue,ally,range01_frame_000445.png,221.5,"#511[2NV]が#523[K4TR]領有中のLv.2都市 #523(449,249)を攻撃し、陣営のために破壊宝箱×5を勝ち取りました"
#480,g-4,149,649,2026-6-10 04:40:4,#534,89M,TkTk,1,blue,ally,range01_frame_000445.png,221.5,"#534[89M]が#480[TkTk]領有中のLv.1都市 #480(149,649)を攻撃し、陣営のために破壊宝箱×2を勝ち取りました"
#523,f-14,649,549,2026-6-10 04:??:??,#509,FHX,NBNH,3,blue,ally,range01_frame_000445.png,221.5,"#509[FHX]が#523[NBNH]領有中のLv.3都市 #523(649,549)を攻撃し、陣営のために破壊宝箱×10を..."
#511,b-12,549,149,2026-6-10 04:25:30,#523,WUG,sbM,1,red,enemy,range01_frame_000446.png,222.5,"#523[WUG]が#511[sbM]領有中のLv.1都市 #511(549,149)を攻撃し、陣営のために破壊宝箱×2を勝ち取りました"
#523,c-10,449,249,2026-6-10 04:28:2,#511,2N7,K4TR,2,blue,ally,range01_frame_000446.png,222.5,"#511[2N7]が#523[K4TR]領有中のLv.2都市 #523(449,249)を攻撃し、陣営のために破壊宝箱×5を勝ち取りました"
#480,g-4,149,649,2026-6-10 04:40:4,#534,89M,TkTk,1,blue,ally,range01_frame_000446.png,222.5,"#534[89M]が#480[TkTk]領有中のLv.1都市 #480(149,649)を攻撃し、陣営のために破壊宝箱×2を勝ち取りました"
#523,f-14,649,549,2026-6-10 12:03:4,#509,FHX,NBNH,3,blue,ally,range01_frame_000446.png,222.5,"#509[FHX]が#523[NBNH]領有中のLv.3都市 #523(649,549)を攻撃し、陣営のために破壊宝箱×10を勝ち取りました"
#523,c-6,249,249,2026-6-10 12:05:4,#511,2N7,EDFS,2,blue,ally,range01_frame_000446.png,222.5,"#511[2N7]が#523[EDFS]領有中のLv.2都市 #523(249,249)を攻撃し、陣営のために破壊宝箱×5を勝ち取りました"
#523,c-10,449,249,2026-6-10 04:30:3,#511,2N7,K4TR,2,blue,ally,range01_frame_000447.png,222.5,"#511[2N7]が#523[K4TR]領有中のLv.2都市 #523(449,249)を攻撃し、陣営のために破壊宝箱×5を勝ち取りました"
#480,g-4,149,649,2026-6-10 04:40:4,#534,89M,TkTk,1,blue,ally,range01_frame_000447.png,222.5,"#534[89M]が#480[TkTk]領有中のLv.1都市 #480(149,649)を攻撃し、陣営のために破壊宝箱×2を勝ち取りました"
#523,f-14,649,549,2026-6-10 12:03:4,#509,FHX,NBNH,3,blue,ally,range01_frame_000447.png,222.5,"#509[FHX]が#523[NBNH]領有中のLv.3都市 #523(649,549)を攻撃し、陣営のために破壊宝箱×10を勝ち取りました"
#523,c-6,249,249,2026-6-10 12:05:4,#511,2N7,EDFS,2,blue,ally,range01_frame_000447.png,222.5,"#511[2N7]が#523[EDFS]領有中のLv.2都市 #523(249,249)を攻撃し、陣営のために破壊宝箱×5を勝ち取りました"
#523,e-14,649,449,2026-6-10 12:05:4,#440,BAJ,NBNH,3,blue,ally,range01_frame_000447.png,222.5,"#440[BAJ]が#523[NBNH]領有中のLv.3都市 #523(649,449)を攻撃し、陣営のために破壊宝箱×10を勝ち取りました"
#523,f-14,649,549,2026-6-10 12:03:48,#509,FHX,NBNH,3,blue,ally,range01_frame_000448.png,223.5,"#509[FHX]が#523[NBNH]領有中のLv.3都市 #523(649,549)を攻撃し、陣営のために破壊宝箱×10を勝ち取りました"
#523,c-6,249,249,2026-6-10 12:05:4,#511,2N7,EDFS,2,blue,ally,range01_frame_000448.png,223.5,"#511[2N7]が#523[EDFS]領有中のLv.2都市 #523(249,249)を攻撃し、陣営のために破壊宝箱×5を勝ち取りました"
#523,e-14,649,449,2026-6-10 12:05:4,#440,BAJ,NBNH,3,blue,ally,range01_frame_000448.png,223.5,"#440[BAJ]が#523[NBNH]領有中のLv.3都市 #523(649,449)を攻撃し、陣営のために破壊宝箱×10を勝ち取りました"
#523,c-16,749,249,2026-6-10 12:06:50,#440,GoDs,5DU,2,blue,ally,range01_frame_000448.png,223.5,"#440[GoDs]が#523[5DU]領有中のLv.2都市 #523(749,249)を攻撃し、陣営のために破壊宝箱×5を勝ち取りました"
#523,e-16,749,449,2026-6-10 12:08:2,#440,BAJ,NBNH,2,blue,ally,range01_frame_000448.png,223.5,"#440[BAJ]が#523[NBNH]領有中のLv.2都市 #523(749,449)を攻撃し、陣営のために破壊宝箱×5を勝ち取りました"
#440,,676,241,,#476,476A,e-61,2,red,enemy,range01_frame_000448.png,223.5,"#476[476A]が#440[e-61]領有中のLv.2都市 #440(676,241)…"
#523,e-14,649,449,2026-6-10 12:05:40,#440,BAJ,NBNH,3,blue,ally,range01_frame_000450.png,224.5,"#440[BAJ]が#523[NBNH]領有中のLv.3都市 #523(649,449)を攻撃し、陣営のために破壊宝箱×10を勝ち取りました"
#523,c-16,749,249,2026-6-10 12:06:50,#440,GoDs,5DU,2,blue,ally,range01_frame_000450.png,224.5,"#440[GoDs]が#523[5DU]領有中のLv.2都市 #523(749,249)を攻撃し、陣営のために破壊宝箱×5を勝ち取りました"
#523,e-16,749,449,2026-6-10 12:08:20,#440,BAJ,NBNH,2,blue,ally,range01_frame_000450.png,224.5,"#440[BAJ]が#523[NBNH]領有中のLv.2都市 #523(749,449)を攻撃し、陣営のために破壊宝箱×5を勝ち取りました"
#440,f-14,649,549,2026-6-10 12:08:20,#476,476A,GcC,3,red,enemy,range01_frame_000450.png,224.5,"#476[476A]が#440[GcC]領有中のLv.3都市 #440(649,549)を攻撃し、陣営のために破壊宝箱×10を勝ち取りました"
#523,e-14,649,449,2026-6-10 12:05:40,#440,BAJ,NBNH,3,blue,ally,range01_frame_000451.png,224.5,"#440[BAJ]が#523[NBNH]領有中のLv.3都市 #523(649,449)を攻撃し、陣営のために破壊宝箱×10を勝ち取りました"
#523,c-16,749,249,2026-6-10 12:06:50,#440,GoDs,5DU,2,blue,ally,range01_frame_000451.png,224.5,"#440[GoDs]が#523[5DU]領有中のLv.2都市 #523(749,249)を攻撃し、陣営のために破壊宝箱×5を勝ち取りました"
#523,e-16,749,449,2026-6-10 12:08:20,#440,BAJ,NBNH,2,blue,ally,range01_frame_000451.png,224.5,"#440[BAJ]が#523[NBNH]領有中のLv.2都市 #523(749,449)を攻撃し、陣営のために破壊宝箱×5を勝ち取りました"
#440,f-14,649,549,2026-6-10 12:08:20,#476,476A,GcC,3,red,enemy,range01_frame_000451.png,224.5,"#476[476A]が#440[GcC]領有中のLv.3都市 #440(649,549)を攻撃し、陣営のために破壊宝箱×10を勝ち取りました"
#523,c-6,249,249,2026-6-10 12:05:4,#511,2N7,EDFS,2,blue,ally,range01_frame_000452.png,225.5,"#511[2N7]が#523[EDFS]領有中のLv.2都市 #523(249,249)を攻撃し、陣営のために破壊宝箱×5を勝ち取りました"
#523,e-14,649,449,2026-6-10 12:05:4,#440,BAJ,NBNH,3,blue,ally,range01_frame_000452.png,225.5,"#440[BAJ]が#523[NBNH]領有中のLv.3都市 #523(649,449)を攻撃し、陣営のために破壊宝箱×10を勝ち取りました"
#523,c-16,749,249,2026-6-10 12:06:5,#440,GoDs,5DU,2,blue,ally,range01_frame_000452.png,225.5,"#440[GoDs]が#523[5DU]領有中のLv.2都市 #523(749,249)を攻撃し、陣営のために破壊宝箱×5を勝ち取りました"
#523,e-16,749,449,2026-6-10 12:08:2,#440,BAJ,NBNH,2,blue,ally,range01_frame_000452.png,225.5,"#440[BAJ]が#523[NBNH]領有中のLv.2都市 #523(749,449)を攻撃し、陣営のために破壊宝箱×5を勝ち取りました"
#440,f-14,649,549,2026-6-10 12:08:2,#476,476A,GcC,3,red,enemy,range01_frame_000452.png,225.5,"#476[476A]が#440[GcC]領有中のLv.3都市 #440(649,549)を攻撃し、陣営のために破壊宝箱×10を勝ち取りました"
#523,c-6,249,249,2026-6-10 12:05:4,#511,2N7,EDFS,2,blue,ally,range01_frame_000453.png,225.5,"#511[2N7]が#523[EDFS]領有中のLv.2都市 #523(249,249)を攻撃し、陣営のために破壊宝箱×5を勝ち取りました"
#523,e-14,649,449,2026-6-10 12:05:4,#440,BAJ,NBNH,3,blue,ally,range01_frame_000453.png,225.5,"#440[BAJ]が#523[NBNH]領有中のLv.3都市 #523(649,449)を攻撃し、陣営のために破壊宝箱×10を勝ち取りました"
#523,c-16,749,249,2026-6-10 12:06:5,#440,GoDs,5DU,2,blue,ally,range01_frame_000453.png,225.5,"#440[GoDs]が#523[5DU]領有中のLv.2都市 #523(749,249)を攻撃し、陣営のために破壊宝箱×5を勝ち取りました"
#523,e-16,749,449,2026-6-10 12:08:2,#440,BAJ,NBNH,2,blue,ally,range01_frame_000453.png,225.5,"#440[BAJ]が#523[NBNH]領有中のLv.2都市 #523(749,449)を攻撃し、陣営のために破壊宝箱×5を勝ち取りました"
#440,f-14,649,549,2026-6-10 12:08:2,#476,476A,GcC,3,red,enemy,range01_frame_000453.png,225.5,"#476[476A]が#440[GcC]領有中のLv.3都市 #440(649,549)を攻撃し、陣営のために破壊宝箱×10を勝ち取りました"
#523,c-6,249,249,2026-6-10 12:05:4,#511,2N7,EDFS,2,blue,ally,range01_frame_000454.png,226.5,"#511[2N7]が#523[EDFS]領有中のLv.2都市 #523(249,249)を攻撃し、陣営のために破壊宝箱×5を勝ち取りました"
#523,e-14,649,449,2026-6-10 12:05:4,#440,BAJ,NBNH,3,blue,ally,range01_frame_000454.png,226.5,"#440[BAJ]が#523[NBNH]領有中のLv.3都市 #523(649,449)を攻撃し、陣営のために破壊宝箱×10を勝ち取りました"
#523,c-16,749,249,2026-6-10 12:06:5,#440,GoDs,5DU,2,blue,ally,range01_frame_000454.png,226.5,"#440[GoDs]が#523[5DU]領有中のLv.2都市 #523(749,249)を攻撃し、陣営のために破壊宝箱×5を勝ち取りました"
#523,e-16,749,449,2026-6-10 12:08:2,#440,BAJ,NBNH,2,blue,ally,range01_frame_000454.png,226.5,"#440[BAJ]が#523[NBNH]領有中のLv.2都市 #523(749,449)を攻撃し、陣営のために破壊宝箱×5を勝ち取りました"
#440,f-14,649,549,2026-6-10 12:11:5,#476,476A,GcC,3,red,enemy,range01_frame_000454.png,226.5,"#476[476A]が#440[GcC]領有中のLv.3都市 #440(649,549)を攻撃し、陣営のために破壊宝箱×10を勝ち取りました"
#509,f-14,649,549,2026-6-10 12:13:0,#503,GX99,FHX,3,red,enemy,range01_frame_000454.png,226.5,"#503[GX99]が#509[FHX]領有中のLv.3都市 #509(649,549)を攻撃し、陣営のために破壊宝箱×10を勝ち取りました"
#523,c-16,749,249,2026-6-10 12:05:4,#440,GoDs,5DU,2,blue,ally,range01_frame_000456.png,227.5,"#440[GoDs]が#523[5DU]領有中のLv.2都市 #523(749,249)を攻撃し、陣営のために破壊宝箱×5を勝ち取りました"
#523,e-16,749,449,2026-6-10 12:06:5,#440,BAJ,NBNH,2,blue,ally,range01_frame_000456.png,227.5,"#440[BAJ]が#523[NBNH]領有中のLv.2都市 #523(749,449)を攻撃し、陣営のために破壊宝箱×5を勝ち取りました"
#440,f-14,649,549,2026-6-10 12:11:5,#476,476A,GcC,3,red,enemy,range01_frame_000456.png,227.5,"#476[476A]が#440[GcC]領有中のLv.3都市 #440(649,549)を攻撃し、陣営のために破壊宝箱×10を勝ち取りました"
#509,f-14,649,549,2026-6-10 12:13:0,#503,GX99,FHX,3,red,enemy,range01_frame_000456.png,227.5,"#503[GX99]が#509[FHX]領有中のLv.3都市 #509(649,549)を攻撃し、陣営のために破壊宝箱×10を勝ち取りました"
#440,e-8,349,449,2026-6-10 12:13:1,#476,476B,BAJ,3,red,enemy,range01_frame_000456.png,227.5,"#476[476B]が#440[BAJ]領有中のLv.3都市 #440(349,449)を攻撃し、陣営のために破壊宝箱×10を勝ち取りました"
#523,e-16,749,449,2026-6-10 12:06:5,#440,BAJ,NBNH,2,blue,ally,range01_frame_000457.png,227.5,"#440[BAJ]が#523[NBNH]領有中のLv.2都市 #523(749,449)を攻撃し、陣営のために破壊宝箱×5を勝ち取りました"
#440,f-14,649,549,2026-6-10 12:11:5,#476,476A,GcC,3,red,enemy,range01_frame_000457.png,227.5,"#476[476A]が#440[GcC]領有中のLv.3都市 #440(649,549)を攻撃し、陣営のために破壊宝箱×10を勝ち取りました"
#509,f-14,649,549,2026-6-10 12:13:0,#503,GX99,FHX,3,red,enemy,range01_frame_000457.png,227.5,"#503[GX99]が#509[FHX]領有中のLv.3都市 #509(649,549)を攻撃し、陣営のために破壊宝箱×10を勝ち取りました"
#440,e-8,349,449,2026-6-10 12:13:1,#476,476B,BAJ,3,red,enemy,range01_frame_000457.png,227.5,"#476[476B]が#440[BAJ]領有中のLv.3都市 #440(349,449)を攻撃し、陣営のために破壊宝箱×10を勝ち取りました"
#440,f-14,649,549,2026-6-10 12:11:54,#476,476A,GcC,3,red,enemy,range01_frame_000458.png,228.5,"#476[476A]が#440[GcC]領有中のLv.3都市 #440(649,549)を攻撃し、陣営のために破壊宝箱×10を勝ち取りました"
#509,f-14,649,549,2026-6-10 12:13:00,#503,GX99,FHX,3,red,enemy,range01_frame_000458.png,228.5,"#503[GX99]が#509[FHX]領有中のLv.3都市 #509(649,549)を攻撃し、陣営のために破壊宝箱×10を勝ち取りました"
#440,e-8,349,449,2026-6-10 12:13:1,#476,476B,BAJ,3,red,enemy,range01_frame_000458.png,228.5,"#476[476B]が#440[BAJ]領有中のLv.3都市 #440(349,449)を攻撃し、陣営のために破壊宝箱×10を勝ち取りました"
#523,d-16,749,349,2026-6-10 12:14:1,#440,GoDs,5DU,2,blue,ally,range01_frame_000458.png,228.5,"#440[GoDs]が#523[5DU]領有中のLv.2都市 #523(749,349)を攻撃し、陣営のために破壊宝箱×5を勝ち取りました"
#440,f-14,649,549,2026-6-10 12:11:54,#476,476A,GcC,3,red,enemy,range01_frame_000459.png,228.5,"#476[476A]が#440[GcC]領有中のLv.3都市 #440(649,549)を攻撃し、陣営のために破壊宝箱×10を勝ち取りました"
#509,f-14,649,549,2026-6-10 12:13:00,#503,GX99,FHX,3,red,enemy,range01_frame_000459.png,228.5,"#503[GX99]が#509[FHX]領有中のLv.3都市 #509(649,549)を攻撃し、陣営のために破壊宝箱×10を勝ち取りました"
#440,e-8,349,449,2026-6-10 12:13:1,#476,476B,BAJ,3,red,enemy,range01_frame_000459.png,228.5,"#476[476B]が#440[BAJ]領有中のLv.3都市 #440(349,449)を攻撃し、陣営のために破壊宝箱×10を勝ち取りました"
#523,d-16,749,349,2026-6-10 12:14:1,#440,GoDs,5DU,2,blue,ally,range01_frame_000459.png,228.5,"#440[GoDs]が#523[5DU]領有中のLv.2都市 #523(749,349)を攻撃し、陣営のために破壊宝箱×5を勝ち取りました"
#480,g-10,449,649,2026-6-10 12:14:3,#440,GcC,RCON,3,blue,ally,range01_frame_000459.png,228.5,"#440[GcC]が#480[RCON]領有中のLv.3都市 #480(449,649)を攻撃し、陣営のために破壊宝箱×10を勝ち取りました"
#440,f-14,649,549,2026-6-10 12:11:54,#476,476A,GcC,3,red,enemy,range01_frame_000460.png,229.5,"#476[476A]が#440[GcC]領有中のLv.3都市 #440(649,549)を攻撃し、陣営のために破壊宝箱×10を勝ち取りました"
#509,f-14,649,549,2026-6-10 12:13:00,#503,GX99,FHX,3,red,enemy,range01_frame_000460.png,229.5,"#503[GX99]が#509[FHX]領有中のLv.3都市 #509(649,549)を攻撃し、陣営のために破壊宝箱×10を勝ち取りました"
#440,e-8,349,449,2026-6-10 12:13:1,#476,476B,BAJ,3,red,enemy,range01_frame_000460.png,229.5,"#476[476B]が#440[BAJ]領有中のLv.3都市 #440(349,449)を攻撃し、陣営のために破壊宝箱×10を勝ち取りました"
#523,d-16,749,349,2026-6-10 12:14:1,#440,GoDs,5DU,2,blue,ally,range01_frame_000460.png,229.5,"#440[GoDs]が#523[5DU]領有中のLv.2都市 #523(749,349)を攻撃し、陣営のために破壊宝箱×5を勝ち取りました"
#480,g-10,449,649,2026-6-10 12:14:3,#440,GcC,RCON,3,blue,ally,range01_frame_000460.png,229.5,"#440[GcC]が#480[RCON]領有中のLv.3都市 #480(449,649)を攻撃し、陣営のために破壊宝箱×10を勝ち取りました"
#440,f-14,649,549,2026-6-10 12:11:54,#476,476A,GcC,3,red,enemy,range01_frame_000461.png,229.5,"#476[476A]が#440[GcC]領有中のLv.3都市 #440(649,549)を攻撃し、陣営のために破壊宝箱×10を勝ち取りました"
#509,f-14,649,549,2026-6-10 12:13:00,#503,GX99,FHX,3,red,enemy,range01_frame_000461.png,229.5,"#503[GX99]が#509[FHX]領有中のLv.3都市 #509(649,549)を攻撃し、陣営のために破壊宝箱×10を勝ち取りました"
#440,e-8,349,449,2026-6-10 12:13:1,#476,476B,BAJ,3,red,enemy,range01_frame_000461.png,229.5,"#476[476B]が#440[BAJ]領有中のLv.3都市 #440(349,449)を攻撃し、陣営のために破壊宝箱×10を勝ち取りました"
#523,d-16,749,349,2026-6-10 12:14:1,#440,GoDs,5DU,2,blue,ally,range01_frame_000461.png,229.5,"#440[GoDs]が#523[5DU]領有中のLv.2都市 #523(749,349)を攻撃し、陣営のために破壊宝箱×5を勝ち取りました"
#480,g-10,449,649,2026-6-10 12:14:3,#440,GcC,RCON,3,blue,ally,range01_frame_000461.png,229.5,"#440[GcC]が#480[RCON]領有中のLv.3都市 #480(449,649)を攻撃し、陣営のために破壊宝箱×10を勝ち取りました"
#440,e-8,349,449,2026-6-10 12:13:0,#476,476B,BAJ,3,red,enemy,range01_frame_000462.png,230.5,"#476[476B]が#440[BAJ]領有中のLv.3都市 #440(349,449)を攻撃し、陣営のために破壊宝箱×10を勝ち取りました"
#523,d-16,749,349,2026-6-10 12:14:1,#440,GoDs,5DU,2,blue,ally,range01_frame_000462.png,230.5,"#440[GoDs]が#523[5DU]領有中のLv.2都市 #523(749,349)を攻撃し、陣営のために破壊宝箱×5を勝ち取りました"
#480,g-10,449,649,2026-6-10 12:14:3,#440,GcC,RCON,3,blue,ally,range01_frame_000462.png,230.5,"#440[GcC]が#480[RCON]領有中のLv.3都市 #480(449,649)を攻撃し、陣営のために破壊宝箱×10を勝ち取りました"
#480,i-8,349,849,2026-6-10 12:14:3,#509,BHE,RCON,1,blue,ally,range01_frame_000462.png,230.5,"#509[BHE]が#480[RCON]領有中のLv.1都市 #480(349,849)を攻撃し、陣営のために破壊宝箱×2を勝ち取りました"
#523,d-16,749,349,2026-6-10 12:14:10,#440,GoDs,5DU,2,blue,ally,range01_frame_000464.png,231.5,"#440[GoDs]が#523[5DU]領有中のLv.2都市 #523(749,349)を攻撃し、陣営のために破壊宝箱×5を勝ち取りました"
#480,g-10,449,649,2026-6-10 12:14:30,#440,GcC,RCON,3,blue,ally,range01_frame_000464.png,231.5,"#440[GcC]が#480[RCON]領有中のLv.3都市 #480(449,649)を攻撃し、陣営のために破壊宝箱×10を勝ち取りました"
#480,i-8,349,849,2026-6-10 12:14:30,#509,BHE,RCON,1,blue,ally,range01_frame_000464.png,231.5,"#509[BHE]が#480[RCON]領有中のLv.1都市 #480(349,849)を攻撃し、陣営のために破壊宝箱×2を勝ち取りました"
#523,g-14,649,649,2026-6-10 12:14:30,#509,FHX,WUG,3,blue,ally,range01_frame_000464.png,231.5,"#509[FHX]が#523[WUG]領有中のLv.3都市 #523(649,649)を攻撃し、陣営のために破壊宝箱×10を勝ち取りました"
#440,g-12,549,649,2026-6-10 12:18:00,#503,Lghs,BAJ,3,red,enemy,range01_frame_000464.png,231.5,"#503[Lghs]が#440[BAJ]領有中のLv.3都市 #440(549,649)を攻撃し、陣営のために破壊宝箱×10を勝ち取りました"
#523,e-8,349,449,2026-6-10 12:18:10,#509,SsQ,EDFS,3,blue,ally,range01_frame_000465.png,231.5,"#509[SsQ]が#523[EDFS]領有中のLv.3都市 #523(349,449)を攻撃し、陣営のために破壊宝箱×10を勝ち取りました"
#480,i-8,349,849,2026-6-10 12:14:3,#509,BHE,RCON,1,blue,ally,range01_frame_000466.png,232.5,"#509[BHE]が#480[RCON]領有中のLv.1都市 #480(349,849)を攻撃し、陣営のために破壊宝箱×2を勝ち取りました"
#523,g-14,649,649,2026-6-10 12:14:3,#509,FHX,WUG,3,blue,ally,range01_frame_000466.png,232.5,"#509[FHX]が#523[WUG]領有中のLv.3都市 #523(649,649)を攻撃し、陣営のために破壊宝箱×10を勝ち取りました"
#440,g-12,549,649,2026-6-10 12:18:0,#503,Lghs,BAJ,3,red,enemy,range01_frame_000466.png,232.5,"#503[Lghs]が#440[BAJ]領有中のLv.3都市 #440(549,649)を攻撃し、陣営のために破壊宝箱×10を勝ち取りました"
#523,e-8,349,449,2026-6-10 12:18:10,#509,SsQ,EDFS,3,blue,ally,range01_frame_000466.png,232.5,"#509[SsQ]が#523[EDFS]領有中のLv.3都市 #523(349,449)を攻撃し、陣営のために破壊宝箱×10を勝ち取りました"
#440,b-6,249,149,2026-6-10 12:19:4,#476,476M,,1,red,enemy,range01_frame_000466.png,232.5,"#476[476M]が#440領有中のLv.1都市 #440(249,149)を攻撃し、陣営のために破壊宝箱×2を勝ち取りました"
#480,i-8,349,849,2026-6-10 12:14:3,#509,BHE,RCON,1,blue,ally,range01_frame_000468.png,233.5,"#509[BHE]が#480[RCON]領有中のLv.1都市 #480(349,849)を攻撃し、陣営のために破壊宝箱×2を勝ち取りました"
#523,g-14,649,649,2026-6-10 12:14:3,#509,FHX,WUG,3,blue,ally,range01_frame_000468.png,233.5,"#509[FHX]が#523[WUG]領有中のLv.3都市 #523(649,649)を攻撃し、陣営のために破壊宝箱×10を勝ち取りました"
#440,g-12,549,649,2026-6-10 12:18:0,#503,Lghs,BAJ,3,red,enemy,range01_frame_000468.png,233.5,"#503[Lghs]が#440[BAJ]領有中のLv.3都市 #440(549,649)を攻撃し、陣営のために破壊宝箱×10を勝ち取りました"
#523,e-8,349,449,2026-6-10 12:18:1,#509,SsQ,EDFS,3,blue,ally,range01_frame_000468.png,233.5,"#509[SsQ]が#523[EDFS]領有中のLv.3都市 #523(349,449)を攻撃し、陣営のために破壊宝箱×10を勝ち取りました"
#440,b-6,249,149,2026-6-10 12:19:4,#476,476M,,1,red,enemy,range01_frame_000468.png,233.5,"#476[476M]が#440領有中のLv.1都市 #440(249,149)を攻撃し、陣営のために破壊宝箱×2を勝ち取りました"
#480,i-8,349,849,2026-6-10 12:14:3,#509,BHE,RCON,1,unknown,unknown,range01_frame_000470.png,234.5,"#509[BHE]が#480[RCON]頑有中のLv.1都市 #480(349,849)を攻撃し、陣営のために破壊宝箱×2を勝ち取りました"
#523,g-14,649,649,2026-6-10 12:14:3,#509,FHX,WUG,3,unknown,unknown,range01_frame_000470.png,234.5,"#509[FHX]が#523[WUG]領有中のLv.3都市 #523(649,649)を攻撃し、陣営のために破壊宝箱×10を勝ち取りました"
#440,g-12,549,649,2026-6-10 12:18:0,#503,Lghs,BAJ,3,red,enemy,range01_frame_000470.png,234.5,"#503[Lghs]が#440[BAJ]領有中のLv.3都市 #440(549,649)を攻撃し、陣営のために破壊宝箱×10を勝ち取りました"
#523,e-8,349,449,2026-6-10 12:18:1,#509,SsQ,EDFS,3,unknown,unknown,range01_frame_000470.png,234.5,"#509[SsQ]が#523[EDFS]領有中のLv.3都市 #523(349,449)を攻撃し、陣営のために破壊宝箱×10を勝ち取りました"
#440,b-6,249,149,2026-6-10 12:19:4,#476,476M,,1,red,enemy,range01_frame_000470.png,234.5,"#476[476M]が#440領有中のLv.1都市 #440(249,149)を攻撃し、陣営のために破壊宝箱×2を勝ち取りました"
#511,c-18,849,249,2026-6-10 12:20:0,#480,AA0A,DaNG,1,red,enemy,range01_frame_000471.png,234.5,"#480[AA0A]が#511[DaNG]領有中のLv.1都市 #511(849,249)を攻撃し、陣営のために破壊宝箱×2を勝ち取りました"
#534,g-6,249,649,2026-6-10 12:20:0,#476,476C,4tH,2,red,enemy,range01_frame_000471.png,234.5,"#476[476C]が#534[4tH]領有中のLv.2都市 #534(249,649)を攻撃し、陣営のために破壊宝箱×5を勝ち取りました"
#523,e-8,349,449,2026-6-10 12:18:10,#509,5sQ,EDFS,3,blue,ally,range01_frame_000472.png,235.5,"#509[5sQ]が#523[EDFS]領有中のLv.3都市 #523(349,449)を攻撃し、陣営のために破壊宝箱×10を勝ち取りました"
#440,b-6,249,149,2026-6-10 12:19:40,#476,476M,,1,red,enemy,range01_frame_000472.png,235.5,"#476[476M]が#440領有中のLv.1都市 #440(249,149)を攻撃し、陣営のために破壊宝箱×2を勝ち取りました"
#511,c-18,849,249,2026-6-10 12:20:00,#480,AA0A,DaNG,1,red,enemy,range01_frame_000472.png,235.5,"#480[AA0A]が#511[DaNG]領有中のLv.1都市 #511(849,249)を攻撃し、陣営のために破壊宝箱×2を勝ち取りました"
#534,g-6,249,649,2026-6-10 12:20:55,#476,476C,4tH,2,red,enemy,range01_frame_000472.png,235.5,"#476[476C]が#534[4tH]領有中のLv.2都市 #534(249,649)を攻撃し、陣営のために破壊宝箱×5を勝ち取りました"
#440,c-6,249,249,2026-6-10 12:22:20,#476,476M,IMp,2,red,enemy,range01_frame_000472.png,235.5,"#476[476M]が#440[IMp]領有中のLv.2都市 #440(249,249)を攻撃し、陣営のために破壊宝箱×5を勝ち取りました"
#440,d-12,549,349,2026-6-10 12:20:55,#476,476B,BAJ,3,red,enemy,range01_frame_000473.png,235.5,"#476[476B]が#440[BAJ]領有中のLv.3都市 #440(549,349)を攻撃し、陣営のために破壊宝箱×10を勝ち取りました"
#511,c-18,849,249,2026-6-10 12:20:0,#480,AAOA,DaNG,1,red,enemy,range01_frame_000474.png,236.5,"#480[AAOA]が#511[DaNG]領有中のLv.1都市 #511(849,249)を攻撃し、陣営のために破壊宝箱×2を勝ち取りました"
#534,g-6,249,649,2026-6-10 12:20:5,#476,476C,4tH,2,red,enemy,range01_frame_000474.png,236.5,"#476[476C]が#534[4tH]領有中のLv.2都市 #534(249,649)を攻撃し、陣営のために破壊宝箱×5を勝ち取りました"
#440,c-6,249,249,2026-6-10 12:22:2,#476,476M,IMp,2,red,enemy,range01_frame_000474.png,236.5,"#476[476M]が#440[IMp]領有中のLv.2都市 #440(249,249)を攻撃し、陣営のために破壊宝箱×5を勝ち取りました"
#440,d-12,549,349,2026-6-10 12:26:2,#476,476B,BAJ,3,red,enemy,range01_frame_000474.png,236.5,"#476[476B]が#440[BAJ]領有中のLv.3都市 #440(549,349)を攻撃し、陣営のために破壊宝箱×10を勝ち取りました"
#523,e-6,249,449,,#534,JDX,u3o,2,blue,ally,range01_frame_000474.png,236.5,"#534[JDX]が#523[u3o]領有中のLv.2都市 #523(249,449)を攻撃し、陣営のために破壊宝箱×5を勝ち取りました"
#511,c-18,849,249,2026-6-10 12:20:05,#480,AA0A,DaNG,1,red,enemy,range01_frame_000476.png,237.5,"#480[AA0A]が#511[DaNG]領有中のLv.1都市 #511(849,249)を攻撃し、陣営のために破壊宝箱×2を勝ち取りました"
#534,g-6,249,649,2026-6-10 12:20:55,#476,476C,4tH,2,red,enemy,range01_frame_000476.png,237.5,"#476[476C]が#534[4tH]領有中のLv.2都市 #534(249,649)を攻撃し、陣営のために破壊宝箱×5を勝ち取りました"
#440,c-6,249,249,2026-6-10 12:22:22,#476,476M,IMp,2,red,enemy,range01_frame_000476.png,237.5,"#476[476M]が#440[IMp]領有中のLv.2都市 #440(249,249)を攻撃し、陣営のために破壊宝箱×5を勝ち取りました"
#440,d-12,549,349,2026-6-10 12:26:22,#476,476B,BAJ,3,red,enemy,range01_frame_000476.png,237.5,"#476[476B]が#440[BAJ]領有中のLv.3都市 #440(549,349)を攻撃し、陣営のために破壊宝箱×10を勝ち取りました"
#523,e-6,249,449,,#534,JDX,u3o,2,blue,ally,range01_frame_000476.png,237.5,"#534[JDX]が#523[u3o]領有中のLv.2都市 #523(249,449)を攻撃し、陣営のために破壊宝箱×5を勝ち取りました"
#511,c-18,849,249,2026-6-10 12:20:05,#480,AA0A,DaNG,1,red,enemy,range01_frame_000477.png,237.5,"#480[AA0A]が#511[DaNG]領有中のLv.1都市 #511(849,249)を攻撃し、陣営のために破壊宝箱×2を勝ち取りました"
#534,g-6,249,649,2026-6-10 12:20:55,#476,476C,4tH,2,red,enemy,range01_frame_000477.png,237.5,"#476[476C]が#534[4tH]領有中のLv.2都市 #534(249,649)を攻撃し、陣営のために破壊宝箱×5を勝ち取りました"
#440,c-6,249,249,2026-6-10 12:22:22,#476,476M,IMp,2,red,enemy,range01_frame_000477.png,237.5,"#476[476M]が#440[IMp]領有中のLv.2都市 #440(249,249)を攻撃し、陣営のために破壊宝箱×5を勝ち取りました"
#440,d-12,549,349,2026-6-10 12:26:22,#476,476B,BAJ,3,red,enemy,range01_frame_000477.png,237.5,"#476[476B]が#440[BAJ]領有中のLv.3都市 #440(549,349)を攻撃し、陣営のために破壊宝箱×10を勝ち取りました"
#523,e-6,249,449,,#534,JDX,u3o,2,blue,ally,range01_frame_000477.png,237.5,"#534[JDX]が#523[u3o]領有中のLv.2都市 #523(249,449)を攻撃し、陣営のために破壊宝箱×5を勝ち取りました"
#534,g-6,249,649,2026-6-10 12:20:55,#476,476C,4th,2,red,enemy,range01_frame_000478.png,238.5,"#476[476C]が#534[4th]領有中のLv.2都市 #534(249,649)を攻撃し、陣営のために破壊宝箱×5を勝ち取りました"
#440,c-6,249,249,2026-6-10 12:22:22,#476,476M,IMp,2,red,enemy,range01_frame_000478.png,238.5,"#476[476M]が#440[IMp]領有中のLv.2都市 #440(249,249)を攻撃し、陣営のために破壊宝箱×5を勝ち取りました"
#440,d-12,549,349,2026-6-10 12:26:2,#476,476B,BAJ,3,red,enemy,range01_frame_000478.png,238.5,"#476[476B]が#440[BAJ]領有中のLv.3都市 #440(549,349)を攻撃し、陣営のために破壊宝箱×10を勝ち取りました"
#523,e-6,249,449,2026-6-10 12:27:00,#534,JDX,u3o,2,blue,ally,range01_frame_000478.png,238.5,"#534[JDX]が#523[u3o]領有中のLv.2都市 #523(249,449)を攻撃し、陣営のために破壊宝箱×5を勝ち取りました"
#440,e-14,649,449,2026-6-10 12:33:1,#476,476A,GcC,3,red,enemy,range01_frame_000479.png,238.5,"#476[476A]が#440[GcC]領有中のLv.3都市 #440(649,449)を攻撃し、陣営のために破壊宝箱×10を勝ち取りました"
#440,g-18,849,649,2026-6-10 12:??:??,#503,299,TrX,1,red,enemy,range01_frame_000479.png,238.5,"#503[299]が#440[TrX]領有中のLv.1都市 #440(849,649)を攻撃し、陣営のために破壊宝箱×2を勝ち取りました"
#440,d-12,549,349,2026-6-10 12:26:2,#476,476B,BAJ,3,red,enemy,range01_frame_000480.png,239.5,"#476[476B]が#440[BAJ]領有中のLv.3都市 #440(549,349)を攻撃し、陣営のために破壊宝箱×10を勝ち取りました"
#523,e-6,249,449,2026-6-10 12:27:0,#534,JDX,u3o,2,blue,ally,range01_frame_000480.png,239.5,"#534[JDX]が#523[u3o]領有中のLv.2都市 #523(249,449)を攻撃し、陣営のために破壊宝箱×5を勝ち取りました"
#440,e-14,649,449,2026-6-10 12:33:1,#476,476A,GcC,3,red,enemy,range01_frame_000480.png,239.5,"#476[476A]が#440[GcC]領有中のLv.3都市 #440(649,449)を攻撃し、陣営のために破壊宝箱×10を勝ち取りました"
#440,g-18,849,649,2026-6-10 12:39:3,#503,299,TrX,1,red,enemy,range01_frame_000480.png,239.5,"#503[299]が#440[TrX]領有中のLv.1都市 #440(849,649)を攻撃し、陣営のために破壊宝箱×2を勝ち取りました"
#511,h-18,849,749,2026-6-10 12:40:5,#480,AA0A,SVa,1,red,enemy,range01_frame_000480.png,239.5,"#480[AA0A]が#511[SVa]領有中のLv.1都市 #511(849,749)を攻撃し、陣営のために破壊宝箱×2を勝ち取りました"
#523,e-6,249,449,2026-6-10 12:27:0,#534,JDX,u3o,2,blue,ally,range01_frame_000481.png,239.5,"#534[JDX]が#523[u3o]領有中のLv.2都市 #523(249,449)を攻撃し、陣営のために破壊宝箱×5を勝ち取りました"
#440,e-14,649,449,2026-6-10 12:33:1,#476,476A,GcC,3,red,enemy,range01_frame_000481.png,239.5,"#476[476A]が#440[GcC]領有中のLv.3都市 #440(649,449)を攻撃し、陣営のために破壊宝箱×10を勝ち取りました"
#440,g-18,849,649,2026-6-10 12:39:3,#503,299,TrX,1,red,enemy,range01_frame_000481.png,239.5,"#503[299]が#440[TrX]領有中のLv.1都市 #440(849,649)を攻撃し、陣営のために破壊宝箱×2を勝ち取りました"
#511,h-18,849,749,2026-6-10 12:40:5,#480,AA0A,SVa,1,red,enemy,range01_frame_000481.png,239.5,"#480[AA0A]が#511[SVa]領有中のLv.1都市 #511(849,749)を攻撃し、陣営のために破壊宝箱×2を勝ち取りました"
#440,c-8,349,249,2026-6-10 12:4? ?,#476,476Z,,2,red,enemy,range01_frame_000481.png,239.5,"#476[476Z]が#440領有中のLv.2都市 #440(349,249)を攻撃し、陣営のために破壊宝箱×5を勝ち取りました"
#523,e-6,249,449,2026-6-10 12:27:00,#534,JDX,u3o,2,blue,ally,range01_frame_000482.png,240.5,"#534[JDX]が#523[u3o]領有中のLv.2都市 #523(249,449)を攻撃し、陣営のために破壊宝箱×5を勝ち取りました"
#440,e-14,649,449,2026-6-10 12:33:1,#476,476A,GcC,3,red,enemy,range01_frame_000482.png,240.5,"#476[476A]が#440[GcC]領有中のLv.3都市 #440(649,449)を攻撃し、陣営のために破壊宝箱×10を勝ち取りました"
#440,g-18,849,649,2026-6-10 12:39:3,#503,299,TrX,1,red,enemy,range01_frame_000482.png,240.5,"#503[299]が#440[TrX]領有中のLv.1都市 #440(849,649)を攻撃し、陣営のために破壊宝箱×2を勝ち取りました"
#511,h-18,849,749,2026-6-10 12:40:5,#480,AA0A,SVa,1,red,enemy,range01_frame_000482.png,240.5,"#480[AA0A]が#511[SVa]領有中のLv.1都市 #511(849,749)を攻撃し、陣営のために破壊宝箱×2を勝ち取りました"
#440,c-8,349,249,2026-6-10 12:41:0,#476,476Z,,2,red,enemy,range01_frame_000482.png,240.5,"#476[476Z]が#440領有中のLv.2都市 #440(349,249)を攻撃し、陣営のために破壊宝箱×5を勝ち取りました"
#523,e-6,249,449,2026-6-10 12:27:00,#534,JDX,u3o,2,blue,ally,range01_frame_000483.png,240.5,"#534[JDX]が#523[u3o]領有中のLv.2都市 #523(249,449)を攻撃し、陣営のために破壊宝箱×5を勝ち取りました"
#440,e-14,649,449,2026-6-10 12:33:1,#476,476A,GcC,3,red,enemy,range01_frame_000483.png,240.5,"#476[476A]が#440[GcC]領有中のLv.3都市 #440(649,449)を攻撃し、陣営のために破壊宝箱×10を勝ち取りました"
#440,g-18,849,649,2026-6-10 12:39:3,#503,299,TrX,1,red,enemy,range01_frame_000483.png,240.5,"#503[299]が#440[TrX]領有中のLv.1都市 #440(849,649)を攻撃し、陣営のために破壊宝箱×2を勝ち取りました"
#511,h-18,849,749,2026-6-10 12:40:5,#480,AA0A,SVa,1,red,enemy,range01_frame_000483.png,240.5,"#480[AA0A]が#511[SVa]領有中のLv.1都市 #511(849,749)を攻撃し、陣営のために破壊宝箱×2を勝ち取りました"
#440,c-8,349,249,2026-6-10 12:41:0,#476,476Z,,2,red,enemy,range01_frame_000483.png,240.5,"#476[476Z]が#440領有中のLv.2都市 #440(349,249)を攻撃し、陣営のために破壊宝箱×5を勝ち取りました"
#440,h-16,749,749,2026-6-10 12:41:0,#503,Stj,TaU,2,red,enemy,range01_frame_000483.png,240.5,"#503[Stj]が#440[TaU]領有中のLv.2都市 #440(749,749)を攻撃し、陣営のために破壊宝箱×5を勝ち取りました"
#440,e-14,649,449,2026-6-10 12:33:10,#476,476A,GcC,3,red,enemy,range01_frame_000484.png,241.5,"#476[476A]が#440[GcC]領有中のLv.3都市 #440(649,449)を攻撃し、陣営のために破壊宝箱×10を勝ち取りました"
#440,g-18,849,649,2026-6-10 12:39:30,#503,299,TrX,1,red,enemy,range01_frame_000484.png,241.5,"#503[299]が#440[TrX]領有中のLv.1都市 #440(849,649)を攻撃し、陣営のために破壊宝箱×2を勝ち取りました"
#511,h-18,849,749,2026-6-10 12:40:50,#480,AA0A,SVa,1,red,enemy,range01_frame_000484.png,241.5,"#480[AA0A]が#511[SVa]領有中のLv.1都市 #511(849,749)を攻撃し、陣営のために破壊宝箱×2を勝ち取りました"
#440,c-8,349,249,2026-6-10 12:41:00,#476,476Z,,2,blue,ally,range01_frame_000484.png,241.5,"#476[476Z]が#440領有中のLv.2都市 #440(349,249)を攻撃し、陣営のために破壊宝箱×5を勝ち取りました"
#440,e-14,649,449,2026-6-10 12:33:10,#476,476A,GcC,3,red,enemy,range01_frame_000485.png,241.5,"#476[476A]が#440[GcC]領有中のLv.3都市 #440(649,449)を攻撃し、陣営のために破壊宝箱×10を勝ち取りました"
#440,g-18,849,649,2026-6-10 12:39:30,#503,299,TrX,1,red,enemy,range01_frame_000485.png,241.5,"#503[299]が#440[TrX]領有中のLv.1都市 #440(849,649)を攻撃し、陣営のために破壊宝箱×2を勝ち取りました"
#511,h-18,849,749,2026-6-10 12:40:50,#480,AA0A,SVa,1,red,enemy,range01_frame_000485.png,241.5,"#480[AA0A]が#511[SVa]領有中のLv.1都市 #511(849,749)を攻撃し、陣営のために破壊宝箱×2を勝ち取りました"
#440,c-8,349,249,2026-6-10 12:41:00,#476,476Z,,2,blue,ally,range01_frame_000485.png,241.5,"#476[476Z]が#440領有中のLv.2都市 #440(349,249)を攻撃し、陣営のために破壊宝箱×5を勝ち取りました"
#440,h-16,749,749,2026-6-10 12:42:40,#503,Stj,TaW,2,red,enemy,range01_frame_000485.png,241.5,"#503[Stj]が#440[TaW]領有中のLv.2都市 #440(749,749)を攻撃し、陣営のために破壊宝箱×5を勝ち取りました"
#440,g-18,849,649,2026-6-10 12:39:3,#503,299,Trx,1,red,enemy,range01_frame_000486.png,242.5,"#503[299]が#440[Trx]領有中のLv.1都市 #440(849,649)を攻撃し、陣営のために破壊宝箱×2を勝ち取りました"
#511,h-18,849,749,2026-6-10 12:40:5,#480,AA0A,SVa,1,red,enemy,range01_frame_000486.png,242.5,"#480[AA0A]が#511[SVa]領有中のLv.1都市 #511(849,749)を攻撃し、陣営のために破壊宝箱×2を勝ち取りました"
#440,c-8,349,249,2026-6-10 12:41:0,#476,476Z,,2,blue,ally,range01_frame_000486.png,242.5,"#476[476Z]が#440領有中のLv.2都市 #440(349,249)を攻撃し、陣営のために破壊宝箱×5を勝ち取りました"
#440,h-16,749,749,2026-6-10 12:42:4,#503,Stj,TaW,2,red,enemy,range01_frame_000486.png,242.5,"#503[Stj]が#440[TaW]領有中のLv.2都市 #440(749,749)を攻撃し、陣営のために破壊宝箱×5を勝ち取りました"
#534,g-18,849,649,2026-6-10 12:43:4,#503,fzn,nol,1,red,enemy,range01_frame_000486.png,242.5,"#503[fzn]が#534[nol]領有中のLv.1都市 #534(849,649)を攻撃し、陣営のために破壊宝箱×2を勝ち取りました"
#440,b-8,349,149,2026-6-10 12:44:2,#476,476Z,,1,blue,ally,range01_frame_000486.png,242.5,"#476[476Z]が#440領有中のLv.1都市 #440(349,149)を攻撃し、陣営のために破壊宝箱×2を勝ち取りました"
#511,h-18,849,749,2026-6-10 12:40:5,#480,AA0A,SVa,1,red,enemy,range01_frame_000487.png,242.5,"#480[AA0A]が#511[SVa]領有中のLv.1都市 #511(849,749)を攻撃し、陣営のために破壊宝箱×2を勝ち取りました"
#440,c-8,349,249,2026-6-10 12:41:0,#476,476Z,,2,blue,ally,range01_frame_000487.png,242.5,"#476[476Z]が#440領有中のLv.2都市 #440(349,249)を攻撃し、陣営のために破壊宝箱×5を勝ち取りました"
#440,h-16,749,749,2026-6-10 12:42:4,#503,Stj,TaW,2,red,enemy,range01_frame_000487.png,242.5,"#503[Stj]が#440[TaW]領有中のLv.2都市 #440(749,749)を攻撃し、陣営のために破壊宝箱×5を勝ち取りました"
#534,g-18,849,649,2026-6-10 12:43:4,#503,fzn,nol,1,red,enemy,range01_frame_000487.png,242.5,"#503[fzn]が#534[nol]領有中のLv.1都市 #534(849,649)を攻撃し、陣営のために破壊宝箱×2を勝ち取りました"
#440,b-8,349,149,2026-6-10 12:44:2,#476,476Z,,1,blue,ally,range01_frame_000487.png,242.5,"#476[476Z]が#440領有中のLv.1都市 #440(349,149)を攻撃し、陣営のために破壊宝箱×2を勝ち取りました"
#534,h-20,949,749,2026-6-10 12:45:,#503,xjR,nol,1,red,enemy,range01_frame_000487.png,242.5,"#503[xjR]が#534[nol]領有中のLv.1都市 #534(949,749)を攻撃し、陣営のために破壊宝箱×2を勝ち取りました"
#440,h-16,749,749,2026-6-10 12:42:4,#503,Sti,TaU,2,red,enemy,range01_frame_000488.png,243.5,"#503[Sti]が#440[TaU]領有中のLv.2都市#440(749,749)を攻撃し、陣営のために破壊宝箱×5を勝ち取りました"
#534,g-18,849,649,2026-6-10 12:43:4,#503,fzn,nol,1,red,enemy,range01_frame_000488.png,243.5,"#503[fzn]が#534[nol]領有中のLv.1都市#534(849,649)を攻撃し、陣営のために破壊宝箱×2を勝ち取りました"
#440,b-8,349,149,2026-6-10 12:44:2,#476,476Z,,1,red,enemy,range01_frame_000488.png,243.5,"#476[476Z]が#440領有中のLv.1都市#440(349,149)を攻撃し、陣営のために破壊宝箱×2を勝ち取りました"
#534,h-20,949,749,2026-6-10 12:44:4,#503,xjR,nol,1,red,enemy,range01_frame_000488.png,243.5,"#503[xjR]が#534[nol]領有中のLv.1都市#534(949,749)を攻撃し、陣営のために破壊宝箱×2を勝ち取りました"
#534,e-20,949,449,2026-6-10 12:44:4,#503,one,89M,1,red,enemy,range01_frame_000488.png,243.5,"#503[one]が#534[89M]領有中のLv.1都市#534(949,449)を攻撃し、陣営のために破壊宝箱×2を勝ち取りました"
#440,h-16,749,749,2026-6-10 12:42:4,#503,Sti,TaU,2,red,enemy,range01_frame_000489.png,243.5,"#503[Sti]が#440[TaU]領有中のLv.2都市#440(749,749)を攻撃し、陣営のために破壊宝箱×5を勝ち取りました"
#534,g-18,849,649,2026-6-10 12:43:4,#503,fzn,nol,1,red,enemy,range01_frame_000489.png,243.5,"#503[fzn]が#534[nol]領有中のLv.1都市#534(849,649)を攻撃し、陣営のために破壊宝箱×2を勝ち取りました"
#440,b-8,349,149,2026-6-10 12:44:2,#476,476Z,,1,red,enemy,range01_frame_000489.png,243.5,"#476[476Z]が#440領有中のLv.1都市#440(349,149)を攻撃し、陣営のために破壊宝箱×2を勝ち取りました"
#534,h-20,949,749,2026-6-10 12:44:4,#503,xjR,nol,1,red,enemy,range01_frame_000489.png,243.5,"#503[xjR]が#534[nol]領有中のLv.1都市#534(949,749)を攻撃し、陣営のために破壊宝箱×2を勝ち取りました"
#534,e-20,949,449,2026-6-10 12:44:4,#503,one,89M,1,red,enemy,range01_frame_000489.png,243.5,"#503[one]が#534[89M]領有中のLv.1都市#534(949,449)を攻撃し、陣営のために破壊宝箱×2を勝ち取りました"
#534,g-18,849,649,2026-6-10 12:43:4,#503,fzn,nol,1,red,enemy,range01_frame_000490.png,244.5,"#503[fzn]が#534[nol]領有中のLv.1都市 #534(849,649)を攻撃し、陣営のために破壊宝箱×2を勝ち取りました"
#440,b-8,349,149,2026-6-10 12:44:2,#476,476Z,,1,blue,ally,range01_frame_000490.png,244.5,"#476[476Z]が#440領有中のLv.1都市 #440(349,149)を攻撃し、陣営のために破壊宝箱×2を勝ち取りました"
#534,h-20,949,749,2026-6-10 12:44:4,#503,xjR,nol,1,red,enemy,range01_frame_000490.png,244.5,"#503[xjR]が#534[nol]領有中のLv.1都市 #534(949,749)を攻撃し、陣営のために破壊宝箱×2を勝ち取りました"
#534,e-20,949,449,2026-6-10 12:55:2,#503,one,89M,1,red,enemy,range01_frame_000490.png,244.5,"#503[one]が#534[89M]領有中のLv.1都市 #534(949,449)を攻撃し、陣営のために破壊宝箱×2を勝ち取りました"
#440,e-16,749,449,2026-6-10 12:55:2,#503,Stj,TaW,2,red,enemy,range01_frame_000490.png,244.5,"#503[Stj]が#440[TaW]領有中のLv.2都市 #440(749,449)を攻撃し、陣営のために破壊宝箱×5を勝ち取りました"
#440,b-8,349,149,2026-6-10 12:43:4,#476,476Z,,1,red,enemy,range01_frame_000492.png,245.5,"#476[476Z]が#440領有中のLv.1都市#440(349,149)を攻撃し、陣営のために破壊宝箱×2を勝ち取りました"
#534,h-20,949,749,2026-6-10 12:44:2,#503,xjR,noI,1,red,enemy,range01_frame_000492.png,245.5,"#503[xjR]が#534[noI]領有中のLv.1都市#534(949,749)を攻撃し、陣営のために破壊宝箱×2を勝ち取りました"
#534,e-20,949,449,2026-6-10 12:55:2,#503,one,89M,1,red,enemy,range01_frame_000492.png,245.5,"#503[one]が#534[89M]領有中のLv.1都市#534(949,449)を攻撃し、陣営のために破壊宝箱×2を勝ち取りました"
#440,e-16,749,449,2026-6-10 12:56:1,#503,Stj,TaU,2,red,enemy,range01_frame_000492.png,245.5,"#503[Stj]が#440[TaU]領有中のLv.2都市#440(749,449)を攻撃し、陣営のために破壊宝箱×5を勝ち取りました"
#440,a-6,249,49,2026-6-10 17:33:2,#523,K4TR,,1,red,enemy,range01_frame_000492.png,245.5,"#523[K4TR]が#440領有中のLv.1都市#440(249,49)を攻撃し、陣営のために破壊宝箱×2を勝ち取りました"
#534,h-20,949,749,2026-6-10 12:44:4,#503,xjR,noI,1,red,enemy,range01_frame_000493.png,245.5,"#503[xjR]が#534[noI]領有中のLv.1都市#534(949,749)を攻撃し、陣営のために破壊宝箱×2を勝ち取りました"
#534,e-20,949,449,2026-6-10 12:55:2,#503,one,89M,1,red,enemy,range01_frame_000493.png,245.5,"#503[one]が#534[89M]領有中のLv.1都市#534(949,449)を攻撃し、陣営のために破壊宝箱×2を勝ち取りました"
#440,e-16,749,449,2026-6-10 12:56:1,#503,Stj,TaU,2,red,enemy,range01_frame_000493.png,245.5,"#503[Stj]が#440[TaU]領有中のLv.2都市#440(749,449)を攻撃し、陣営のために破壊宝箱×5を勝ち取りました"
#440,a-6,249,49,2026-6-10 17:33:2,#523,K4TR,,1,red,enemy,range01_frame_000493.png,245.5,"#523[K4TR]が#440領有中のLv.1都市#440(249,49)を攻撃し、陣営のために破壊宝箱×2を勝ち取りました"
#480,e-2,49,449,2026-6-10 20:02:0,#534,n09,PmP,1,blue,ally,range01_frame_000493.png,245.5,"#534[n09]が#480[PmP]領有中のLv.1都市#480(49,449)を攻撃し、陣営のために破壊宝箱×2を勝ち取りました"
#534,e-20,949,449,2026-6-10 12:44:44,#503,one,89M,1,red,enemy,range01_frame_000494.png,246.5,"#503[one]が#534[89M]領有中のLv.1都市#534(949,449)を攻撃し、陣営のために破壊宝箱×2を勝ち取りました"
#440,e-16,749,449,2026-6-10 12:55:2,#503,Stj,TaU,2,red,enemy,range01_frame_000494.png,246.5,"#503[Stj]が#440[TaU]領有中のLv.2都市#440(749,449)を攻撃し、陣営のために破壊宝箱×5を勝ち取りました"
#440,a-6,249,49,2026-6-10 17:33:2,#523,K4TR,,1,red,enemy,range01_frame_000494.png,246.5,"#523[K4TR]が#440領有中のLv.1都市#440(249,49)を攻撃し、陣営のために破壊宝箱×2を勝ち取りました"
#480,e-2,49,449,2026-6-10 20:02:0,#534,n09,PmP,1,blue,ally,range01_frame_000494.png,246.5,"#534[n09]が#480[PmP]領有中のLv.1都市#480(49,449)を攻撃し、陣営のために破壊宝箱×2を勝ち取りました"
#534,g-10,449,649,2026-6-10 20:02:2,#476,476X,n09,3,red,enemy,range01_frame_000494.png,246.5,"#476[476X]が#534[n09]領有中のLv.3都市#534(449,649)を攻撃し、陣営のために破壊宝箱×10を勝ち取りました"
#440,e-16,749,449,2026-6-10 12:56:1,#503,Stj,TaU,2,red,enemy,range01_frame_000495.png,246.5,"#503[Stj]が#440[TaU]領有中のLv.2都市#440(749,449)を攻撃し、陣営のために破壊宝箱×5を勝ち取りました"
#440,a-6,249,49,2026-6-10 17:33:2,#523,K4TR,,1,red,enemy,range01_frame_000495.png,246.5,"#523[K4TR]が#440領有中のLv.1都市#440(249,49)を攻撃し、陣営のために破壊宝箱×2を勝ち取りました"
#480,e-2,49,449,2026-6-10 20:02:0,#534,n09,PmP,1,blue,ally,range01_frame_000495.png,246.5,"#534[n09]が#480[PmP]領有中のLv.1都市#480(49,449)を攻撃し、陣営のために破壊宝箱×2を勝ち取りました"
#534,g-10,449,649,2026-6-10 20:02:2,#476,476X,n09,3,red,enemy,range01_frame_000495.png,246.5,"#476[476X]が#534[n09]領有中のLv.3都市#534(449,649)を攻撃し、陣営のために破壊宝箱×10を勝ち取りました"
#534,e-8,349,449,2026-6-10 20:02:5,#476,476d,4tH,3,red,enemy,range01_frame_000495.png,246.5,"#476[476d]が#534[4tH]領有中のLv.3都市#534(349,449)を攻撃し、陣営のために破壊宝箱×10を勝ち取りました"
#440,a-6,249,49,2026-6-10 12:56:1,#523,K4TR,,1,red,enemy,range01_frame_000496.png,247.5,"#523[K4TR]が#440領有中のLv.1都市 #440(249,49)を攻撃し、陣営のために破壊宝箱×2を勝ち取りました"
#480,e-2,49,449,2026-6-10 20:02:0,#534,n09,PmP,1,blue,ally,range01_frame_000496.png,247.5,"#534[n09]が#480[PmP]領有中のLv.1都市 #480(49,449)を攻撃し、陣営のために破壊宝箱×2を勝ち取りました"
#534,g-10,449,649,2026-6-10 20:02:2,#476,476X,n09,3,red,enemy,range01_frame_000496.png,247.5,"#476[476X]が#534[n09]領有中のLv.3都市 #534(449,649)を攻撃し、陣営のために破壊宝箱×10を勝ち取りました"
#534,e-8,349,449,2026-6-10 20:02:5,#476,476d,4tH,3,red,enemy,range01_frame_000496.png,247.5,"#476[476d]が#534[4tH]領有中のLv.3都市 #534(349,449)を攻撃し、陣営のために破壊宝箱×10を勝ち取りました"
#511,e-20,949,449,2026-6-10 20:02:5,#476,476K,DaNG,1,red,enemy,range01_frame_000496.png,247.5,"#476[476K]が#511[DaNG]領有中のLv.1都市 #511(949,449)を攻撃し、陣営のために破壊宝箱×2を勝ち取りました"
#440,a-6,249,49,2026-6-10 12:56:1,#523,K4TR,,1,red,enemy,range01_frame_000497.png,247.5,"#523[K4TR]が#440領有中のLv.1都市 #440(249,49)を攻撃し、陣営のために破壊宝箱×2を勝ち取りました"
#480,e-2,49,449,2026-6-10 20:02:0,#534,n09,PmP,1,blue,ally,range01_frame_000497.png,247.5,"#534[n09]が#480[PmP]領有中のLv.1都市 #480(49,449)を攻撃し、陣営のために破壊宝箱×2を勝ち取りました"
#534,g-10,449,649,2026-6-10 20:02:2,#476,476X,n09,3,red,enemy,range01_frame_000497.png,247.5,"#476[476X]が#534[n09]領有中のLv.3都市 #534(449,649)を攻撃し、陣営のために破壊宝箱×10を勝ち取りました"
#534,e-8,349,449,2026-6-10 20:02:5,#476,476d,4tH,3,red,enemy,range01_frame_000497.png,247.5,"#476[476d]が#534[4tH]領有中のLv.3都市 #534(349,449)を攻撃し、陣営のために破壊宝箱×10を勝ち取りました"
#511,e-20,949,449,2026-6-10 20:02:5,#476,476K,DaNG,1,red,enemy,range01_frame_000497.png,247.5,"#476[476K]が#511[DaNG]領有中のLv.1都市 #511(949,449)を攻撃し、陣営のために破壊宝箱×2を勝ち取りました"
#440,a-6,249,49,2026-6-10 17:33:2,#523,K4TR,,1,red,enemy,range01_frame_000498.png,248.5,"#523[K4TR]が#440 領有中のLv.1都市 #440(249,49) を攻撃し、陣営のために破壊宝箱×2を勝ち取りました"
#480,e-2,49,449,2026-6-10 20:02:0,#534,n09,PmP,1,blue,ally,range01_frame_000498.png,248.5,"#534[n09]が#480[PmP]領有中のLv.1都市 #480(49,449) を攻撃し、陣営のために破壊宝箱×2を勝ち取りました"
#534,g-10,449,649,2026-6-10 20:02:2,#476,476X,n09,3,red,enemy,range01_frame_000498.png,248.5,"#476[476X]が#534[n09]領有中のLv.3都市 #534(449,649) を攻撃し、陣営のために破壊宝箱×10を勝ち取りました"
#534,e-8,349,449,2026-6-10 20:02:5,#476,476d,4tH,3,red,enemy,range01_frame_000498.png,248.5,"#476[476d]が#534[4tH]領有中のLv.3都市 #534(349,449) を攻撃し、陣営のために破壊宝箱×10を勝ち取りました"
#511,e-20,949,449,2026-6-10 20:03:2,#476,476K,DaNG,1,red,enemy,range01_frame_000498.png,248.5,"#476[476K]が#511[DaNG]領有中のLv.1都市 #511(949,449) を攻撃し、陣営のために破壊宝箱×2を勝ち取りました"
#480,e-2,49,449,2026-6-10 20:02:0,#534,n09,PmP,1,blue,ally,range01_frame_000499.png,248.5,"#534[n09]が#480[PmP]領有中のLv.1都市 #480(49,449) を攻撃し、陣営のために破壊宝箱×2を勝ち取りました"
#534,g-10,449,649,2026-6-10 20:02:2,#476,476X,n09,3,red,enemy,range01_frame_000499.png,248.5,"#476[476X]が#534[n09]領有中のLv.3都市 #534(449,649) を攻撃し、陣営のために破壊宝箱×10を勝ち取りました"
#534,e-8,349,449,2026-6-10 20:02:5,#476,476d,4tH,3,red,enemy,range01_frame_000499.png,248.5,"#476[476d]が#534[4tH]領有中のLv.3都市 #534(349,449) を攻撃し、陣営のために破壊宝箱×10を勝ち取りました"
#511,e-20,949,449,2026-6-10 20:03:2,#476,476K,DaNG,1,red,enemy,range01_frame_000499.png,248.5,"#476[476K]が#511[DaNG]領有中のLv.1都市 #511(949,449) を攻撃し、陣営のために破壊宝箱×2を勝ち取りました"
#440,h-18,849,749,2026-6-10 20:03:4,#503,299,TrX,1,red,enemy,range01_frame_000499.png,248.5,"#503[299]が#440[TrX]領有中のLv.1都市 #440(849,749) を攻撃し、陣営のために破壊宝箱×2を勝ち取りました"
#534,g-10,449,649,2026-6-10 20:02:01,#476,476X,n09,3,red,enemy,range01_frame_000500.png,249.5,"#476[476X]が#534[n09]領有中のLv.3都市 #534(449,649)を攻撃し、陣営のために破壊宝箱×10を勝ち取りました"
#534,e-8,349,449,2026-6-10 20:02:2,#476,476d,4tH,3,red,enemy,range01_frame_000500.png,249.5,"#476[476d]が#534[4tH]領有中のLv.3都市 #534(349,449)を攻撃し、陣営のために破壊宝箱×10を勝ち取りました"
#511,e-20,949,449,2026-6-10 20:03:2,#476,476K,DaNG,1,red,enemy,range01_frame_000500.png,249.5,"#476[476K]が#511[DaNG]領有中のLv.1都市 #511(949,449)を攻撃し、陣営のために破壊宝箱×2を勝ち取りました"
#440,h-18,849,749,2026-6-10 20:03:4,#503,299,TrX,1,red,enemy,range01_frame_000500.png,249.5,"#503[299]が#440[TrX]領有中のLv.1都市 #440(849,749)を攻撃し、陣営のために破壊宝箱×2を勝ち取りました"
#534,f-8,349,549,2026-6-10 20:04:0,#476,476C,SHA,3,red,enemy,range01_frame_000500.png,249.5,"#476[476C]が#534[SHA]領有中のLv.3都市 #534(349,549)を攻撃し、陣営のために破壊宝箱×10を勝ち取りました"
#534,g-8,349,649,2026-6-10 20:05:1,#476,476X,RGWC,3,red,enemy,range01_frame_000500.png,249.5,"#476[476X]が#534[RGWC]領有中のLv.3都市 #534(349,649)を攻撃し、陣営のために破壊宝箱×10を勝ち取りました"
#511,e-20,949,449,2026-6-10 20:03:2,#476,476K,DaNG,1,red,enemy,range01_frame_000502.png,250.5,"#476[476K]が#511[DaNG]領有中のLv.1都市 #511(949,449)を攻撃し、陣営のために破壊宝箱×2を勝ち取りました"
#440,h-18,849,749,2026-6-10 20:03:4,#503,299,TrX,1,red,enemy,range01_frame_000502.png,250.5,"#503[299]が#440[TrX]領有中のLv.1都市 #440(849,749)を攻撃し、陣営のために破壊宝箱×2を勝ち取りました"
#534,f-8,349,549,2026-6-10 20:04:0,#476,476C,SHA,3,red,enemy,range01_frame_000502.png,250.5,"#476[476C]が#534[SHA]領有中のLv.3都市 #534(349,549)を攻撃し、陣営のために破壊宝箱×10を勝ち取りました"
#534,g-8,349,649,2026-6-10 20:05:1,#476,476X,RGWC,3,red,enemy,range01_frame_000502.png,250.5,"#476[476X]が#534[RGWC]領有中のLv.3都市 #534(349,649)を攻撃し、陣営のために破壊宝箱×10を勝ち取りました"
#511,e-20,949,449,2026-6-10 20:03:2,#476,476K,DaNG,1,red,enemy,range01_frame_000503.png,250.5,"#476[476K]が#511[DaNG]領有中のLv.1都市 #511(949,449)を攻撃し、陣営のために破壊宝箱×2を勝ち取りました"
#440,h-18,849,749,2026-6-10 20:03:4,#503,299,TrX,1,red,enemy,range01_frame_000503.png,250.5,"#503[299]が#440[TrX]領有中のLv.1都市 #440(849,749)を攻撃し、陣営のために破壊宝箱×2を勝ち取りました"
#534,f-8,349,549,2026-6-10 20:04:0,#476,476C,SHA,3,red,enemy,range01_frame_000503.png,250.5,"#476[476C]が#534[SHA]領有中のLv.3都市 #534(349,549)を攻撃し、陣営のために破壊宝箱×10を勝ち取りました"
#534,g-8,349,649,2026-6-10 20:05:1,#476,476X,RGWC,3,red,enemy,range01_frame_000503.png,250.5,"#476[476X]が#534[RGWC]領有中のLv.3都市 #534(349,649)を攻撃し、陣営のために破壊宝箱×10を勝ち取りました"
#511,d-20,949,349,2026-6-10 20:07:0,#476,476K,DaNG,1,red,enemy,range01_frame_000503.png,250.5,"#476[476K]が#511[DaNG]領有中のLv.1都市 #511(949,349)を攻撃し、陣営のために破壊宝箱×2を勝ち取りました"
#511,e-20,949,449,2026-6-10 20:03:2,#476,476K,DaNG,1,red,enemy,range01_frame_000504.png,251.5,"#476[476K]が#511[DaNG]領有中のLv.1都市 #511(949,449)を攻撃し、陣営のために破壊宝箱×2を勝ち取りました"
#440,h-18,849,749,2026-6-10 20:03:4,#503,299,TrX,1,red,enemy,range01_frame_000504.png,251.5,"#503[299]が#440[TrX]領有中のLv.1都市 #440(849,749)を攻撃し、陣営のために破壊宝箱×2を勝ち取りました"
#534,f-8,349,549,2026-6-10 20:04:0,#476,476C,SHA,3,red,enemy,range01_frame_000504.png,251.5,"#476[476C]が#534[SHA]領有中のLv.3都市 #534(349,549)を攻撃し、陣営のために破壊宝箱×10を勝ち取りました"
#534,g-8,349,649,2026-6-10 20:05:1,#476,476X,RGWC,3,red,enemy,range01_frame_000504.png,251.5,"#476[476X]が#534[RGWC]領有中のLv.3都市 #534(349,649)を攻撃し、陣営のために破壊宝箱×10を勝ち取りました"
#511,d-20,949,349,2026-6-10 20:07:0,#476,476K,DaNG,1,red,enemy,range01_frame_000504.png,251.5,"#476[476K]が#511[DaNG]領有中のLv.1都市 #511(949,349)を攻撃し、陣営のために破壊宝箱×2を勝ち取りました"
#511,e-20,949,449,2026-6-10 20:03:2,#476,476K,DaNG,1,red,enemy,range01_frame_000505.png,251.5,"#476[476K]が#511[DaNG]領有中のLv.1都市 #511(949,449)を攻撃し、陣営のために破壊宝箱×2を勝ち取りました"
#440,h-18,849,749,2026-6-10 20:03:4,#503,299,TrX,1,red,enemy,range01_frame_000505.png,251.5,"#503[299]が#440[TrX]領有中のLv.1都市 #440(849,749)を攻撃し、陣営のために破壊宝箱×2を勝ち取りました"
#534,f-8,349,549,2026-6-10 20:04:0,#476,476C,SHA,3,red,enemy,range01_frame_000505.png,251.5,"#476[476C]が#534[SHA]領有中のLv.3都市 #534(349,549)を攻撃し、陣営のために破壊宝箱×10を勝ち取りました"
#534,g-8,349,649,2026-6-10 20:05:1,#476,476X,RGWC,3,red,enemy,range01_frame_000505.png,251.5,"#476[476X]が#534[RGWC]領有中のLv.3都市 #534(349,649)を攻撃し、陣営のために破壊宝箱×10を勝ち取りました"
#511,d-20,949,349,2026-6-10 20:07:0,#476,476K,DaNG,1,red,enemy,range01_frame_000505.png,251.5,"#476[476K]が#511[DaNG]領有中のLv.1都市 #511(949,349)を攻撃し、陣営のために破壊宝箱×2を勝ち取りました"
#440,h-18,849,749,2026-6-10 20:03:4,#503,299,TrX,1,red,enemy,range01_frame_000506.png,252.5,"#503[299]が#440[TrX]領有中のLv.1都市 #440(849,749)を攻撃し、陣営のために破壊宝箱×2を勝ち取りました"
#534,f-8,349,549,2026-6-10 20:04:0,#476,476C,SHA,3,red,enemy,range01_frame_000506.png,252.5,"#476[476C]が#534[SHA]領有中のLv.3都市 #534(349,549)を攻撃し、陣営のために破壊宝箱×10を勝ち取りました"
#534,g-8,349,649,2026-6-10 20:05:1,#476,476X,RGWC,3,red,enemy,range01_frame_000506.png,252.5,"#476[476X]が#534[RGWC]領有中のLv.3都市 #534(349,649)を攻撃し、陣営のために破壊宝箱×10を勝ち取りました"
#511,d-20,949,349,2026-6-10 20:07:0,#476,476K,DaNG,1,red,enemy,range01_frame_000506.png,252.5,"#476[476K]が#511[DaNG]領有中のLv.1都市 #511(949,349)を攻撃し、陣営のために破壊宝箱×2を勝ち取りました"
#509,d-4,149,349,2026-6-10 20:09:3,#503,GX99,tWD,1,red,enemy,range01_frame_000506.png,252.5,"#503[GX99]が#509[tWD]領有中のLv.1都市 #509(149,349)を攻撃し、陣営のために破壊宝箱×2を勝ち取りました"
#440,e-20,949,449,2026-6-10 20:20:3,#503,fzn,TrX,1,red,enemy,range01_frame_000507.png,252.5,"#503[fzn]が#440[TrX]領有中のLv.1都市 #440(949,449)を攻撃し、陣営のために破壊宝箱×2を勝ち取りました"
#440,i-8,349,849,2026-6-10,#480,CDf8,,1,blue,ally,range01_frame_000507.png,252.5,"#480[CDf8]が#440 領有中のLv.1都市 #440(349,849)を攻撃し、陣営のために破壊宝箱×2を勝ち取りました"
#511,d-20,949,349,2026-6-10 20:05:1,#476,476K,DaNG,1,red,enemy,range01_frame_000508.png,253.5,"#476[476K]が#511[DaNG]領有中のLv.1都市 #511(949,349)を攻撃し、陣営のために破壊宝箱×2を勝ち取りました"
#509,d-4,149,349,2026-6-10 20:07:0,#503,GX99,tWD,1,red,enemy,range01_frame_000508.png,253.5,"#503[GX99]が#509[tWD]領有中のLv.1都市 #509(149,349)を攻撃し、陣営のために破壊宝箱×2を勝ち取りました"
#440,e-20,949,449,2026-6-10 20:20:3,#503,fzn,TrX,1,red,enemy,range01_frame_000508.png,253.5,"#503[fzn]が#440[TrX]領有中のLv.1都市 #440(949,449)を攻撃し、陣営のために破壊宝箱×2を勝ち取りました"
#440,i-8,349,849,2026-6-13 00:03:4,#480,CDf8,,1,red,enemy,range01_frame_000508.png,253.5,"#480[CDf8]が#440領有中のLv.1都市 #440(349,849)を攻撃し、陣営のために破壊宝箱×2を勝ち取りました"
#440,i-12,549,849,2026-6-13 00:49:2,#480,CDf8,,1,red,enemy,range01_frame_000508.png,253.5,"#480[CDf8]が#440領有中のLv.1都市 #440(549,849)を攻撃し、陣営のために破壊宝箱×2を勝ち取りました"
#523,g-6,249,649,unknown,#534,KTVS,u3o,2,blue,ally,range01_frame_000509.png,253.5,"#534[KTVS]が#523[u3o]領有中のLv.2都市 #523(249,649)を攻撃し、陣営のために破壊宝箱×5を勝ち取りました"
#509,d-4,149,349,2026-6-10 20:09:38,#503,GX99,tWD,1,red,enemy,range01_frame_000510.png,254.5,"#503[GX99]が#509[tWD]領有中のLv.1都市 #509(149,349)を攻撃し、陣営のために破壊宝箱×2を勝ち取りました"
#440,e-20,949,449,2026-6-10 20:20:3,#503,fzn,TrX,1,red,enemy,range01_frame_000510.png,254.5,"#503[fzn]が#440[TrX]領有中のLv.1都市 #440(949,449)を攻撃し、陣営のために破壊宝箱×2を勝ち取りました"
#440,i-8,349,849,2026-6-13 00:03:4,#480,CDf8,,1,red,enemy,range01_frame_000510.png,254.5,"#480[CDf8]が#440領有中のLv.1都市 #440(349,849)を攻撃し、陣営のために破壊宝箱×2を勝ち取りました"
#440,i-12,549,849,2026-6-13 00:49:2,#480,CDf8,,1,red,enemy,range01_frame_000510.png,254.5,"#480[CDf8]が#440領有中のLv.1都市 #440(549,849)を攻撃し、陣営のために破壊宝箱×2を勝ち取りました"
#523,g-6,249,649,2026-6-13 04:01:50,#534,KTVS,u3o,2,blue,ally,range01_frame_000510.png,254.5,"#534[KTVS]が#523[u3o]領有中のLv.2都市 #523(249,649)を攻撃し、陣営のために破壊宝箱×5を勝ち取りました"
#509,d-4,149,349,2026-6-10 20:09:38,#503,GX99,tWD,1,red,enemy,range01_frame_000511.png,254.5,"#503[GX99]が#509[tWD]領有中のLv.1都市 #509(149,349)を攻撃し、陣営のために破壊宝箱×2を勝ち取りました"
#440,e-20,949,449,2026-6-10 20:20:3,#503,fzn,TrX,1,red,enemy,range01_frame_000511.png,254.5,"#503[fzn]が#440[TrX]領有中のLv.1都市 #440(949,449)を攻撃し、陣営のために破壊宝箱×2を勝ち取りました"
#440,i-8,349,849,2026-6-13 00:03:4,#480,CDf8,,1,red,enemy,range01_frame_000511.png,254.5,"#480[CDf8]が#440領有中のLv.1都市 #440(349,849)を攻撃し、陣営のために破壊宝箱×2を勝ち取りました"
#440,i-12,549,849,2026-6-13 00:49:2,#480,CDf8,,1,red,enemy,range01_frame_000511.png,254.5,"#480[CDf8]が#440領有中のLv.1都市 #440(549,849)を攻撃し、陣営のために破壊宝箱×2を勝ち取りました"
#523,g-6,249,649,2026-6-13 04:01:50,#534,KTVS,u3o,2,blue,ally,range01_frame_000511.png,254.5,"#534[KTVS]が#523[u3o]領有中のLv.2都市 #523(249,649)を攻撃し、陣営のために破壊宝箱×5を勝ち取りました"
#509,d-4,149,349,2026-6-10 20:09:33,#503,GX99,tWD,1,red,enemy,range01_frame_000512.png,255.5,"#503[GX99]が#509[tWD]領有中のLv.1都市 #509(149,349)を攻撃し、陣営のために破壊宝箱×2を勝ち取りました"
#440,e-20,949,449,2026-6-10 20:20:33,#503,fzn,TrX,1,red,enemy,range01_frame_000512.png,255.5,"#503[fzn]が#440[TrX]領有中のLv.1都市 #440(949,449)を攻撃し、陣営のために破壊宝箱×2を勝ち取りました"
#440,i-8,349,849,2026-6-13 00:03:43,#480,CDf8,,1,red,enemy,range01_frame_000512.png,255.5,"#480[CDf8]が#440領有中のLv.1都市 #440(349,849)を攻撃し、陣営のために破壊宝箱×2を勝ち取りました"
#440,i-12,549,849,2026-6-13 00:49:23,#480,CDf8,,1,red,enemy,range01_frame_000512.png,255.5,"#480[CDf8]が#440領有中のLv.1都市 #440(549,849)を攻撃し、陣営のために破壊宝箱×2を勝ち取りました"
#523,g-6,249,649,2026-6-13 04:01:50,#534,KTVS,u3o,2,blue,ally,range01_frame_000512.png,255.5,"#534[KTVS]が#523[u3o]領有中のLv.2都市 #523(249,649)を攻撃し、陣営のために破壊宝箱×5を勝ち取りました"
#523,f-6,249,549,2026-6-13 04:01:50,#534,JDX,u3o,2,blue,ally,range01_frame_000513.png,255.5,"#534[JDX]が#523[u3o]領有中のLv.2都市 #523(249,549)を攻撃し、陣営のために破壊宝箱×5を勝ち取りました"
#440,i-8,349,849,2026-6-13 00:03:4,#480,CDf8,,1,red,enemy,range01_frame_000514.png,256.5,"#480[CDf8]が#440領有中のLv.1都市#440(349,849)を攻撃し、陣営のために破壊宝箱×2を勝ち取りました"
#440,i-12,549,849,2026-6-13 00:49:2,#480,CDf8,,1,red,enemy,range01_frame_000514.png,256.5,"#480[CDf8]が#440領有中のLv.1都市#440(549,849)を攻撃し、陣営のために破壊宝箱×2を勝ち取りました"
#523,g-6,249,649,2026-6-13 04:01:5,#534,KTVS,u3o,2,blue,ally,range01_frame_000514.png,256.5,"#534[KTVS]が#523[u3o]領有中のLv.2都市#523(249,649)を攻撃し、陣営のために破壊宝箱×5を勝ち取りました"
#523,f-6,249,549,2026-6-13 04:02:2,#534,JDX,u3o,2,blue,ally,range01_frame_000514.png,256.5,"#534[JDX]が#523[u3o]領有中のLv.2都市#523(249,549)を攻撃し、陣営のために破壊宝箱×5を勝ち取りました"
#440,f-6,249,549,2026-6-13 04:02:2,#503,Lghs,GoDs,2,red,enemy,range01_frame_000514.png,256.5,"#503[Lghs]が#440[GoDs]領有中のLv.2都市#440(249,549)を攻撃し、陣営のために破壊宝箱×5を勝ち取りました"
#440,i-8,349,849,2026-6-13 00:03:4,#480,CDf8,,1,red,enemy,range01_frame_000515.png,256.5,"#480[CDf8]が#440領有中のLv.1都市#440(349,849)を攻撃し、陣営のために破壊宝箱×2を勝ち取りました"
#440,i-12,549,849,2026-6-13 00:49:2,#480,CDf8,,1,red,enemy,range01_frame_000515.png,256.5,"#480[CDf8]が#440領有中のLv.1都市#440(549,849)を攻撃し、陣営のために破壊宝箱×2を勝ち取りました"
#523,g-6,249,649,2026-6-13 04:01:5,#534,KTVS,u3o,2,blue,ally,range01_frame_000515.png,256.5,"#534[KTVS]が#523[u3o]領有中のLv.2都市#523(249,649)を攻撃し、陣営のために破壊宝箱×5を勝ち取りました"
#523,f-6,249,549,2026-6-13 04:02:2,#534,JDX,u3o,2,blue,ally,range01_frame_000515.png,256.5,"#534[JDX]が#523[u3o]領有中のLv.2都市#523(249,549)を攻撃し、陣営のために破壊宝箱×5を勝ち取りました"
#440,f-6,249,549,2026-6-13 04:02:2,#503,Lghs,GoDs,2,red,enemy,range01_frame_000515.png,256.5,"#503[Lghs]が#440[GoDs]領有中のLv.2都市#440(249,549)を攻撃し、陣営のために破壊宝箱×5を勝ち取りました"
#523,f-4,149,549,2026-6-13 04:03:0,#534,KTVS,u3o,1,blue,ally,range01_frame_000515.png,256.5,"#534[KTVS]が#523[u3o]領有中のLv.1都市#523(149,549)を攻撃し、陣営のために破壊宝箱×2を勝ち取りました"
#523,g-6,249,649,2026-6-13 00:49:20,#534,KTVS,u3o,2,blue,ally,range01_frame_000516.png,257.5,"#534[KTVS]が#523[u3o]領有中のLv.2都市 #523(249,649)を攻撃し、陣営のために破壊宝箱×5を勝ち取りました"
#523,f-6,249,549,2026-6-13 04:01:50,#534,JDX,u3o,2,blue,ally,range01_frame_000516.png,257.5,"#534[JDX]が#523[u3o]領有中のLv.2都市 #523(249,549)を攻撃し、陣営のために破壊宝箱×5を勝ち取りました"
#440,f-6,249,549,2026-6-13 04:02:20,#503,LgHs,GoDs,2,red,enemy,range01_frame_000516.png,257.5,"#503[LgHs]が#440[GoDs]領有中のLv.2都市 #440(249,549)を攻撃し、陣営のために破壊宝箱×5を勝ち取りました"
#523,f-4,149,549,2026-6-13 04:03:01,#534,KTVS,u3o,1,blue,ally,range01_frame_000516.png,257.5,"#534[KTVS]が#523[u3o]領有中のLv.1都市 #523(149,549)を攻撃し、陣営のために破壊宝箱×2を勝ち取りました"
#440,g-6,249,649,2026-6-13 04:04:41,#480,BgNa,GoDs,2,red,enemy,range01_frame_000516.png,257.5,"#480[BgNa]が#440[GoDs]領有中のLv.2都市 #440(249,649)を攻撃し、陣営のために破壊宝箱×5を勝ち取りました"
#440,f-6,249,549,2026-6-13 04:02:22,#503,Lghs,GoDs,2,red,enemy,range01_frame_000517.png,258.0,"#503[Lghs]が#440[GoDs]領有中のLv.2都市 #440(249,549)を攻撃し、陣営のために破壊宝箱×5を勝ち取りました"
#523,f-4,149,549,2026-6-13 04:03:00,#534,KTVS,u3o,1,blue,ally,range01_frame_000517.png,258.0,"#534[KTVS]が#523[u3o]領有中のLv.1都市 #523(149,549)を攻撃し、陣営のために破壊宝箱×2を勝ち取りました"
#440,g-6,249,649,2026-6-13 04:04:40,#480,BgNa,GoDs,2,red,enemy,range01_frame_000517.png,258.0,"#480[BgNa]が#440[GoDs]領有中のLv.2都市 #440(249,649)を攻撃し、陣営のために破壊宝箱×5を勝ち取りました"
#523,d-2,49,349,2026-6-13 04:08:38,#440,TrX,,1,blue,ally,range01_frame_000517.png,258.0,"#440[TrX]が#523領有中のLv.1都市 #523(49,349)を攻撃し、陣営のために破壊宝箱×2を勝ち取りました"
#440,f-6,249,549,2026-6-13 04:02:22,#503,Lghs,GoDs,2,red,enemy,range01_frame_000518.png,258.0,"#503[Lghs]が#440[GoDs]領有中のLv.2都市 #440(249,549)を攻撃し、陣営のために破壊宝箱×5を勝ち取りました"
#523,f-4,149,549,2026-6-13 04:03:00,#534,KTVS,u3o,1,blue,ally,range01_frame_000518.png,258.0,"#534[KTVS]が#523[u3o]領有中のLv.1都市 #523(149,549)を攻撃し、陣営のために破壊宝箱×2を勝ち取りました"
#440,g-6,249,649,2026-6-13 04:04:40,#480,BgNa,GoDs,2,red,enemy,range01_frame_000518.png,258.0,"#480[BgNa]が#440[GoDs]領有中のLv.2都市 #440(249,649)を攻撃し、陣営のために破壊宝箱×5を勝ち取りました"
#523,d-2,49,349,2026-6-13 04:08:38,#440,TrX,,1,blue,ally,range01_frame_000518.png,258.0,"#440[TrX]が#523領有中のLv.1都市 #523(49,349)を攻撃し、陣営のために破壊宝箱×2を勝ち取りました"
#523,f-6,249,549,2026-6-13 04:02:2,#534,JDX,u3o,2,blue,ally,range01_frame_000519.png,259.0,"#534[JDX]が#523[u3o]領有中のLv.2都市#523(249,549)を攻撃し、陣営のために破壊宝箱×5を勝ち取りました"
#440,f-6,249,549,2026-6-13 04:02:2,#503,Lghs,GoDs,2,red,enemy,range01_frame_000519.png,259.0,"#503[Lghs]が#440[GoDs]領有中のLv.2都市#440(249,549)を攻撃し、陣営のために破壊宝箱×5を勝ち取りました"
#523,f-4,149,549,2026-6-13 04:03:0,#534,KTVS,u3o,1,blue,ally,range01_frame_000519.png,259.0,"#534[KTVS]が#523[u3o]領有中のLv.1都市#523(149,549)を攻撃し、陣営のために破壊宝箱×2を勝ち取りました"
#440,g-6,249,649,2026-6-13 04:04:4,#480,BgNa,GoDs,2,red,enemy,range01_frame_000519.png,259.0,"#480[BgNa]が#440[GoDs]領有中のLv.2都市#440(249,649)を攻撃し、陣営のために破壊宝箱×5を勝ち取りました"
#523,d-2,49,349,2026-6-13 04:08:3,#440,TrX,,1,blue,ally,range01_frame_000519.png,259.0,"#440[TrX]が#523領有中のLv.1都市#523(49,349)を攻撃し、陣営のために破壊宝箱×2を勝ち取りました"
#523,f-6,249,549,2026-6-13 04:02:2,#534,JDX,u3o,2,blue,ally,range01_frame_000520.png,259.0,"#534[JDX]が#523[u3o]領有中のLv.2都市#523(249,549)を攻撃し、陣営のために破壊宝箱×5を勝ち取りました"
#440,f-6,249,549,2026-6-13 04:02:2,#503,Lghs,GoDs,2,red,enemy,range01_frame_000520.png,259.0,"#503[Lghs]が#440[GoDs]領有中のLv.2都市#440(249,549)を攻撃し、陣営のために破壊宝箱×5を勝ち取りました"
#523,f-4,149,549,2026-6-13 04:03:0,#534,KTVS,u3o,1,blue,ally,range01_frame_000520.png,259.0,"#534[KTVS]が#523[u3o]領有中のLv.1都市#523(149,549)を攻撃し、陣営のために破壊宝箱×2を勝ち取りました"
#440,g-6,249,649,2026-6-13 04:04:4,#480,BgNa,GoDs,2,red,enemy,range01_frame_000520.png,259.0,"#480[BgNa]が#440[GoDs]領有中のLv.2都市#440(249,649)を攻撃し、陣営のために破壊宝箱×5を勝ち取りました"
#523,d-2,49,349,2026-6-13 04:08:3,#440,TrX,,1,blue,ally,range01_frame_000520.png,259.0,"#440[TrX]が#523領有中のLv.1都市#523(49,349)を攻撃し、陣営のために破壊宝箱×2を勝ち取りました"
#440,f-6,249,549,2026-6-13 04:02:2,#503,Lghs,GoDs,2,red,enemy,range01_frame_000521.png,260.0,"#503[Lghs]が#440[GoDs]領有中のLv.2都市 #440(249,549)を攻撃し、陣営のために破壊宝箱×5を勝ち取りました"
#523,f-4,149,549,2026-6-13 04:03:0,#534,KTVS,u3o,1,blue,ally,range01_frame_000521.png,260.0,"#534[KTVS]が#523[u3o]領有中のLv.1都市 #523(149,549)を攻撃し、陣営のために破壊宝箱×2を勝ち取りました"
#440,g-6,249,649,2026-6-13 04:04:4,#480,BgNa,GoDs,2,red,enemy,range01_frame_000521.png,260.0,"#480[BgNa]が#440[GoDs]領有中のLv.2都市 #440(249,649)を攻撃し、陣営のために破壊宝箱×5を勝ち取りました"
#523,d-2,49,349,2026-6-13 04:08:3,#440,TrX,,1,blue,ally,range01_frame_000521.png,260.0,"#440[TrX]が#523領有中のLv.1都市 #523(49,349)を攻撃し、陣営のために破壊宝箱×2を勝ち取りました"
#523,c-2,49,249,2026-6-13 04:17:1,#440,TrX,,1,blue,ally,range01_frame_000522.png,260.0,"#440[TrX]が#523領有中のLv.1都市 #523(49,249)を攻撃し、陣営のために破壊宝箱×2を勝ち取りました"
#440,h-4,149,749,2026-6-13 04:21:,#480,RCON,aTA,1,red,enemy,range01_frame_000522.png,260.0,"#480[RCON]が#440[aTA]領有中のLv.1都市 #440(149,749)を攻撃し、陣営のために破壊宝箱×2を勝ち取りました"
#440,g-6,249,649,2026-6-13 04:03:0,#480,BgNa,GoDs,2,red,enemy,range01_frame_000523.png,261.0,"#480[BgNa]が#440[GoDs]領有中のLv.2都市 #440(249,649)を攻撃し、陣営のために破壊宝箱×5を勝ち取りました"
#523,d-2,49,349,2026-6-13 04:04:4,#440,TrX,,1,blue,ally,range01_frame_000523.png,261.0,"#440[TrX]が#523領有中のLv.1都市#523(49,349)を攻撃し、陣営のために破壊宝箱×2を勝ち取りました"
#523,c-2,49,249,2026-6-13 04:17:1,#440,TrX,,1,blue,ally,range01_frame_000523.png,261.0,"#440[TrX]が#523領有中のLv.1都市#523(49,249)を攻撃し、陣営のために破壊宝箱×2を勝ち取りました"
#440,h-4,149,749,2026-6-13 04:21:5,#480,RCON,aTA,1,red,enemy,range01_frame_000523.png,261.0,"#480[RCON]が#440[aTA]領有中のLv.1都市 #440(149,749)を攻撃し、陣営のために破壊宝箱×2を勝ち取りました"
#440,h-2,49,749,2026-6-13 04:28:4,#480,AAOA,GoDs,1,red,enemy,range01_frame_000523.png,261.0,"#480[AAOA]が#440[GoDs]領有中のLv.1都市 #440(49,749)を攻撃し、陣営のために破壊宝箱×2を勝ち取りました"
#523,d-2,49,349,2026-6-13 04:08:3,#440,TrX,,1,blue,ally,range01_frame_000524.png,261.0,"#440[TrX]が#523領有中のLv.1都市#523(49,349)を攻撃し、陣営のために破壊宝箱×2を勝ち取りました"
#523,c-2,49,249,2026-6-13 04:17:1,#440,TrX,,1,blue,ally,range01_frame_000524.png,261.0,"#440[TrX]が#523領有中のLv.1都市#523(49,249)を攻撃し、陣営のために破壊宝箱×2を勝ち取りました"
#440,h-4,149,749,2026-6-13 04:21:5,#480,RCON,aTA,1,red,enemy,range01_frame_000524.png,261.0,"#480[RCON]が#440[aTA]領有中のLv.1都市 #440(149,749)を攻撃し、陣営のために破壊宝箱×2を勝ち取りました"
#440,h-2,49,749,2026-6-13 04:28:4,#480,AAOA,GoDs,1,red,enemy,range01_frame_000524.png,261.0,"#480[AAOA]が#440[GoDs]領有中のLv.1都市 #440(49,749)を攻撃し、陣営のために破壊宝箱×2を勝ち取りました"
#523,f-8,349,549,,#509,SsQ,u3o,3,blue,ally,range01_frame_000524.png,261.0,"#509[SsQ]が#523[u3o]領有中のLv.3都市#523(349,549)を攻撃し、陣営のために破壊宝箱×10を勝ち取りました"
#523,d-2,49,349,2026-6-13 04:08:33,#440,TrX,,1,blue,ally,range01_frame_000525.png,262.0,"#440[TrX]が#523領有中のLv.1都市#523(49,349)を攻撃し、陣営のために破壊宝箱×2を勝ち取りました"
#523,c-2,49,249,2026-6-13 04:17:1,#440,TrX,,1,blue,ally,range01_frame_000525.png,262.0,"#440[TrX]が#523領有中のLv.1都市#523(49,249)を攻撃し、陣営のために破壊宝箱×2を勝ち取りました"
#440,h-4,149,749,2026-6-13 04:21:5,#480,RCON,aTA,1,red,enemy,range01_frame_000525.png,262.0,"#480[RCON]が#440[aTA]領有中のLv.1都市#440(149,749)を攻撃し、陣営のために破壊宝箱×2を勝ち取りました"
#440,h-2,49,749,2026-6-13 04:28:4,#480,AA0A,GoDs,1,red,enemy,range01_frame_000525.png,262.0,"#480[AA0A]が#440[GoDs]領有中のLv.1都市#440(49,749)を攻撃し、陣営のために破壊宝箱×2を勝ち取りました"
#523,f-8,349,549,2026-6-13 04:36:1,#509,SsQ,u3o,3,blue,ally,range01_frame_000525.png,262.0,"#509[SsQ]が#523[u3o]領有中のLv.3都市#523(349,549)を攻撃し、陣営のために破壊宝箱×10を勝ち取りました"
#523,e-2,49,449,2026-6-13,#509,MOn,,1,blue,ally,range01_frame_000525.png,262.0,"#509[MOn]が#523領有中のLv.1都市#523(49,449)を攻撃し、陣営のために破壊宝箱×2を勝ち取りました"
#523,c-2,49,249,2026-6-13 04:17:1,#440,TrX,,1,blue,ally,range01_frame_000527.png,263.0,"#440[TrX]が#523領有中のLv.1都市#523(49,249)を攻撃し、陣営のために破壊宝箱×2を勝ち取りました"
#440,h-4,149,749,2026-6-13 04:21:5,#480,RCON,aTA,1,red,enemy,range01_frame_000527.png,263.0,"#480[RCON]が#440[aTA]領有中のLv.1都市#440(149,749)を攻撃し、陣営のために破壊宝箱×2を勝ち取りました"
#440,h-2,49,749,2026-6-13 04:28:4,#480,AA0A,GoDs,1,red,enemy,range01_frame_000527.png,263.0,"#480[AA0A]が#440[GoDs]領有中のLv.1都市#440(49,749)を攻撃し、陣営のために破壊宝箱×2を勝ち取りました"
#523,f-8,349,549,2026-6-13 04:36:1,#509,SsQ,u3o,3,blue,ally,range01_frame_000527.png,263.0,"#509[SsQ]が#523[u3o]領有中のLv.3都市#523(349,549)を攻撃し、陣営のために破壊宝箱×10を勝ち取りました"
#523,e-2,49,449,2026-6-13 04:36:1,#509,MOn,,1,blue,ally,range01_frame_000527.png,263.0,"#509[MOn]が#523領有中のLv.1都市#523(49,449)を攻撃し、陣営のために破壊宝箱×2を勝ち取りました"
#523,c-2,49,249,2026-6-13 04:17:1,#440,TrX,,1,blue,ally,range01_frame_000528.png,263.0,"#440[TrX]が#523領有中のLv.1都市#523(49,249)を攻撃し、陣営のために破壊宝箱×2を勝ち取りました"
#440,h-4,149,749,2026-6-13 04:21:5,#480,RCON,aTA,1,red,enemy,range01_frame_000528.png,263.0,"#480[RCON]が#440[aTA]領有中のLv.1都市#440(149,749)を攻撃し、陣営のために破壊宝箱×2を勝ち取りました"
#440,h-2,49,749,2026-6-13 04:28:4,#480,AA0A,GoDs,1,red,enemy,range01_frame_000528.png,263.0,"#480[AA0A]が#440[GoDs]領有中のLv.1都市#440(49,749)を攻撃し、陣営のために破壊宝箱×2を勝ち取りました"
#523,f-8,349,549,2026-6-13 04:36:1,#509,SsQ,u3o,3,blue,ally,range01_frame_000528.png,263.0,"#509[SsQ]が#523[u3o]領有中のLv.3都市#523(349,549)を攻撃し、陣営のために破壊宝箱×10を勝ち取りました"
#523,e-2,49,449,2026-6-13 04:36:1,#509,MOn,,1,blue,ally,range01_frame_000528.png,263.0,"#509[MOn]が#523領有中のLv.1都市#523(49,449)を攻撃し、陣営のために破壊宝箱×2を勝ち取りました"
#440,h-4,149,749,2026-6-13 04:21:51,#480,RCON,aTA,1,red,enemy,range01_frame_000529.png,264.0,"#480[RCON]が#440[aTA]頑有中のLv.1都市 #440(149,749)を攻撃し、陣営のために破壊宝箱×2を勝ち取りました"
#440,h-2,49,749,2026-6-13 04:28:4,#480,AAOA,GoDs,1,red,enemy,range01_frame_000529.png,264.0,"#480[AAOA]が#440[GoDs]頑有中のLv.1都市 #440(49,749)を攻撃し、陣営のために破壊宝箱×2を勝ち取りました"
#523,f-8,349,549,2026-6-13 04:36:1,#509,SsQ,u3o,3,blue,ally,range01_frame_000529.png,264.0,"#509[SsQ]が#523[u3o]頑有中のLv.3都市 #523(349,549)を攻撃し、陣営のために破壊宝箱×10を勝ち取りました"
#523,e-2,49,449,2026-6-13 04:39:3,#509,MOn,,1,blue,ally,range01_frame_000529.png,264.0,"#509[MOn]が#523 領有中のLv.1都市 #523(49,449)を攻撃し、陣営のために破壊宝箱×2を勝ち取りました"
#440,h-4,149,749,2026-6-13 04:21:51,#480,RCON,aTA,1,red,enemy,range01_frame_000530.png,264.0,"#480[RCON]が#440[aTA]頑有中のLv.1都市 #440(149,749)を攻撃し、陣営のために破壊宝箱×2を勝ち取りました"
#440,h-2,49,749,2026-6-13 04:28:4,#480,AAOA,GoDs,1,red,enemy,range01_frame_000530.png,264.0,"#480[AAOA]が#440[GoDs]頑有中のLv.1都市 #440(49,749)を攻撃し、陣営のために破壊宝箱×2を勝ち取りました"
#523,f-8,349,549,2026-6-13 04:36:1,#509,SsQ,u3o,3,blue,ally,range01_frame_000530.png,264.0,"#509[SsQ]が#523[u3o]頑有中のLv.3都市 #523(349,549)を攻撃し、陣営のために破壊宝箱×10を勝ち取りました"
#523,e-2,49,449,2026-6-13 04:39:3,#509,MOn,,1,blue,ally,range01_frame_000530.png,264.0,"#509[MOn]が#523 領有中のLv.1都市 #523(49,449)を攻撃し、陣営のために破壊宝箱×2を勝ち取りました"
#509,b-10,449,149,2026-6-13 04:??:??,#476,476d,VEX,1,red,enemy,range01_frame_000530.png,264.0,"#476[476d]が#509[VEX]頑有中のLv.1都市 #509(449,149)を攻撃し、陣営のために破壊宝箱×2を勝ち取りました"
#440,h-2,49,749,2026-6-13 04:21:5,#480,AA0A,GoDs,1,red,enemy,range01_frame_000531.png,265.0,"#480[AA0A]が#440[GoDs]領有中のLv.1都市 #440(49,749)を攻撃し、陣営のために破壊宝箱×2を勝ち取りました"
#523,f-8,349,549,2026-6-13 04:28:4,#509,SsQ,u3o,3,blue,ally,range01_frame_000531.png,265.0,"#509[SsQ]が#523[u3o]領有中のLv.3都市 #523(349,549)を攻撃し、陣営のために破壊宝箱×10を勝ち取りました"
#523,e-2,49,449,2026-6-13 04:39:3,#509,MOn,,1,blue,ally,range01_frame_000531.png,265.0,"#509[MOn]が#523領有中のLv.1都市 #523(49,449)を攻撃し、陣営のために破壊宝箱×2を勝ち取りました"
#509,b-10,449,149,2026-6-13 12:01:1,#476,476d,VEX,1,red,enemy,range01_frame_000531.png,265.0,"#476[476d]が#509[VEX]領有中のLv.1都市 #509(449,149)を攻撃し、陣営のために破壊宝箱×2を勝ち取りました"
#440,f-16,749,549,2026-6-13 12:01:2,#503,Lghs,TaW,2,red,enemy,range01_frame_000531.png,265.0,"#503[Lghs]が#440[TaW]領有中のLv.2都市 #440(749,549)を攻撃し、陣営のために破壊宝箱×5を勝ち取りました"
#523,f-8,349,549,2026-6-13 04:36:1,#509,SsQ,u3o,3,blue,ally,range01_frame_000532.png,265.0,"#509[SsQ]が#523[u3o]領有中のLv.3都市 #523(349,549)を攻撃し、陣営のために破壊宝箱×10を勝ち取りました"
#523,e-2,49,449,2026-6-13 04:39:3,#509,MOn,,1,blue,ally,range01_frame_000532.png,265.0,"#509[MOn]が#523領有中のLv.1都市 #523(49,449)を攻撃し、陣営のために破壊宝箱×2を勝ち取りました"
#509,b-10,449,149,2026-6-13 12:01:1,#476,476d,VEX,1,red,enemy,range01_frame_000532.png,265.0,"#476[476d]が#509[VEX]領有中のLv.1都市 #509(449,149)を攻撃し、陣営のために破壊宝箱×2を勝ち取りました"
#440,f-16,749,549,2026-6-13 12:01:2,#503,Lghs,TaW,2,red,enemy,range01_frame_000532.png,265.0,"#503[Lghs]が#440[TaW]領有中のLv.2都市 #440(749,549)を攻撃し、陣営のために破壊宝箱×5を勝ち取りました"
#523,f-16,749,549,2026-6-13 12:01:2,#509,FHX,UUG,2,blue,ally,range01_frame_000532.png,265.0,"#509[FHX]が#523[UUG]領有中のLv.2都市 #523(749,549)を攻撃し、陣営のために破壊宝箱×5を勝ち取りました"
#523,e-2,49,449,2026-6-13 04:39:33,#509,MOn,,1,blue,ally,range01_frame_000533.png,266.0,"#509[MOn]が#523 領有中のLv.1都市 #523(49,449)を攻撃し、陣営のために破壊宝箱×2を勝ち取りました"
#509,b-10,449,149,2026-6-13 12:01:11,#476,476d,VEX,1,red,enemy,range01_frame_000533.png,266.0,"#476[476d]が#509[VEX]領有中のLv.1都市 #509(449,149)を攻撃し、陣営のために破壊宝箱×2を勝ち取りました"
#440,f-16,749,549,2026-6-13 12:01:20,#503,Lghs,TaU,2,red,enemy,range01_frame_000533.png,266.0,"#503[Lghs]が#440[TaU]領有中のLv.2都市 #440(749,549)を攻撃し、陣営のために破壊宝箱×5を勝ち取りました"
#523,f-16,749,549,2026-6-13 12:01:2,#509,FHX,UUG,2,blue,ally,range01_frame_000533.png,266.0,"#509[FHX]が#523[UUG]領有中のLv.2都市 #523(749,549)を攻撃し、陣営のために破壊宝箱×5を勝ち取りました"
#509,e-2,49,449,2026-6-13 12:01:55,#503,xjR,tUD,1,red,enemy,range01_frame_000533.png,266.0,"#503[xjR]が#509[tUD]領有中のLv.1都市 #509(49,449)を攻撃し、陣営のために破壊宝箱×2を勝ち取りました"
#523,e-2,49,449,2026-6-13 04:39:33,#509,MOn,,1,blue,ally,range01_frame_000534.png,266.0,"#509[MOn]が#523 領有中のLv.1都市 #523(49,449)を攻撃し、陣営のために破壊宝箱×2を勝ち取りました"
#509,b-10,449,149,2026-6-13 12:01:11,#476,476d,VEX,1,red,enemy,range01_frame_000534.png,266.0,"#476[476d]が#509[VEX]領有中のLv.1都市 #509(449,149)を攻撃し、陣営のために破壊宝箱×2を勝ち取りました"
#440,f-16,749,549,2026-6-13 12:01:20,#503,Lghs,TaU,2,red,enemy,range01_frame_000534.png,266.0,"#503[Lghs]が#440[TaU]領有中のLv.2都市 #440(749,549)を攻撃し、陣営のために破壊宝箱×5を勝ち取りました"
#523,f-16,749,549,2026-6-13 12:01:2,#509,FHX,UUG,2,blue,ally,range01_frame_000534.png,266.0,"#509[FHX]が#523[UUG]領有中のLv.2都市 #523(749,549)を攻撃し、陣営のために破壊宝箱×5を勝ち取りました"
#509,e-2,49,449,2026-6-13 12:01:55,#503,xjR,tUD,1,red,enemy,range01_frame_000534.png,266.0,"#503[xjR]が#509[tUD]領有中のLv.1都市 #509(49,449)を攻撃し、陣営のために破壊宝箱×2を勝ち取りました"
#509,b-10,449,149,2026-6-13 12:01:1,#476,476d,VEX,1,red,enemy,range01_frame_000535.png,267.0,"#476[476d]が#509[VEX]領有中のLv.1都市 #509(449,149)を攻撃し、陣営のために破壊宝箱×2を勝ち取りました"
#440,f-16,749,549,2026-6-13 12:01:2,#503,Lghs,TaU,2,red,enemy,range01_frame_000535.png,267.0,"#503[Lghs]が#440[TaU]領有中のLv.2都市 #440(749,549)を攻撃し、陣営のために破壊宝箱×5を勝ち取りました"
#523,f-16,749,549,2026-6-13 12:01:2,#509,FHX,WUG,2,blue,ally,range01_frame_000535.png,267.0,"#509[FHX]が#523[WUG]領有中のLv.2都市 #523(749,549)を攻撃し、陣営のために破壊宝箱×5を勝ち取りました"
#509,e-2,49,449,2026-6-13 12:01:5,#503,xjR,tWD,1,red,enemy,range01_frame_000535.png,267.0,"#503[xjR]が#509[tWD]領有中のLv.1都市 #509(49,449)を攻撃し、陣営のために破壊宝箱×2を勝ち取りました"
#440,f-8,349,549,2026-6-13 12:01:5,#476,476A,BAJ,3,red,enemy,range01_frame_000535.png,267.0,"#476[476A]が#440[BAJ]領有中のLv.3都市 #440(349,549)を攻撃し、陣営のために破壊宝箱×10を..."
#509,b-10,449,149,2026-6-13 04:39:33,#476,476d,VEX,1,red,enemy,range01_frame_000537.png,268.0,"#476[476d]が#509[VEX]領有中のLv.1都市 #509(449,149)を攻撃し、陣営のために破壊宝箱×2を勝ち取りました"
#440,f-16,749,549,2026-6-13 12:01:10,#503,Lghs,TaU,2,red,enemy,range01_frame_000537.png,268.0,"#503[Lghs]が#440[TaU]領有中のLv.2都市 #440(749,549)を攻撃し、陣営のために破壊宝箱×5を勝ち取りました"
#523,f-16,749,549,2026-6-13 12:01:20,#509,FHX,WUG,2,blue,ally,range01_frame_000537.png,268.0,"#509[FHX]が#523[WUG]領有中のLv.2都市 #523(749,549)を攻撃し、陣営のために破壊宝箱×5を勝ち取りました"
#509,e-2,49,449,2026-6-13 12:01:50,#503,xjR,tUD,1,red,enemy,range01_frame_000537.png,268.0,"#503[xjR]が#509[tUD]領有中のLv.1都市 #509(49,449)を攻撃し、陣営のために破壊宝箱×2を勝ち取りました"
#440,f-8,349,549,2026-6-13 12:02:30,#476,476A,BAJ,3,red,enemy,range01_frame_000537.png,268.0,"#476[476A]が#440[BAJ]領有中のLv.3都市 #440(349,549)を攻撃し、陣営のために破壊宝箱×10を勝ち取りました"
#523,g-16,749,649,2026-6-13 12:02:40,#509,FHX,WUG,2,blue,ally,range01_frame_000538.png,268.0,"#509[FHX]が#523[WUG]領有中のLv.2都市 #523(749,649)を攻撃し、陣営のために破壊宝箱×5を勝ち取りました"
#509,b-8,349,149,2026-6-13 12:02:50,#476,476d,VEX,1,red,enemy,range01_frame_000538.png,268.0,"#476[476d]が#509[VEX]領有中のLv.1都市 #509(349,149)を攻撃し、陣営のために破壊宝箱×2を勝ち取りました"
#509,e-2,49,449,2026-6-13 12:01:59,#503,xjR,tWD,1,red,enemy,range01_frame_000539.png,269.0,"#503[xjR]が#509[tWD]領有中のLv.1都市 #509(49,449)を攻撃し、陣営のために破壊宝箱×2を勝ち取りました"
#440,f-8,349,549,2026-6-13 12:02:3,#476,476A,BAJ,3,red,enemy,range01_frame_000539.png,269.0,"#476[476A]が#440[BAJ]領有中のLv.3都市 #440(349,549)を攻撃し、陣営のために破壊宝箱×10を勝ち取りました"
#523,g-16,749,649,2026-6-13 12:02:4,#509,FHX,WUG,2,blue,ally,range01_frame_000539.png,269.0,"#509[FHX]が#523[WUG]領有中のLv.2都市 #523(749,649)を攻撃し、陣営のために破壊宝箱×5を勝ち取りました"
#509,b-8,349,149,2026-6-13 12:02:5,#476,476d,VEX,1,red,enemy,range01_frame_000539.png,269.0,"#476[476d]が#509[VEX]領有中のLv.1都市 #509(349,149)を攻撃し、陣営のために破壊宝箱×2を勝ち取りました"
#509,b-8,349,149,2026-6-13 12:02:5,#476,476d,VEX,1,red,enemy,range01_frame_000540.png,269.0,"#476[476d]が#509[VEX]領有中のLv.1都市 #509(349,149)を攻撃し、陣営のために破壊宝箱×2を勝ち取りました"
#440,b-10,449,149,2026-6-13 12:04:5,#476,476Z,UoW3,1,red,enemy,range01_frame_000540.png,269.0,"#476[476Z]が#440[UoW3]領有中のLv.1都市 #440(449,149)を攻撃し、陣営のために破壊宝箱×2を勝ち取りました"
#440,g-2,49,649,2026-6-13 12:04:5,#480,AA0A,IMp,1,red,enemy,range01_frame_000540.png,269.0,"#480[AA0A]が#440[IMp]領有中のLv.1都市 #440(49,649)を攻撃し、陣営のために破壊宝箱×2を勝ち取りました"
#440,f-8,349,549,2026-6-13 12:02:3,#476,476A,BAJ,3,red,enemy,range01_frame_000541.png,270.0,"#476[476A]が#440[BAJ]領有中のLv.3都市 #440(349,549)を攻撃し、陣営のために破壊宝箱×10を勝ち取りました"
#523,g-16,749,649,2026-6-13 12:02:4,#509,FHX,WUG,2,blue,ally,range01_frame_000541.png,270.0,"#509[FHX]が#523[WUG]領有中のLv.2都市 #523(749,649)を攻撃し、陣営のために破壊宝箱×5を勝ち取りました"
#509,b-8,349,149,2026-6-13 12:02:5,#476,476d,VEX,1,red,enemy,range01_frame_000541.png,270.0,"#476[476d]が#509[VEX]領有中のLv.1都市 #509(349,149)を攻撃し、陣営のために破壊宝箱×2を勝ち取りました"
#440,b-10,449,149,2026-6-13 12:04:5,#476,476Z,WoW3,1,red,enemy,range01_frame_000541.png,270.0,"#476[476Z]が#440[WoW3]領有中のLv.1都市 #440(449,149)を攻撃し、陣営のために破壊宝箱×2を勝ち取りました"
#440,g-2,49,649,2026-6-13 12:05:5,#480,AA0A,IMp,1,red,enemy,range01_frame_000541.png,270.0,"#480[AA0A]が#440[IMp]領有中のLv.1都市 #440(49,649)を攻撃し、陣営のために破壊宝箱×2を勝ち取りました"
#440,f-8,349,549,2026-6-13 12:02:33,#476,476A,BAJ,3,red,enemy,range01_frame_000543.png,271.0,"#476[476A]が#440[BAJ]領有中のLv.3都市 #440(349,549)を攻撃し、陣営のために破壊宝箱×10を勝ち取りました"
#523,g-16,749,649,2026-6-13 12:02:4,#509,FHX,WUG,2,blue,ally,range01_frame_000543.png,271.0,"#509[FHX]が#523[WUG]領有中のLv.2都市 #523(749,649)を攻撃し、陣営のために破壊宝箱×5を勝ち取りました"
#509,b-8,349,149,2026-6-13 12:02:5,#476,476d,VEX,1,red,enemy,range01_frame_000543.png,271.0,"#476[476d]が#509[VEX]領有中のLv.1都市 #509(349,149)を攻撃し、陣営のために破壊宝箱×2を勝ち取りました"
#440,b-10,449,149,2026-6-13 12:04:5,#476,476Z,WoW3,1,red,enemy,range01_frame_000543.png,271.0,"#476[476Z]が#440[WoW3]領有中のLv.1都市 #440(449,149)を攻撃し、陣営のために破壊宝箱×2を勝ち取りました"
#440,g-2,49,649,2026-6-13 12:05:5,#480,AA0A,IMp,1,red,enemy,range01_frame_000543.png,271.0,"#480[AA0A]が#440[IMp]領有中のLv.1都市 #440(49,649)を攻撃し、陣営のために破壊宝箱×2を勝ち取りました"
#440,f-8,349,549,2026-6-13 12:02:33,#476,476A,BAJ,3,red,enemy,range01_frame_000544.png,271.0,"#476[476A]が#440[BAJ]領有中のLv.3都市 #440(349,549)を攻撃し、陣営のために破壊宝箱×10を勝ち取りました"
#523,g-16,749,649,2026-6-13 12:02:4,#509,FHX,WUG,2,blue,ally,range01_frame_000544.png,271.0,"#509[FHX]が#523[WUG]領有中のLv.2都市 #523(749,649)を攻撃し、陣営のために破壊宝箱×5を勝ち取りました"
#509,b-8,349,149,2026-6-13 12:02:5,#476,476d,VEX,1,red,enemy,range01_frame_000544.png,271.0,"#476[476d]が#509[VEX]領有中のLv.1都市 #509(349,149)を攻撃し、陣営のために破壊宝箱×2を勝ち取りました"
#440,b-10,449,149,2026-6-13 12:04:5,#476,476Z,WoW3,1,red,enemy,range01_frame_000544.png,271.0,"#476[476Z]が#440[WoW3]領有中のLv.1都市 #440(449,149)を攻撃し、陣営のために破壊宝箱×2を勝ち取りました"
#440,g-2,49,649,2026-6-13 12:05:5,#480,AA0A,IMp,1,red,enemy,range01_frame_000544.png,271.0,"#480[AA0A]が#440[IMp]領有中のLv.1都市 #440(49,649)を攻撃し、陣営のために破壊宝箱×2を勝ち取りました"
#509,b-8,349,149,2026-6-13 12:02:4,#476,476d,VEX,1,red,enemy,range01_frame_000545.png,272.0,"#476[476d]が#509[VEX]領有中のLv.1都市 #509(349,149)を攻撃し、陣営のために破壊宝箱×2を勝ち取りました"
#440,b-10,449,149,2026-6-13 12:04:5,#476,476Z,WoW3,1,red,enemy,range01_frame_000545.png,272.0,"#476[476Z]が#440[WoW3]領有中のLv.1都市 #440(449,149)を攻撃し、陣営のために破壊宝箱×2を勝ち取りました"
#440,g-2,49,649,2026-6-13 12:05:5,#480,AA0A,IMp,1,red,enemy,range01_frame_000545.png,272.0,"#480[AA0A]が#440[IMp]領有中のLv.1都市 #440(49,649)を攻撃し、陣営のために破壊宝箱×2を勝ち取りました"
#440,d-14,649,349,2026-6-13 12:08:3,#476,476B,BAJ,3,red,enemy,range01_frame_000545.png,272.0,"#476[476B]が#440[BAJ]領有中のLv.3都市 #440(649,349)を攻撃し、陣営のために破壊宝箱×10を勝ち取りました"
#509,d-2,49,349,2026-6-13 12:09:2,#503,one,BHE,1,red,enemy,range01_frame_000545.png,272.0,"#503[one]が#509[BHE]領有中のLv.1都市 #509(49,349)を攻撃し、陣営のために破壊宝箱×2を勝ち取りました"
#440,b-10,449,149,2026-6-13 12:04:5,#476,476Z,WoW3,1,red,enemy,range01_frame_000546.png,272.0,"#476[476Z]が#440[WoW3]領有中のLv.1都市 #440(449,149)を攻撃し、陣営のために破壊宝箱×2を勝ち取りました"
#440,g-2,49,649,2026-6-13 12:05:5,#480,AA0A,IMp,1,red,enemy,range01_frame_000546.png,272.0,"#480[AA0A]が#440[IMp]領有中のLv.1都市 #440(49,649)を攻撃し、陣営のために破壊宝箱×2を勝ち取りました"
#440,d-14,649,349,2026-6-13 12:08:3,#476,476B,BAJ,3,red,enemy,range01_frame_000546.png,272.0,"#476[476B]が#440[BAJ]領有中のLv.3都市 #440(649,349)を攻撃し、陣営のために破壊宝箱×10を勝ち取りました"
#509,d-2,49,349,2026-6-13 12:09:2,#503,one,BHE,1,red,enemy,range01_frame_000546.png,272.0,"#503[one]が#509[BHE]領有中のLv.1都市 #509(49,349)を攻撃し、陣営のために破壊宝箱×2を勝ち取りました"
#534,h-8,349,749,2026-6-13 12:??:??,#476,476C,n09,2,red,enemy,range01_frame_000546.png,272.0,"#476[476C]が#534[n09]領有中のLv.2都市 #534(349,749)を攻撃し、陣営のために破壊宝箱×5を勝ち取りました"
#440,g-2,49,649,2026-6-13 12:04:5,#480,AAOA,IMp,1,red,enemy,range01_frame_000547.png,273.0,"#480[AAOA]が#440[IMp]領有中のLv.1都市 #440(49,649)を攻撃し、陣営のために破壊宝箱×2を勝ち取りました"
#440,d-14,649,349,2026-6-13 12:08:3,#476,476B,BAJ,3,red,enemy,range01_frame_000547.png,273.0,"#476[476B]が#440[BAJ]領有中のLv.3都市 #440(649,349)を攻撃し、陣営のために破壊宝箱×10を勝ち取りました"
#509,d-2,49,349,2026-6-13 12:09:2,#503,one,BHE,1,red,enemy,range01_frame_000547.png,273.0,"#503[one]が#509[BHE]領有中のLv.1都市 #509(49,349)を攻撃し、陣営のために破壊宝箱×2を勝ち取りました"
#534,h-8,349,749,2026-6-13 12:13:3,#476,476C,n09,2,red,enemy,range01_frame_000547.png,273.0,"#476[476C]が#534[n09]領有中のLv.2都市 #534(349,749)を攻撃し、陣営のために破壊宝箱×5を勝ち取りました"
#440,h-10,449,749,2026-6-13 12:14:2,#503,TIKW,GcC,2,red,enemy,range01_frame_000547.png,273.0,"#503[TIKW]が#440[GcC]領有中のLv.2都市 #440(449,749)を攻撃し、陣営のために破壊宝箱×5を勝ち取りました"
#440,d-14,649,349,2026-6-13 12:08:3,#476,476B,BAJ,3,red,enemy,range01_frame_000548.png,273.0,"#476[476B]が#440[BAJ]領有中のLv.3都市 #440(649,349)を攻撃し、陣営のために破壊宝箱×10を勝ち取りました"
#509,d-2,49,349,2026-6-13 12:09:2,#503,one,BHE,1,red,enemy,range01_frame_000548.png,273.0,"#503[one]が#509[BHE]領有中のLv.1都市 #509(49,349)を攻撃し、陣営のために破壊宝箱×2を勝ち取りました"
#534,h-8,349,749,2026-6-13 12:13:3,#476,476C,n09,2,red,enemy,range01_frame_000548.png,273.0,"#476[476C]が#534[n09]領有中のLv.2都市 #534(349,749)を攻撃し、陣営のために破壊宝箱×5を勝ち取りました"
#440,h-10,449,749,2026-6-13 12:14:2,#503,TIKW,GcC,2,red,enemy,range01_frame_000548.png,273.0,"#503[TIKW]が#440[GcC]領有中のLv.2都市 #440(449,749)を攻撃し、陣営のために破壊宝箱×5を勝ち取りました"
#440,d-14,649,349,2026-6-13 12:05:53,#476,476B,BAJ,3,red,enemy,range01_frame_000549.png,274.0,"#476[476B]が#440[BAJ]領有中のLv.3都市 #440(649,349)を攻撃し、陣営のために破壊宝箱×10を勝ち取りました"
#509,d-2,49,349,2026-6-13 12:08:33,#503,one,BHE,1,red,enemy,range01_frame_000549.png,274.0,"#503[one]が#509[BHE]領有中のLv.1都市 #509(49,349)を攻撃し、陣営のために破壊宝箱×2を勝ち取りました"
#534,h-8,349,749,2026-6-13 12:13:33,#476,476C,n09,2,red,enemy,range01_frame_000549.png,274.0,"#476[476C]が#534[n09]領有中のLv.2都市 #534(349,749)を攻撃し、陣営のために破壊宝箱×5を勝ち取りました"
#440,h-10,449,749,2026-6-13 12:14:23,#503,TIKW,GcC,2,red,enemy,range01_frame_000549.png,274.0,"#503[TIKW]が#440[GcC]領有中のLv.2都市 #440(449,749)を攻撃し、陣営のために破壊宝箱×5を勝ち取りました"
#534,h-6,249,749,2026-6-13 12:15:43,#476,476C,n09,2,red,enemy,range01_frame_000549.png,274.0,"#476[476C]が#534[n09]領有中のLv.2都市 #534(249,749)を攻撃し、陣営のために破壊宝箱×5を勝ち取りました"
#440,d-14,649,349,2026-6-13 12:08:3,#476,476B,BAJ,3,red,enemy,range01_frame_000551.png,275.0,"#476[476B]が#440[BAJ]領有中のLv.3都市 #440(649,349)を攻撃し、陣営のために破壊宝箱×10を勝ち取りました"
#509,d-2,49,349,2026-6-13 12:09:2,#503,one,BHE,1,red,enemy,range01_frame_000551.png,275.0,"#503[one]が#509[BHE]領有中のLv.1都市 #509(49,349)を攻撃し、陣営のために破壊宝箱×2を勝ち取りました"
#534,h-8,349,749,2026-6-13 12:13:3,#476,476C,n09,2,red,enemy,range01_frame_000551.png,275.0,"#476[476C]が#534[n09]領有中のLv.2都市 #534(349,749)を攻撃し、陣営のために破壊宝箱×5を勝ち取りました"
#440,h-10,449,749,2026-6-13 12:14:2,#503,TIKW,GcC,2,red,enemy,range01_frame_000551.png,275.0,"#503[TIKW]が#440[GcC]領有中のLv.2都市 #440(449,749)を攻撃し、陣営のために破壊宝箱×5を勝ち取りました"
#534,h-6,249,749,2026-6-13 12:15:4,#476,476C,n09,2,red,enemy,range01_frame_000551.png,275.0,"#476[476C]が#534[n09]領有中のLv.2都市 #534(249,749)を攻撃し、陣営のために破壊宝箱×5を勝ち取りました"
#509,d-2,49,349,2026-6-13 12:09:2,#503,one,BHE,1,red,enemy,range01_frame_000552.png,275.0,"#503[one]が#509[BHE]領有中のLv.1都市 #509(49,349)を攻撃し、陣営のために破壊宝箱×2を勝ち取りました"
#534,h-8,349,749,2026-6-13 12:13:3,#476,476C,n09,2,red,enemy,range01_frame_000552.png,275.0,"#476[476C]が#534[n09]領有中のLv.2都市 #534(349,749)を攻撃し、陣営のために破壊宝箱×5を勝ち取りました"
#440,h-10,449,749,2026-6-13 12:14:2,#503,TIKW,GcC,2,red,enemy,range01_frame_000552.png,275.0,"#503[TIKW]が#440[GcC]領有中のLv.2都市 #440(449,749)を攻撃し、陣営のために破壊宝箱×5を勝ち取りました"
#534,h-6,249,749,2026-6-13 12:15:4,#476,476C,n09,2,red,enemy,range01_frame_000552.png,275.0,"#476[476C]が#534[n09]領有中のLv.2都市 #534(249,749)を攻撃し、陣営のために破壊宝箱×5を勝ち取りました"
#523,e-4,149,449,2026-6-13 12:20:1,#509,MOn,EDFS,1,blue,ally,range01_frame_000552.png,275.0,"#509[MOn]が#523[EDFS]領有中のLv.1都市 #523(149,449)を攻撃し、陣営のために破壊宝箱×2を勝ち取りました"
#534,h-8,349,749,2026-6-13 12:13:3,#534,,,1,unknown,unknown,range01_frame_000553.png,276.0,"#534(349,749)を攻撃し、陣営のために破壊宝箱×5を勝ち取りました"
#440,h-10,449,749,2026-6-13 12:14:2,#440,GcC,,2,red,enemy,range01_frame_000553.png,276.0,"#503[TIKW]が#440[Gcc]領有中のLv.2都市 #440(449,749)を攻撃し、陣営のために破壊宝箱×5を勝ち取りました"
#534,h-6,249,749,2026-6-13 12:15:4,#534,n09,,2,red,enemy,range01_frame_000553.png,276.0,"#476[476C]が#534[n09]領有中のLv.2都市 #534(249,749)を攻撃し、陣営のために破壊宝箱×5を勝ち取りました"
#523,e-4,149,449,2026-6-13 12:20:1,#523,EDF5,,1,blue,ally,range01_frame_000553.png,276.0,"#509[MOn]が#523[EDF5]領有中のLv.1都市 #523(149,449)を攻撃し、陣営のために破壊宝箱×2を勝ち取りました"
#509,c-2,49,249,2026-6-13 12:20:1,#509,tWD,,1,red,enemy,range01_frame_000553.png,276.0,"#503[GX99]が#509[tWD]領有中のLv.1都市 #509(49,249)を攻撃し、陣営のために破壊宝箱×2を勝ち取りました"
#534,i-10,449,849,2026-6-13 12:21:0,#534,Dao,,1,red,enemy,range01_frame_000553.png,276.0,"#523[flrE]が#534[Dao]領有中のLv.1都市 #534(449,849)を攻撃し、陣営のために破壊宝箱×2を勝ち取りました"
#440,h-10,449,749,2026-6-13 12:14:2,#440,,,2,unknown,unknown,range01_frame_000554.png,276.0,"#440(449,749)を攻撃し、陣営のために破壊宝箱×5を勝ち取りました"
#534,h-6,249,749,2026-6-13 12:15:4,#476,476C,n09,2,red,enemy,range01_frame_000554.png,276.0,"#476[476C]が#534[n09]領有中のLv.2都市 #534(249,749)を攻撃し、陣営のために破壊宝箱×5を勝ち取りました"
#523,e-4,149,449,2026-6-13 12:20:1,#509,MOn,EDF5,1,blue,ally,range01_frame_000554.png,276.0,"#509[MOn]が#523[EDF5]領有中のLv.1都市 #523(149,449)を攻撃し、陣営のために破壊宝箱×2を勝ち取りました"
#509,c-2,49,249,2026-6-13 12:20:1,#503,GX99,tWD,1,red,enemy,range01_frame_000554.png,276.0,"#503[GX99]が#509[tWD]領有中のLv.1都市 #509(49,249)を攻撃し、陣営のために破壊宝箱×2を勝ち取りました"
#534,i-10,449,849,2026-6-13 12:21:0,#523,flrE,Dao,1,red,enemy,range01_frame_000554.png,276.0,"#523[flrE]が#534[Dao]領有中のLv.1都市 #534(449,849)を攻撃し、陣営のために破壊宝箱×2を勝ち取りました"
#534,h-6,249,749,2026-6-13 12:15:40,#476,476C,n09,2,red,enemy,range01_frame_000555.png,277.0,"#476[476C]が#534[n09]領有中のLv.2都市 #534(249,749)を攻撃し、陣営のために破壊宝箱×5を勝ち取りました"
#523,e-4,149,449,2026-6-13 12:20:1,#509,MOn,EDFS,1,blue,ally,range01_frame_000555.png,277.0,"#509[MOn]が#523[EDFS]領有中のLv.1都市 #523(149,449)を攻撃し、陣営のために破壊宝箱×2を勝ち取りました"
#509,c-2,49,249,2026-6-13 12:20:1,#503,GX99,tUD,1,red,enemy,range01_frame_000555.png,277.0,"#503[GX99]が#509[tUD]領有中のLv.1都市 #509(49,249)を攻撃し、陣営のために破壊宝箱×2を勝ち取りました"
#534,i-10,449,849,2026-6-13 12:21:0,#523,flrE,Dao,1,red,enemy,range01_frame_000555.png,277.0,"#523[flrE]が#534[Dao]領有中のLv.1都市 #534(449,849)を攻撃し、陣営のために破壊宝箱×2を勝ち取りました"
#440,a-8,349,49,2026-6-13 12:23:1,#523,EDFS,,1,blue,ally,range01_frame_000555.png,277.0,"#523[EDFS]が#440領有中のLv.1都市 #440(349,49)を攻撃し、陣営のために破壊宝箱×2を勝ち取りました"
#534,h-6,249,749,2026-6-13 12:15:40,#476,476C,n09,2,red,enemy,range01_frame_000556.png,277.0,"#476[476C]が#534[n09]領有中のLv.2都市 #534(249,749)を攻撃し、陣営のために破壊宝箱×5を勝ち取りました"
#523,e-4,149,449,2026-6-13 12:20:1,#509,MOn,EDFS,1,blue,ally,range01_frame_000556.png,277.0,"#509[MOn]が#523[EDFS]領有中のLv.1都市 #523(149,449)を攻撃し、陣営のために破壊宝箱×2を勝ち取りました"
#509,c-2,49,249,2026-6-13 12:20:1,#503,GX99,tUD,1,red,enemy,range01_frame_000556.png,277.0,"#503[GX99]が#509[tUD]領有中のLv.1都市 #509(49,249)を攻撃し、陣営のために破壊宝箱×2を勝ち取りました"
#534,i-10,449,849,2026-6-13 12:21:0,#523,flrE,Dao,1,red,enemy,range01_frame_000556.png,277.0,"#523[flrE]が#534[Dao]領有中のLv.1都市 #534(449,849)を攻撃し、陣営のために破壊宝箱×2を勝ち取りました"
#440,a-8,349,49,2026-6-13 12:23:1,#523,EDFS,,1,blue,ally,range01_frame_000556.png,277.0,"#523[EDFS]が#440領有中のLv.1都市 #440(349,49)を攻撃し、陣営のために破壊宝箱×2を勝ち取りました"
#534,h-6,249,749,2026-6-13 12:15:40,#534,,,1,unknown,unknown,range01_frame_000557.png,278.0,"#534(249,749)を攻撃し、陣営のために破壊宝箱×5を勝ち取りました"
#523,e-4,149,449,2026-6-13 12:20:10,#509,MOn,EDFS,1,blue,ally,range01_frame_000557.png,278.0,"#509[MOn]が#523[EDFS]領有中のLv.1都市 #523(149,449)を攻撃し、陣営のために破壊宝箱×2を勝ち取りました"
#509,c-2,49,249,2026-6-13 12:20:14,#503,GX99,tWD,1,red,enemy,range01_frame_000557.png,278.0,"#503[GX99]が#509[tWD]領有中のLv.1都市 #509(49,249)を攻撃し、陣営のために破壊宝箱×2を勝ち取りました"
#534,i-10,449,849,2026-6-13 12:21:08,#523,flrE,Dao,1,red,enemy,range01_frame_000557.png,278.0,"#523[flrE]が#534[Dao]領有中のLv.1都市 #534(449,849)を攻撃し、陣営のために破壊宝箱×2を勝ち取りました"
#440,a-8,349,49,2026-6-13 12:23:10,#523,EDFS,,1,red,enemy,range01_frame_000557.png,278.0,"#523[EDFS]が#440領有中のLv.1都市 #440(349,49)を攻撃し、陣営のために破壊宝箱×2を勝ち取りました"
#534,i-12,549,849,2026-6-13 12:24:xx,#523,flrE,f4j,1,red,enemy,range01_frame_000557.png,278.0,"#523[flrE]が#534[f4j]領有中のLv.1都市 #534(549,849)を攻撃し、陣営のために破壊宝箱×2を勝ち取りました"
#534,h-6,249,749,2026-6-13 12:15:40,#534,,,1,unknown,unknown,range01_frame_000558.png,278.0,"#534(249,749)を攻撃し、陣営のために破壊宝箱×5を勝ち取りました"
#523,e-4,149,449,2026-6-13 12:20:10,#509,MOn,EDFS,1,blue,ally,range01_frame_000558.png,278.0,"#509[MOn]が#523[EDFS]領有中のLv.1都市 #523(149,449)を攻撃し、陣営のために破壊宝箱×2を勝ち取りました"
#509,c-2,49,249,2026-6-13 12:20:14,#503,GX99,tWD,1,red,enemy,range01_frame_000558.png,278.0,"#503[GX99]が#509[tWD]領有中のLv.1都市 #509(49,249)を攻撃し、陣営のために破壊宝箱×2を勝ち取りました"
#534,i-10,449,849,2026-6-13 12:21:08,#523,flrE,Dao,1,red,enemy,range01_frame_000558.png,278.0,"#523[flrE]が#534[Dao]領有中のLv.1都市 #534(449,849)を攻撃し、陣営のために破壊宝箱×2を勝ち取りました"
#440,a-8,349,49,2026-6-13 12:23:10,#523,EDFS,,1,red,enemy,range01_frame_000558.png,278.0,"#523[EDFS]が#440領有中のLv.1都市 #440(349,49)を攻撃し、陣営のために破壊宝箱×2を勝ち取りました"
#534,i-12,549,849,2026-6-13 12:24:xx,#523,flrE,f4j,1,red,enemy,range01_frame_000558.png,278.0,"#523[flrE]が#534[f4j]領有中のLv.1都市 #534(549,849)を攻撃し、陣営のために破壊宝箱×2を勝ち取りました"
#509,c-2,49,249,2026-6-13 12:20:14,#503,GX99,tUD,1,red,enemy,range01_frame_000559.png,279.0,"#503[GX99]が#509[tUD]領有中のLv.1都市#509(49,249)を攻撃し、陣営のために破壊宝箱×2を勝ち取りました"
#534,i-10,449,849,2026-6-13 12:21:08,#523,flrE,Dao,1,red,enemy,range01_frame_000559.png,279.0,"#523[flrE]が#534[Dao]領有中のLv.1都市#534(449,849)を攻撃し、陣営のために破壊宝箱×2を勝ち取りました"
#440,a-8,349,49,2026-6-13 12:23:18,#523,EDFS,,1,red,enemy,range01_frame_000559.png,279.0,"#523[EDFS]が#440領有中のLv.1都市#440(349,49)を攻撃し、陣営のために破壊宝箱×2を勝ち取りました"
#534,i-12,549,849,2026-6-13 12:23:28,#523,flrE,f4j,1,red,enemy,range01_frame_000559.png,279.0,"#523[flrE]が#534[f4j]領有中のLv.1都市#534(549,849)を攻撃し、陣営のために破壊宝箱×2を勝ち取りました"
#523,h-16,749,749,2026-6-13 12:28:20,#440,BAJ,WUG,2,blue,ally,range01_frame_000560.png,279.0,"#440[BAJ]が#523[WUG]領有中のLv.2都市#523(749,749)を攻撃し、陣営のために破壊宝箱×5を勝ち取りました"
#534,i-12,549,849,2026-6-13 12:23:19,#523,EDFS,f4j,1,red,enemy,range01_frame_000561.png,280.0,"#523[flrE]が#534[f4j]領有中のLv.1都市#534(549,849)を攻撃し、陣営のために破壊宝箱×2を勝ち取りました"
#523,h-16,749,749,2026-6-13 12:28:2,#440,BAJ,WUG,2,blue,ally,range01_frame_000561.png,280.0,"#440[BAJ]が#523[WUG]領有中のLv.2都市#523(749,749)を攻撃し、陣営のために破壊宝箱×5を勝ち取りました"
#523,a-4,149,49,2026-6-13 12:29:2,#511,2N7,EDFS,1,blue,ally,range01_frame_000561.png,280.0,"#511[2N7]が#523[EDFS]領有中のLv.1都市#523(149,49)を攻撃し、陣営のために破壊宝箱×2を勝ち取りました"
#440,c-20,949,249,2026-6-13 12:29:55,#503,COzy,,1,red,enemy,range01_frame_000561.png,280.0,"#503[COzy]が#440領有中のLv.1都市#440(949,249)を攻撃し、陣営のために破壊宝箱×2を勝ち取りました"
#534,i-12,549,849,2026-6-13 12:23:2,#523,flrE,f4j,1,red,enemy,range01_frame_000562.png,280.0,"#523[flrE]が#534[f4j]領有中のLv.1都市#534(549,849)を攻撃し、陣営のために破壊宝箱×2を勝ち取りました"
#523,h-16,749,749,2026-6-13 12:28:2,#440,BAJ,WUG,2,blue,ally,range01_frame_000562.png,280.0,"#440[BAJ]が#523[WUG]領有中のLv.2都市#523(749,749)を攻撃し、陣営のために破壊宝箱×5を勝ち取りました"
#523,a-4,149,49,2026-6-13 12:29:2,#511,2N7,EDFS,1,blue,ally,range01_frame_000562.png,280.0,"#511[2N7]が#523[EDFS]領有中のLv.1都市#523(149,49)を攻撃し、陣営のために破壊宝箱×2を勝ち取りました"
#440,c-20,949,249,2026-6-13 12:29:55,#503,COzy,,1,red,enemy,range01_frame_000562.png,280.0,"#503[COzy]が#440領有中のLv.1都市#440(949,249)を攻撃し、陣営のために破壊宝箱×2を勝ち取りました"
#534,i-12,549,849,2026-6-13 12:23:19,#523,f4i,f4j,1,red,enemy,range01_frame_000562.png,280.0,"#523[f4i]が#534[f4j]領有中のLv.1都市#534(549,849)を攻撃し、陣営のために破壊宝箱×2を勝ち取りました"
#523,h-16,749,749,2026-6-13 12:23:28,#440,BAJ,WUG,2,blue,ally,range01_frame_000562.png,280.0,"#440[BAJ]が#523[WUG]領有中のLv.2都市#523(749,749)を攻撃し、陣営のために破壊宝箱×5を勝ち取りました"
#523,a-4,149,49,2026-6-13 12:29:2,#511,2N7,EDFS,1,blue,ally,range01_frame_000562.png,280.0,"#511[2N7]が#523[EDFS]領有中のLv.1都市#523(149,49)を攻撃し、陣営のために破壊宝箱×2を勝ち取りました"
#440,c-20,949,249,2026-6-13 12:29:55,#503,COzy,,1,red,enemy,range01_frame_000562.png,280.0,"#503[COzy]が#440領有中のLv.1都市#440(949,249)を攻撃し、陣営のために破壊宝箱×2を勝ち取りました"
#534,i-12,549,849,2026-6-13 12:23:28,#523,flrE,f4i,1,red,enemy,range01_frame_000563.png,281.0,"#523[flrE]が#534[f4i]領有中のLv.1都市#534(549,849)を攻撃し、陣営のために破壊宝箱×2を勝ち取りました"
#523,h-16,749,749,2026-6-13 12:28:20,#440,BAJ,WUG,2,blue,ally,range01_frame_000563.png,281.0,"#440[BAJ]が#523[WUG]領有中のLv.2都市#523(749,749)を攻撃し、陣営のために破壊宝箱×5を勝ち取りました"
#523,a-4,149,49,2026-6-13 12:29:20,#511,2N7,EDFS,1,blue,ally,range01_frame_000563.png,281.0,"#511[2N7]が#523[EDFS]領有中のLv.1都市#523(149,49)を攻撃し、陣営のために破壊宝箱×2を勝ち取りました"
#440,c-20,949,249,2026-6-13 12:29:54,#503,CO2y,,1,red,enemy,range01_frame_000563.png,281.0,"#503[CO2y]が#440領有中のLv.1都市#440(949,249)を攻撃し、陣営のために破壊宝箱×2を勝ち取りました"
#511,f-20,949,549,2026-6-13 12:30:00,#476,476M,SVa,1,red,enemy,range01_frame_000563.png,281.0,"#476[476M]が#511[SVa]領有中のLv.1都市#511(949,549)を攻撃し、陣営のために破壊宝箱×2を勝ち取りました"
#534,i-12,549,849,2026-6-13 12:23:28,#523,flrE,f4i,1,red,enemy,range01_frame_000564.png,281.0,"#523[flrE]が#534[f4i]領有中のLv.1都市#534(549,849)を攻撃し、陣営のために破壊宝箱×2を勝ち取りました"
#523,h-16,749,749,2026-6-13 12:28:20,#440,BAJ,WUG,2,blue,ally,range01_frame_000564.png,281.0,"#440[BAJ]が#523[WUG]領有中のLv.2都市#523(749,749)を攻撃し、陣営のために破壊宝箱×5を勝ち取りました"
#523,a-4,149,49,2026-6-13 12:29:20,#511,2N7,EDFS,1,blue,ally,range01_frame_000564.png,281.0,"#511[2N7]が#523[EDFS]領有中のLv.1都市#523(149,49)を攻撃し、陣営のために破壊宝箱×2を勝ち取りました"
#440,c-20,949,249,2026-6-13 12:29:54,#503,CO2y,,1,red,enemy,range01_frame_000564.png,281.0,"#503[CO2y]が#440領有中のLv.1都市#440(949,249)を攻撃し、陣営のために破壊宝箱×2を勝ち取りました"
#511,f-20,949,549,2026-6-13 12:30:00,#476,476M,SVa,1,red,enemy,range01_frame_000564.png,281.0,"#476[476M]が#511[SVa]領有中のLv.1都市#511(949,549)を攻撃し、陣営のために破壊宝箱×2を勝ち取りました"
#523,h-16,749,749,2026-6-13 12:28:20,#440,BAJ,WUG,2,blue,ally,range01_frame_000565.png,282.0,"#440[BAJ]が#523[WUG]領有中のLv.2都市#523(749,749)を攻撃し、陣営のために破壊宝箱×5を勝ち取りました"
#523,a-4,149,49,2026-6-13 12:29:20,#511,2N7,EDFS,1,blue,ally,range01_frame_000565.png,282.0,"#511[2N7]が#523[EDFS]領有中のLv.1都市#523(149,49)を攻撃し、陣営のために破壊宝箱×2を勝ち取りました"
#440,c-20,949,249,2026-6-13 12:29:50,#503,COZy,,1,red,enemy,range01_frame_000565.png,282.0,"#503[COZy]が#440領有中のLv.1都市#440(949,249)を攻撃し、陣営のために破壊宝箱×2を勝ち取りました"
#511,f-20,949,549,2026-6-13 12:30:00,#476,476M,SVa,1,red,enemy,range01_frame_000565.png,282.0,"#476[476M]が#511[SVa]領有中のLv.1都市#511(949,549)を攻撃し、陣営のために破壊宝箱×2を勝ち取りました"
#523,b-4,149,149,2026-6-13 12:31:40,#511,2N7,EDFS,1,blue,ally,range01_frame_000566.png,282.0,"#511[2N7]が#523[EDFS]領有中のLv.1都市#523(149,149)を攻撃し、陣営のために破壊宝箱×2を勝ち取りました"
#440,g-4,149,649,2026-6-13 12:32:40,#480,BgNa,IMp,1,red,enemy,range01_frame_000566.png,282.0,"#480[BgNa]が#440[IMp]領有中のLv.1都市#440(149,649)を攻撃し、陣営のために破壊宝箱×2を勝ち取りました"
#511,f-20,949,549,2026-6-13 12:30:00,#476,476M,SVa,1,red,enemy,range01_frame_000567.png,283.0,"#476[476M]が#511[SVa]領有中のLv.1都市 #511(949,549)を攻撃し、陣営のために破壊宝箱×2を勝ち取りました"
#523,b-4,149,149,2026-6-13 12:31:40,#511,2N7,EDFS,1,blue,ally,range01_frame_000567.png,283.0,"#511[2N7]が#523[EDFS]領有中のLv.1都市 #523(149,149)を攻撃し、陣営のために破壊宝箱×2を勝ち取りました"
#440,g-4,149,649,2026-6-13 12:32:40,#480,BgNa,Mp,1,red,enemy,range01_frame_000567.png,283.0,"#480[BgNa]が#440[Mp]領有中のLv.1都市 #440(149,649)を攻撃し、陣営のために破壊宝箱×2を勝ち取りました"
#534,h-14,649,749,2026-6-13 12:33:20,#476,476X,nol,2,red,enemy,range01_frame_000567.png,283.0,"#476[476X]が#534[nol]領有中のLv.2都市 #534(649,749)を攻撃し、陣営のために破壊宝箱×5を勝ち取りました"
#440,i-16,749,849,2026-6-13 12:36:00,#480,RCON,TaU,1,red,enemy,range01_frame_000567.png,283.0,"#480[RCON]が#440[TaU]領有中のLv.1都市 #440(749,849)を攻撃し、陣営のために破壊宝箱×2を勝ち取りました"
#511,f-20,949,549,2026-6-13 12:30:00,#476,476M,SVa,1,red,enemy,range01_frame_000568.png,283.0,"#476[476M]が#511[SVa]領有中のLv.1都市 #511(949,549)を攻撃し、陣営のために破壊宝箱×2を勝ち取りました"
#523,b-4,149,149,2026-6-13 12:31:40,#511,2N7,EDFS,1,blue,ally,range01_frame_000568.png,283.0,"#511[2N7]が#523[EDFS]領有中のLv.1都市 #523(149,149)を攻撃し、陣営のために破壊宝箱×2を勝ち取りました"
#440,g-4,149,649,2026-6-13 12:32:40,#480,BgNa,Mp,1,red,enemy,range01_frame_000568.png,283.0,"#480[BgNa]が#440[Mp]領有中のLv.1都市 #440(149,649)を攻撃し、陣営のために破壊宝箱×2を勝ち取りました"
#534,h-14,649,749,2026-6-13 12:33:20,#476,476X,nol,2,red,enemy,range01_frame_000568.png,283.0,"#476[476X]が#534[nol]領有中のLv.2都市 #534(649,749)を攻撃し、陣営のために破壊宝箱×5を勝ち取りました"
#440,i-16,749,849,2026-6-13 12:36:00,#480,RCON,TaU,1,red,enemy,range01_frame_000568.png,283.0,"#480[RCON]が#440[TaU]領有中のLv.1都市 #440(749,849)を攻撃し、陣営のために破壊宝箱×2を勝ち取りました"
#523,b-4,149,149,2026-6-13 12:31:4,#511,2N7,EDFS,1,blue,ally,range01_frame_000569.png,284.0,"#511[2N7]が#523[EDFS]領有中のLv.1都市 #523(149,149)を攻撃し、陣営のために破壊宝箱×2を勝ち取りました"
#440,g-4,149,649,2026-6-13 12:32:4,#480,BgNa,IMp,1,red,enemy,range01_frame_000569.png,284.0,"#480[BgNa]が#440[IMp]領有中のLv.1都市 #440(149,649)を攻撃し、陣営のために破壊宝箱×2を勝ち取りました"
#534,h-14,649,749,2026-6-13 12:33:2,#476,476X,nol,2,red,enemy,range01_frame_000569.png,284.0,"#476[476X]が#534[nol]領有中のLv.2都市 #534(649,749)を攻撃し、陣営のために破壊宝箱×5を勝ち取りました"
#440,i-16,749,849,2026-6-13 12:36:0,#480,RCON,TaU,1,red,enemy,range01_frame_000569.png,284.0,"#480[RCON]が#440[TaU]領有中のLv.1都市 #440(749,849)を攻撃し、陣営のために破壊宝箱×2を勝ち取りました"
#440,b-20,949,149,2026-6-13 12:36:5,#503,fzn,DOLU,1,red,enemy,range01_frame_000569.png,284.0,"#503[fzn]が#440[DOLU]領有中のLv.1都市 #440(949,149)を攻撃し、陣営のために破壊宝箱×2を勝ち取りました"
#523,b-4,149,149,2026-6-13 12:31:4,#511,2N7,EDFS,1,blue,ally,range01_frame_000571.png,285.0,"#511[2N7]が#523[EDFS]領有中のLv.1都市 #523(149,149)を攻撃し、陣営のために破壊宝箱×2を勝ち取りました"
#440,g-4,149,649,2026-6-13 12:32:4,#480,BgNa,IMp,1,red,enemy,range01_frame_000571.png,285.0,"#480[BgNa]が#440[IMp]領有中のLv.1都市 #440(149,649)を攻撃し、陣営のために破壊宝箱×2を勝ち取りました"
#534,h-14,649,749,2026-6-13 12:33:2,#476,476X,nol,2,red,enemy,range01_frame_000571.png,285.0,"#476[476X]が#534[nol]領有中のLv.2都市 #534(649,749)を攻撃し、陣営のために破壊宝箱×5を勝ち取りました"
#440,i-16,749,849,2026-6-13 12:36:0,#480,RCON,TaW,1,red,enemy,range01_frame_000571.png,285.0,"#480[RCON]が#440[TaW]領有中のLv.1都市 #440(749,849)を攻撃し、陣営のために破壊宝箱×2を勝ち取りました"
#440,b-20,949,149,2026-6-13 12:36:5,#503,fzn,DOLU,1,red,enemy,range01_frame_000571.png,285.0,"#503[fzn]が#440[DOLU]領有中のLv.1都市 #440(949,149)を攻撃し、陣営のために破壊宝箱×2を勝ち取りました"
#523,b-4,149,149,2026-6-13 12:31:4,#511,2N7,EDFS,1,blue,ally,range01_frame_000572.png,285.0,"#511[2N7]が#523[EDFS]領有中のLv.1都市 #523(149,149)を攻撃し、陣営のために破壊宝箱×2を勝ち取りました"
#440,g-4,149,649,2026-6-13 12:32:4,#480,BgNa,IMp,1,red,enemy,range01_frame_000572.png,285.0,"#480[BgNa]が#440[IMp]領有中のLv.1都市 #440(149,649)を攻撃し、陣営のために破壊宝箱×2を勝ち取りました"
#534,h-14,649,749,2026-6-13 12:33:2,#476,476X,nol,2,red,enemy,range01_frame_000572.png,285.0,"#476[476X]が#534[nol]領有中のLv.2都市 #534(649,749)を攻撃し、陣営のために破壊宝箱×5を勝ち取りました"
#440,i-16,749,849,2026-6-13 12:36:0,#480,RCON,TaW,1,red,enemy,range01_frame_000572.png,285.0,"#480[RCON]が#440[TaW]領有中のLv.1都市 #440(749,849)を攻撃し、陣営のために破壊宝箱×2を勝ち取りました"
#440,b-20,949,149,2026-6-13 12:36:5,#503,fzn,DOLU,1,red,enemy,range01_frame_000572.png,285.0,"#503[fzn]が#440[DOLU]領有中のLv.1都市 #440(949,149)を攻撃し、陣営のために破壊宝箱×2を勝ち取りました"
#523,b-4,149,149,2026-6-13 12:31:4,#511,2N7,EDFS,1,blue,ally,range01_frame_000573.png,286.0,"#511[2N7]が#523[EDFS]領有中のLv.1都市 #523(149,149)を攻撃し、陣営のために破壊宝箱×2を勝ち取りました"
#440,g-4,149,649,2026-6-13 12:32:4,#480,BgNa,IMp,1,red,enemy,range01_frame_000573.png,286.0,"#480[BgNa]が#440[IMp]領有中のLv.1都市 #440(149,649)を攻撃し、陣営のために破壊宝箱×2を勝ち取りました"
#534,h-14,649,749,2026-6-13 12:33:2,#476,476X,noI,2,red,enemy,range01_frame_000573.png,286.0,"#476[476X]が#534[noI]領有中のLv.2都市 #534(649,749)を攻撃し、陣営のために破壊宝箱×5を勝ち取りました"
#440,i-16,749,849,2026-6-13 12:36:0,#480,RCON,TaW,1,red,enemy,range01_frame_000573.png,286.0,"#480[RCON]が#440[TaW]領有中のLv.1都市 #440(749,849)を攻撃し、陣営のために破壊宝箱×2を勝ち取りました"
#440,b-20,949,149,2026-6-13 12:36:5,#503,fzn,DOLU,1,red,enemy,range01_frame_000573.png,286.0,"#503[fzn]が#440[DOLU]領有中のLv.1都市 #440(949,149)を攻撃し、陣営のために破壊宝箱×2を勝ち取りました"
#440,c-18,849,249,2026-6-13 12:37:4,#503,COzy,,1,blue,ally,range01_frame_000573.png,286.0,"#503[COzy]が#440領有中のLv.1都市 #440(849,249)を攻撃し、陣営のために破壊宝箱×2を勝ち取りました"
#534,h-14,649,749,2026-6-13 12:33:2,#476,476X,noI,2,red,enemy,range01_frame_000574.png,286.0,"#476[476X]が#534[noI]領有中のLv.2都市 #534(649,749)を攻撃し、陣営のために破壊宝箱×5を勝ち取りました"
#440,i-16,749,849,2026-6-13 12:36:0,#480,RCON,TaW,1,red,enemy,range01_frame_000574.png,286.0,"#480[RCON]が#440[TaW]領有中のLv.1都市 #440(749,849)を攻撃し、陣営のために破壊宝箱×2を勝ち取りました"
#440,b-20,949,149,2026-6-13 12:36:5,#503,fzn,DOLU,1,red,enemy,range01_frame_000574.png,286.0,"#503[fzn]が#440[DOLU]領有中のLv.1都市 #440(949,149)を攻撃し、陣営のために破壊宝箱×2を勝ち取りました"
#440,c-18,849,249,2026-6-13 12:37:4,#503,COzy,,1,blue,ally,range01_frame_000574.png,286.0,"#503[COzy]が#440領有中のLv.1都市 #440(849,249)を攻撃し、陣営のために破壊宝箱×2を勝ち取りました"
#440,b-20,949,149,2026-6-13 12:36:0,#503,fzn,DOLU,1,red,enemy,range01_frame_000575.png,287.0,"#503[fzn]が#440[DOLU]領有中のLv.1都市 #440(949,149)を攻撃し、陣営のために破壊宝箱×2を勝ち取りました"
#440,c-18,849,249,2026-6-13 12:37:4,#503,COZy,,1,blue,ally,range01_frame_000575.png,287.0,"#503[COZy]が#440領有中のLv.1都市 #440(849,249)を攻撃し、陣営のために破壊宝箱×2を勝ち取りました"
#440,a-10,449,49,2026-6-13 12:37:5,#523,NBNH,WoU3,1,red,enemy,range01_frame_000575.png,287.0,"#523[NBNH]が#440[WoU3]領有中のLv.1都市 #440(449,49)を攻撃し、陣営のために破壊宝箱×2を勝ち取りました"
#440,b-18,849,149,2026-6-13 12:37:5,#503,fzn,DOLU,1,red,enemy,range01_frame_000575.png,287.0,"#503[fzn]が#440[DOLU]領有中のLv.1都市 #440(849,149)を攻撃し、陣営のために破壊宝箱×2を勝ち取りました"
#523,d-6,249,349,2026-6-13 12:39:5,#509,SsQ,EDFS,2,blue,ally,range01_frame_000575.png,287.0,"#509[SsQ]が#523[EDFS]領有中のLv.2都市 #523(249,349)を攻撃し、陣営のために破壊宝箱×5を勝ち取りました"
#440,b-20,949,149,2026-6-13 12:36:5,#503,fzn,DOLU,1,red,enemy,range01_frame_000576.png,287.0,"#503[fzn]が#440[DOLU]領有中のLv.1都市 #440(949,149)を攻撃し、陣営のために破壊宝箱×2を勝ち取りました"
#440,c-18,849,249,2026-6-13 12:37:4,#503,COZy,,1,blue,ally,range01_frame_000576.png,287.0,"#503[COZy]が#440領有中のLv.1都市 #440(849,249)を攻撃し、陣営のために破壊宝箱×2を勝ち取りました"
#440,a-10,449,49,2026-6-13 12:37:5,#523,NBNH,WoU3,1,red,enemy,range01_frame_000576.png,287.0,"#523[NBNH]が#440[WoU3]領有中のLv.1都市 #440(449,49)を攻撃し、陣営のために破壊宝箱×2を勝ち取りました"
#440,b-18,849,149,2026-6-13 12:38:2,#503,fzn,DOLU,1,red,enemy,range01_frame_000576.png,287.0,"#503[fzn]が#440[DOLU]領有中のLv.1都市 #440(849,149)を攻撃し、陣営のために破壊宝箱×2を勝ち取りました"
#523,d-6,249,349,2026-6-13 12:39:5,#509,SsQ,EDFS,2,blue,ally,range01_frame_000576.png,287.0,"#509[SsQ]が#523[EDFS]領有中のLv.2都市 #523(249,349)を攻撃し、陣営のために破壊宝箱×5を勝ち取りました"
#440,c-18,849,249,2026-6-13 12:36:5,#503,COzy,,1,red,enemy,range01_frame_000577.png,288.0,"#503[COzy]が#440領有中のLv.1都市#440(849,249)を攻撃し、陣営のために破壊宝箱×2を勝ち取りました"
#440,a-10,449,49,2026-6-13 12:37:4,#523,NBNH,WoW3,1,red,enemy,range01_frame_000577.png,288.0,"#523[NBNH]が#440[WoW3]領有中のLv.1都市#440(449,49)を攻撃し、陣営のために破壊宝箱×2を勝ち取りました"
#440,b-18,849,149,2026-6-13 12:38:2,#503,fzn,DOLU,1,red,enemy,range01_frame_000577.png,288.0,"#503[fzn]が#440[DOLU]領有中のLv.1都市#440(849,149)を攻撃し、陣営のために破壊宝箱×2を勝ち取りました"
#523,d-6,249,349,2026-6-13 12:39:5,#509,SsQ,EDFS,2,blue,ally,range01_frame_000577.png,288.0,"#509[SsQ]が#523[EDFS]領有中のLv.2都市#523(249,349)を攻撃し、陣営のために破壊宝箱×5を勝ち取りました"
#534,f-20,949,549,2026-6-13 12:46:0,#503,Bye,89M,1,red,enemy,range01_frame_000577.png,288.0,"#503[Bye]が#534[89M]領有中のLv.1都市#534(949,549)を攻撃し、陣営のために破壊宝箱×2を勝ち取りました"
#440,c-18,849,249,2026-6-13 12:37:4,#503,COzy,,1,red,enemy,range01_frame_000578.png,288.0,"#503[COzy]が#440領有中のLv.1都市#440(849,249)を攻撃し、陣営のために破壊宝箱×2を勝ち取りました"
#440,a-10,449,49,2026-6-13 12:37:5,#523,NBNH,WoW3,1,red,enemy,range01_frame_000578.png,288.0,"#523[NBNH]が#440[WoW3]領有中のLv.1都市#440(449,49)を攻撃し、陣営のために破壊宝箱×2を勝ち取りました"
#440,b-18,849,149,2026-6-13 12:38:2,#503,fzn,DOLU,1,red,enemy,range01_frame_000578.png,288.0,"#503[fzn]が#440[DOLU]領有中のLv.1都市#440(849,149)を攻撃し、陣営のために破壊宝箱×2を勝ち取りました"
#523,d-6,249,349,2026-6-13 12:39:5,#509,SsQ,EDFS,2,blue,ally,range01_frame_000578.png,288.0,"#509[SsQ]が#523[EDFS]領有中のLv.2都市#523(249,349)を攻撃し、陣営のために破壊宝箱×5を勝ち取りました"
#534,f-20,949,549,2026-6-13 12:46:0,#503,Bye,89M,1,red,enemy,range01_frame_000578.png,288.0,"#503[Bye]が#534[89M]領有中のLv.1都市#534(949,549)を攻撃し、陣営のために破壊宝箱×2を勝ち取りました"
#440,c-18,849,249,2026-6-13 12:37:43,#503,C0zy,,1,red,enemy,range01_frame_000579.png,289.0,"#503[C0zy]が#440領有中のLv.1都市 #440(849,249)を攻撃し、陣営のために破壊宝箱×2を勝ち取りました"
#440,a-10,449,49,2026-6-13 12:37:5,#523,NBNH,WoUW3,1,red,enemy,range01_frame_000579.png,289.0,"#523[NBNH]が#440[WoUW3]領有中のLv.1都市 #440(449,49)を攻撃し、陣営のために破壊宝箱×2を勝ち取りました"
#440,b-18,849,149,2026-6-13 12:38:2,#503,fzn,DOLU,1,red,enemy,range01_frame_000579.png,289.0,"#503[fzn]が#440[DOLU]領有中のLv.1都市 #440(849,149)を攻撃し、陣営のために破壊宝箱×2を勝ち取りました"
#523,d-6,249,349,2026-6-13 12:39:5,#509,SsQ,EDFS,2,blue,ally,range01_frame_000579.png,289.0,"#509[SsQ]が#523[EDFS]領有中のLv.2都市 #523(249,349)を攻撃し、陣営のために破壊宝箱×5を勝ち取りました"
#534,f-20,949,549,2026-6-13 12:46:0,#503,Bye,89M,1,red,enemy,range01_frame_000579.png,289.0,"#503[Bye]が#534[89M]領有中のLv.1都市 #534(949,549)を攻撃し、陣営のために破壊宝箱×2を勝ち取りました"
#534,h-16,749,749,2026-6-13 12:46:0,#503,xjR,89M,2,red,enemy,range01_frame_000579.png,289.0,"#503[xjR]が#534[89M]領有中のLv.2都市 #534(749,749)を攻撃し、陣営のために破壊宝箱×5を勝ち取りました"
#440,a-10,449,49,2026-6-13 12:37:5,#523,NBNH,WoUW3,1,red,enemy,range01_frame_000580.png,289.0,"#523[NBNH]が#440[WoUW3]領有中のLv.1都市 #440(449,49)を攻撃し、陣営のために破壊宝箱×2を勝ち取りました"
#440,b-18,849,149,2026-6-13 12:38:2,#503,fzn,DOLU,1,red,enemy,range01_frame_000580.png,289.0,"#503[fzn]が#440[DOLU]領有中のLv.1都市 #440(849,149)を攻撃し、陣営のために破壊宝箱×2を勝ち取りました"
#523,d-6,249,349,2026-6-13 12:39:5,#509,SsQ,EDFS,2,blue,ally,range01_frame_000580.png,289.0,"#509[SsQ]が#523[EDFS]領有中のLv.2都市 #523(249,349)を攻撃し、陣営のために破壊宝箱×5を勝ち取りました"
#534,f-20,949,549,2026-6-13 12:46:0,#503,Bye,89M,1,red,enemy,range01_frame_000580.png,289.0,"#503[Bye]が#534[89M]領有中のLv.1都市 #534(949,549)を攻撃し、陣営のために破壊宝箱×2を勝ち取りました"
#534,h-16,749,749,2026-6-13 12:46:0,#503,xjR,89M,2,red,enemy,range01_frame_000580.png,289.0,"#503[xjR]が#534[89M]領有中のLv.2都市 #534(749,749)を攻撃し、陣営のために破壊宝箱×5を勝ち取りました"
#534,f-20,949,549,2026-6-13 12:39:5,#503,Bye,89M,1,red,enemy,range01_frame_000581.png,290.0,"#503[Bye]が#534[89M]領有中のLv.1都市#534(949,549)を攻撃し、陣営のために破壊宝箱×2を勝ち取りました"
#534,h-16,749,749,2026-6-13 12:51:1,#503,xjR,89M,2,red,enemy,range01_frame_000581.png,290.0,"#503[xjR]が#534[89M]領有中のLv.2都市#534(749,749)を攻撃し、陣営のために破壊宝箱×5を勝ち取りました"
#440,d-10,449,349,2026-6-13 20:13:1,#476,476B,GcC,3,red,enemy,range01_frame_000581.png,290.0,"#476[476B]が#440[GcC]領有中のLv.3都市#440(449,349)を攻撃し、陣営のために破壊宝箱×10を勝ち取りました"
#440,d-8,349,349,2026-6-13 20:15:0,#476,476X,GcC,3,red,enemy,range01_frame_000581.png,290.0,"#476[476X]が#440[GcC]領有中のLv.3都市#440(349,349)を攻撃し、陣営のために破壊宝箱×10を勝ち取りました"
#440,g-8,349,649,2026-6-13 20:15:3,#476,476A,GcC,3,red,enemy,range01_frame_000581.png,290.0,"#476[476A]が#440[GcC]領有中のLv.3都市#440(349,649)を攻撃し、陣営のために破壊宝箱×10を勝ち取りました"
#534,f-20,949,549,2026-6-13 12:39:5,#503,Bye,89M,1,red,enemy,range01_frame_000582.png,290.0,"#503[Bye]が#534[89M]領有中のLv.1都市#534(949,549)を攻撃し、陣営のために破壊宝箱×2を勝ち取りました"
#534,h-16,749,749,2026-6-13 12:51:1,#503,xjR,89M,2,red,enemy,range01_frame_000582.png,290.0,"#503[xjR]が#534[89M]領有中のLv.2都市#534(749,749)を攻撃し、陣営のために破壊宝箱×5を勝ち取りました"
#440,d-10,449,349,2026-6-13 20:13:1,#476,476B,GcC,3,red,enemy,range01_frame_000582.png,290.0,"#476[476B]が#440[GcC]領有中のLv.3都市#440(449,349)を攻撃し、陣営のために破壊宝箱×10を勝ち取りました"
#440,d-8,349,349,2026-6-13 20:15:0,#476,476X,GcC,3,red,enemy,range01_frame_000582.png,290.0,"#476[476X]が#440[GcC]領有中のLv.3都市#440(349,349)を攻撃し、陣営のために破壊宝箱×10を勝ち取りました"
#440,g-8,349,649,2026-6-13 20:15:3,#476,476A,GcC,3,red,enemy,range01_frame_000582.png,290.0,"#476[476A]が#440[GcC]領有中のLv.3都市#440(349,649)を攻撃し、陣営のために破壊宝箱×10を勝ち取りました"
#534,h-16,749,749,2026-6-13 12:51:1,#503,xjR,89M,2,red,enemy,range01_frame_000583.png,291.0,"#503[xjR]が#534[89M]領有中のLv.2都市 #534(749,749)を攻撃し、陣営のために破壊宝箱×5を勝ち取りました"
#440,d-10,449,349,2026-6-13 20:13:1,#476,476B,GcC,3,red,enemy,range01_frame_000583.png,291.0,"#476[476B]が#440[GcC]領有中のLv.3都市 #440(449,349)を攻撃し、陣営のために破壊宝箱×10を勝ち取りました"
#440,d-8,349,349,2026-6-13 20:15:0,#476,476X,GcC,3,red,enemy,range01_frame_000583.png,291.0,"#476[476X]が#440[GcC]領有中のLv.3都市 #440(349,349)を攻撃し、陣営のために破壊宝箱×10を勝ち取りました"
#440,g-8,349,649,2026-6-13 20:15:3,#476,476A,GcC,3,red,enemy,range01_frame_000583.png,291.0,"#476[476A]が#440[GcC]領有中のLv.3都市 #440(349,649)を攻撃し、陣営のために破壊宝箱×10を勝ち取りました"
#534,b-8,349,149,2026-6-13 20:15:4,#476,476Z,SHA0,1,red,enemy,range01_frame_000583.png,291.0,"#476[476Z]が#534[SHA0]領有中のLv.1都市 #534(349,149)を攻撃し、陣営のために破壊宝箱×2を勝ち取りました"
#534,h-16,749,749,2026-6-13 12:51:1,#503,xjR,89M,2,red,enemy,range01_frame_000584.png,291.0,"#503[xjR]が#534[89M]領有中のLv.2都市 #534(749,749)を攻撃し、陣営のために破壊宝箱×5を勝ち取りました"
#440,d-10,449,349,2026-6-13 20:13:1,#476,476B,GcC,3,red,enemy,range01_frame_000584.png,291.0,"#476[476B]が#440[GcC]領有中のLv.3都市 #440(449,349)を攻撃し、陣営のために破壊宝箱×10を勝ち取りました"
#440,d-8,349,349,2026-6-13 20:15:0,#476,476X,GcC,3,red,enemy,range01_frame_000584.png,291.0,"#476[476X]が#440[GcC]領有中のLv.3都市 #440(349,349)を攻撃し、陣営のために破壊宝箱×10を勝ち取りました"
#440,g-8,349,649,2026-6-13 20:15:3,#476,476A,GcC,3,red,enemy,range01_frame_000584.png,291.0,"#476[476A]が#440[GcC]領有中のLv.3都市 #440(349,649)を攻撃し、陣営のために破壊宝箱×10を勝ち取りました"
#534,b-8,349,149,2026-6-13 20:15:4,#476,476Z,SHA0,1,red,enemy,range01_frame_000584.png,291.0,"#476[476Z]が#534[SHA0]領有中のLv.1都市 #534(349,149)を攻撃し、陣営のために破壊宝箱×2を勝ち取りました"
#534,h-16,749,749,2026-6-13 12:46:0,#503,xjR,89M,2,red,enemy,range01_frame_000585.png,292.0,"#503[xjR]が#534[89M]領有中のLv.2都市 #534(749,749)を攻撃し、陣営のために破壊宝箱×5を勝ち取りました"
#440,d-10,449,349,2026-6-13 20:13:1,#476,476B,GcC,3,red,enemy,range01_frame_000585.png,292.0,"#476[476B]が#440[GcC]領有中のLv.3都市 #440(449,349)を攻撃し、陣営のために破壊宝箱×10を勝ち取りました"
#440,d-8,349,349,2026-6-13 20:15:0,#476,476X,GcC,3,red,enemy,range01_frame_000585.png,292.0,"#476[476X]が#440[GcC]領有中のLv.3都市 #440(349,349)を攻撃し、陣営のために破壊宝箱×10を勝ち取りました"
#440,g-8,349,649,2026-6-13 20:15:3,#476,476A,GcC,3,red,enemy,range01_frame_000585.png,292.0,"#476[476A]が#440[GcC]領有中のLv.3都市 #440(349,649)を攻撃し、陣営のために破壊宝箱×10を勝ち取りました"
#534,b-8,349,149,2026-6-13 20:16:2,#476,476Z,SHA0,1,red,enemy,range01_frame_000585.png,292.0,"#476[476Z]が#534[SHA0]領有中のLv.1都市 #534(349,149)を攻撃し、陣営のために破壊宝箱×2を勝ち取りました"
#534,h-16,749,749,2026-6-13 12:46:0,#503,xjR,89M,2,red,enemy,range01_frame_000586.png,292.0,"#503[xjR]が#534[89M]領有中のLv.2都市 #534(749,749)を攻撃し、陣営のために破壊宝箱×5を勝ち取りました"
#440,d-10,449,349,2026-6-13 20:13:1,#476,476B,GcC,3,red,enemy,range01_frame_000586.png,292.0,"#476[476B]が#440[GcC]領有中のLv.3都市 #440(449,349)を攻撃し、陣営のために破壊宝箱×10を勝ち取りました"
#440,d-8,349,349,2026-6-13 20:15:0,#476,476X,GcC,3,red,enemy,range01_frame_000586.png,292.0,"#476[476X]が#440[GcC]領有中のLv.3都市 #440(349,349)を攻撃し、陣営のために破壊宝箱×10を勝ち取りました"
#440,g-8,349,649,2026-6-13 20:15:3,#476,476A,GcC,3,red,enemy,range01_frame_000586.png,292.0,"#476[476A]が#440[GcC]領有中のLv.3都市 #440(349,649)を攻撃し、陣営のために破壊宝箱×10を勝ち取りました"
#534,b-8,349,149,2026-6-13 20:16:2,#476,476Z,SHA0,1,red,enemy,range01_frame_000586.png,292.0,"#476[476Z]が#534[SHA0]領有中のLv.1都市 #534(349,149)を攻撃し、陣営のために破壊宝箱×2を勝ち取りました"
#440,d-10,449,349,2026-6-13 20:13:14,#476,476B,GcC,3,red,enemy,range01_frame_000587.png,293.0,"#476[476B]が#440[GcC]領有中のLv.3都市 #440(449,349)を攻撃し、陣営のために破壊宝箱×10を勝ち取りました"
#440,d-8,349,349,2026-6-13 20:15:00,#476,476X,GcC,3,red,enemy,range01_frame_000587.png,293.0,"#476[476X]が#440[GcC]領有中のLv.3都市 #440(349,349)を攻撃し、陣営のために破壊宝箱×10を勝ち取りました"
#440,g-8,349,649,2026-6-13 20:15:30,#476,476A,GcC,3,red,enemy,range01_frame_000587.png,293.0,"#476[476A]が#440[GcC]領有中のLv.3都市 #440(349,649)を攻撃し、陣営のために破壊宝箱×10を勝ち取りました"
#534,b-8,349,149,2026-6-13 20:16:20,#476,476Z,SHAO,1,red,enemy,range01_frame_000587.png,293.0,"#476[476Z]が#534[SHAO]領有中のLv.1都市 #534(349,149)を攻撃し、陣営のために破壊宝箱×2を勝ち取りました"
#523,h-18,849,749,2026-6-13 20:22:50,#511,JLO,ALJ,1,blue,ally,range01_frame_000587.png,293.0,"#511[JLO]が#476[ALJ]領有中のLv.1都市 #523(849,749)を攻撃し、陣営のために破壊宝箱×2を勝ち取りました"
#534,f-18,849,549,2026-6-13 20:23:10,#503,Bye,JDX,1,red,enemy,range01_frame_000587.png,293.0,"#503[Bye]が#534[JDX]領有中のLv.1都市 #534(849,549)を攻撃し、陣営のために破壊宝箱×2を勝ち取りました"
#440,d-8,349,349,2026-6-13 20:15:00,#476,476X,GcC,3,red,enemy,range01_frame_000588.png,293.0,"#476[476X]が#440[GcC]領有中のLv.3都市 #440(349,349)を攻撃し、陣営のために破壊宝箱×10を勝ち取りました"
#440,g-8,349,649,2026-6-13 20:15:30,#476,476A,GcC,3,red,enemy,range01_frame_000588.png,293.0,"#476[476A]が#440[GcC]領有中のLv.3都市 #440(349,649)を攻撃し、陣営のために破壊宝箱×10を勝ち取りました"
#534,b-8,349,149,2026-6-13 20:16:20,#476,476Z,SHAO,1,red,enemy,range01_frame_000588.png,293.0,"#476[476Z]が#534[SHAO]領有中のLv.1都市 #534(349,149)を攻撃し、陣営のために破壊宝箱×2を勝ち取りました"
#523,h-18,849,749,2026-6-13 20:22:50,#511,JLO,ALJ,1,blue,ally,range01_frame_000588.png,293.0,"#511[JLO]が#476[ALJ]領有中のLv.1都市 #523(849,749)を攻撃し、陣営のために破壊宝箱×2を勝ち取りました"
#534,f-18,849,549,2026-6-13 20:23:10,#503,Bye,JDX,1,red,enemy,range01_frame_000588.png,293.0,"#503[Bye]が#534[JDX]領有中のLv.1都市 #534(849,549)を攻撃し、陣営のために破壊宝箱×2を勝ち取りました"
#534,b-8,349,149,2026-6-13 20:16:20,#476,476Z,SHA0,1,red,enemy,range01_frame_000589.png,294.0,"#476[476Z]が#534[SHA0]領有中のLv.1都市 #534(349,149)を攻撃し、陣営のために破壊宝箱×2を勝ち取りました"
#523,h-18,849,749,2026-6-13 20:22:5?,#511,JLO,ALj,1,blue,ally,range01_frame_000589.png,294.0,"#511[JLO]が#476[ALj]領有中のLv.1都市 #523(849,749)を攻撃し、陣営のために破壊宝箱×2を勝ち取りました"
#534,f-18,849,549,2026-6-13 20:23:1?,#503,Bye,JDX,1,red,enemy,range01_frame_000589.png,294.0,"#503[Bye]が#534[JDX]領有中のLv.1都市 #534(849,549)を攻撃し、陣営のために破壊宝箱×2を勝ち取りました"
#440,a-12,549,49,2026-6-13 20:39:08,#523,5DU,WoW3,1,red,enemy,range01_frame_000589.png,294.0,"#523[5DU]が#440[WoW3]領有中のLv.1都市 #440(549,49)を攻撃し、陣営のために破壊宝箱×2を勝ち取りました"
#511,c-6,249,249,2026-6-13 20:41:0?,#523,WUG,2N7,2,red,enemy,range01_frame_000589.png,294.0,"#523[WUG]が#511[2N7]領有中のLv.2都市 #511(249,249)を攻撃し、陣営のために破壊宝箱×5を勝ち取りました"
#534,b-8,349,149,2026-6-13 20:16:20,#476,476Z,SHA0,1,red,enemy,range01_frame_000590.png,294.0,"#476[476Z]が#534[SHA0]領有中のLv.1都市 #534(349,149)を攻撃し、陣営のために破壊宝箱×2を勝ち取りました"
#523,h-18,849,749,2026-6-13 20:22:5?,#511,JLO,ALj,1,blue,ally,range01_frame_000590.png,294.0,"#511[JLO]が#476[ALj]領有中のLv.1都市 #523(849,749)を攻撃し、陣営のために破壊宝箱×2を勝ち取りました"
#534,f-18,849,549,2026-6-13 20:23:1?,#503,Bye,JDX,1,red,enemy,range01_frame_000590.png,294.0,"#503[Bye]が#534[JDX]領有中のLv.1都市 #534(849,549)を攻撃し、陣営のために破壊宝箱×2を勝ち取りました"
#440,a-12,549,49,2026-6-13 20:39:08,#523,5DU,WoW3,1,red,enemy,range01_frame_000590.png,294.0,"#523[5DU]が#440[WoW3]領有中のLv.1都市 #440(549,49)を攻撃し、陣営のために破壊宝箱×2を勝ち取りました"
#511,c-6,249,249,2026-6-13 20:41:0?,#523,WUG,2N7,2,red,enemy,range01_frame_000590.png,294.0,"#523[WUG]が#511[2N7]領有中のLv.2都市 #511(249,249)を攻撃し、陣営のために破壊宝箱×5を勝ち取りました"
#534,b-8,349,149,2026-6-13 20:16:20,,unknown,,1,unknown,unknown,range01_frame_000591.png,295.0,"#534(349,149)を攻撃し、陣営のために破壊宝箱×2を勝ち取りました"
#523,h-18,849,749,2026-6-13 20:22:50,#511,JLO,,1,blue,ally,range01_frame_000591.png,295.0,"#511[JLO]が#476[ALi]領有中のLv.1都市#523(849,749)を攻撃し、陣営のために破壊宝箱×2を勝ち取りました"
#534,f-18,849,549,2026-6-13 20:23:10,#503,Bye,JDX,1,red,enemy,range01_frame_000591.png,295.0,"#503[Bye]が#534[JDX]領有中のLv.1都市#534(849,549)を攻撃し、陣営のために破壊宝箱×2を勝ち取りました"
#440,a-12,549,49,2026-6-13 20:39:00,#523,5DU,WoUW3,1,red,enemy,range01_frame_000591.png,295.0,"#523[5DU]が#440[WoUW3]領有中のLv.1都市#440(549,49)を攻撃し、陣営のために破壊宝箱×2を勝ち取りました"
#511,c-6,249,249,2026-6-13 20:41:00,#523,WUG,2N7,2,red,enemy,range01_frame_000591.png,295.0,"#523[WUG]が#511[2N7]領有中のLv.2都市#511(249,249)を攻撃し、陣営のために破壊宝箱×5を勝ち取りました"
#523,d-4,149,349,2026-6-13 20:41:00,#440,GoDs,EDFS,1,blue,ally,range01_frame_000591.png,295.0,"#440[GoDs]が#523[EDFS]領有中のLv.1都市#523(149,349)を攻撃し、陣営のために破壊宝箱×2を勝ち取りました"
#534,b-8,349,149,2026-6-13 20:16:20,,unknown,,1,unknown,unknown,range01_frame_000592.png,295.0,"#534(349,149)を攻撃し、陣営のために破壊宝箱×2を勝ち取りました"
#523,h-18,849,749,2026-6-13 20:22:50,#511,JLO,,1,blue,ally,range01_frame_000592.png,295.0,"#511[JLO]が#476[ALi]領有中のLv.1都市#523(849,749)を攻撃し、陣営のために破壊宝箱×2を勝ち取りました"
#534,f-18,849,549,2026-6-13 20:23:10,#503,Bye,JDX,1,red,enemy,range01_frame_000592.png,295.0,"#503[Bye]が#534[JDX]領有中のLv.1都市#534(849,549)を攻撃し、陣営のために破壊宝箱×2を勝ち取りました"
#440,a-12,549,49,2026-6-13 20:39:00,#523,5DU,WoUW3,1,red,enemy,range01_frame_000592.png,295.0,"#523[5DU]が#440[WoUW3]領有中のLv.1都市#440(549,49)を攻撃し、陣営のために破壊宝箱×2を勝ち取りました"
#511,c-6,249,249,2026-6-13 20:41:00,#523,WUG,2N7,2,red,enemy,range01_frame_000592.png,295.0,"#523[WUG]が#511[2N7]領有中のLv.2都市#511(249,249)を攻撃し、陣営のために破壊宝箱×5を勝ち取りました"
#523,d-4,149,349,2026-6-13 20:41:00,#440,GoDs,EDFS,1,blue,ally,range01_frame_000592.png,295.0,"#440[GoDs]が#523[EDFS]領有中のLv.1都市#523(149,349)を攻撃し、陣営のために破壊宝箱×2を勝ち取りました"
#523,h-18,849,749,2026-6-13 20:16:20,#511,JLO,ALj,1,blue,ally,range01_frame_000593.png,296.0,"#511[JLO]が#476[ALj]領有中のLv.1都市#523(849,749)を攻撃し、陣営のために破壊宝箱×2を勝ち取りました"
#534,f-18,849,549,2026-6-13 20:22:5,#503,Bye,JDX,1,red,enemy,range01_frame_000593.png,296.0,"#503[Bye]が#534[JDX]領有中のLv.1都市#534(849,549)を攻撃し、陣営のために破壊宝箱×2を勝ち取りました"
#440,a-12,549,49,2026-6-13 20:23:1,#523,5DU,WoW3,1,red,enemy,range01_frame_000593.png,296.0,"#523[5DU]が#440[WoW3]領有中のLv.1都市#440(549,49)を攻撃し、陣営のために破壊宝箱×2を勝ち取りました"
#511,c-6,249,249,2026-6-13 20:39:0,#523,WUG,2N7,2,red,enemy,range01_frame_000593.png,296.0,"#523[WUG]が#511[2N7]領有中のLv.2都市#511(249,249)を攻撃し、陣営のために破壊宝箱×5を勝ち取りました"
#523,d-4,149,349,2026-6-13 20:41:0,#440,GoDs,EDFS,1,blue,ally,range01_frame_000593.png,296.0,"#440[GoDs]が#523[EDFS]領有中のLv.1都市#523(149,349)を攻撃し、陣営のために破壊宝箱×2を勝ち取りました"
#523,h-18,849,749,2026-6-13 20:22:5,#511,JLO,ALj,1,blue,ally,range01_frame_000594.png,296.0,"#511[JLO]が#476[ALj]領有中のLv.1都市#523(849,749)を攻撃し、陣営のために破壊宝箱×2を勝ち取りました"
#534,f-18,849,549,2026-6-13 20:23:1,#503,Bye,JDX,1,red,enemy,range01_frame_000594.png,296.0,"#503[Bye]が#534[JDX]領有中のLv.1都市#534(849,549)を攻撃し、陣営のために破壊宝箱×2を勝ち取りました"
#440,a-12,549,49,2026-6-13 20:39:0,#523,5DU,WoW3,1,red,enemy,range01_frame_000594.png,296.0,"#523[5DU]が#440[WoW3]領有中のLv.1都市#440(549,49)を攻撃し、陣営のために破壊宝箱×2を勝ち取りました"
#511,c-6,249,249,2026-6-13 20:41:0,#523,WUG,2N7,2,red,enemy,range01_frame_000594.png,296.0,"#523[WUG]が#511[2N7]領有中のLv.2都市#511(249,249)を攻撃し、陣営のために破壊宝箱×5を勝ち取りました"
#523,d-4,149,349,2026-6-13 20:43:1,#440,GoDs,EDFS,1,blue,ally,range01_frame_000594.png,296.0,"#440[GoDs]が#523[EDFS]領有中のLv.1都市#523(149,349)を攻撃し、陣営のために破壊宝箱×2を勝ち取りました"
#534,f-18,849,549,2026-6-13 20:23:1,#503,Bye,JDX,1,red,enemy,range01_frame_000595.png,297.0,"#503[Bye]が#534[JDX]領有中のLv.1都市#534(849,549)を攻撃し、陣営のために破壊宝箱×2を勝ち取りました"
#440,a-12,549,49,2026-6-13 20:39:0,#523,5DU,WoW3,1,red,enemy,range01_frame_000595.png,297.0,"#523[5DU]が#440[WoW3]領有中のLv.1都市#440(549,49)を攻撃し、陣営のために破壊宝箱×2を勝ち取りました"
#511,c-6,249,249,2026-6-13 20:41:0,#523,WUG,2N7,2,red,enemy,range01_frame_000595.png,297.0,"#523[WUG]が#511[2N7]領有中のLv.2都市#511(249,249)を攻撃し、陣営のために破壊宝箱×5を勝ち取りました"
#523,d-4,149,349,2026-6-13 20:43:1,#440,GoDs,EDFS,1,blue,ally,range01_frame_000595.png,297.0,"#440[GoDs]が#523[EDFS]領有中のLv.1都市#523(149,349)を攻撃し、陣営のために破壊宝箱×2を勝ち取りました"
#509,b-2,49,149,2026-6-13 20:46:0,#503,GX99,SHA,1,red,enemy,range01_frame_000595.png,297.0,"#503[GX99]が#534[SHA]領有中のLv.1都市#509(49,149)を攻撃し、陣営のために破壊宝箱×2を勝ち取りました"
#440,a-12,549,49,2026-6-13 20:39:0,#523,5DU,WoW3,1,red,enemy,range01_frame_000596.png,297.0,"#523[5DU]が#440[WoW3]領有中のLv.1都市#440(549,49)を攻撃し、陣営のために破壊宝箱×2を勝ち取りました"
#511,c-6,249,249,2026-6-13 20:41:0,#523,WUG,2N7,2,red,enemy,range01_frame_000596.png,297.0,"#523[WUG]が#511[2N7]領有中のLv.2都市#511(249,249)を攻撃し、陣営のために破壊宝箱×5を勝ち取りました"
#523,d-4,149,349,2026-6-13 20:43:1,#440,GoDs,EDFS,1,blue,ally,range01_frame_000596.png,297.0,"#440[GoDs]が#523[EDFS]領有中のLv.1都市#523(149,349)を攻撃し、陣営のために破壊宝箱×2を勝ち取りました"
#509,b-2,49,149,2026-6-13 20:46:0,#503,GX99,SHA,1,red,enemy,range01_frame_000596.png,297.0,"#503[GX99]が#534[SHA]領有中のLv.1都市#509(49,149)を攻撃し、陣営のために破壊宝箱×2を勝ち取りました"
#440,d-18,849,349,2026-6-13 20:58:3,#503,hMt,,1,red,enemy,range01_frame_000596.png,297.0,"#503[hMt]が#440領有中のLv.1都市#440(849,349)を攻撃し、陣営のために破壊宝箱×2を勝ち取りました"
#440,c-16,749,249,,#503,Stj,,2,red,enemy,range01_frame_000596.png,297.0,"#503[Stj]が#440領有中のLv.2都市#440(749,249)を"
#523,d-4,149,349,2026-6-13 20:43:10,#440,GoDs,EDFS,1,blue,ally,range01_frame_000597.png,298.0,"#440[GoDs]が#523[EDFS]領有中のLv.1都市 #523(149,349)を攻撃し、陣営のために破壊宝箱×2を勝ち取りました"
#509,b-2,49,149,2026-6-13 20:46:00,#503,GX99,SHA,1,red,enemy,range01_frame_000597.png,298.0,"#503[GX99]が#534[SHA]領有中のLv.1都市 #509(49,149)を攻撃し、陣営のために破壊宝箱×2を勝ち取りました"
#440,d-18,849,349,2026-6-13 20:58:30,#503,hMt,,1,red,enemy,range01_frame_000597.png,298.0,"#503[hMt]が#440領有中のLv.1都市 #440(849,349)を攻撃し、陣営のために破壊宝箱×2を勝ち取りました"
#440,c-16,749,249,2026-6-17 00:00:50,#503,Stj,,2,red,enemy,range01_frame_000597.png,298.0,"#503[Stj]が#440領有中のLv.2都市 #440(749,249)を攻撃し、陣営のために破壊宝箱×5を勝ち取りました"
#523,a-6,249,49,2026-6-17 00:02:00,#511,2N7,,1,blue,ally,range01_frame_000597.png,298.0,"#511[2N7]が#523領有中のLv.1都市 #523(249,49)を攻撃し、陣営のために破壊宝箱×2を勝ち取りました"
#523,d-4,149,349,2026-6-13 20:43:10,#440,GoDs,EDFS,1,blue,ally,range01_frame_000598.png,298.0,"#440[GoDs]が#523[EDFS]領有中のLv.1都市 #523(149,349)を攻撃し、陣営のために破壊宝箱×2を勝ち取りました"
#509,b-2,49,149,2026-6-13 20:46:00,#503,GX99,SHA,1,red,enemy,range01_frame_000598.png,298.0,"#503[GX99]が#534[SHA]領有中のLv.1都市 #509(49,149)を攻撃し、陣営のために破壊宝箱×2を勝ち取りました"
#440,d-18,849,349,2026-6-13 20:58:30,#503,hMt,,1,red,enemy,range01_frame_000598.png,298.0,"#503[hMt]が#440領有中のLv.1都市 #440(849,349)を攻撃し、陣営のために破壊宝箱×2を勝ち取りました"
#440,c-16,749,249,2026-6-17 00:00:50,#503,Stj,,2,red,enemy,range01_frame_000598.png,298.0,"#503[Stj]が#440領有中のLv.2都市 #440(749,249)を攻撃し、陣営のために破壊宝箱×5を勝ち取りました"
#523,a-6,249,49,2026-6-17 00:02:00,#511,2N7,,1,blue,ally,range01_frame_000598.png,298.0,"#511[2N7]が#523領有中のLv.1都市 #523(249,49)を攻撃し、陣営のために破壊宝箱×2を勝ち取りました"
#509,b-2,49,149,2026-6-13 20:46:00,#503,GX99,SHA,1,red,enemy,range01_frame_000599.png,299.0,"#503[GX99]が#534[SHA]領有中のLv.1都市 #509(49,149)を攻撃し、陣営のために破壊宝箱×2を勝ち取りました"
#440,d-18,849,349,2026-6-13 20:58:3,#503,hMt,,1,red,enemy,range01_frame_000599.png,299.0,"#503[hMt]が#440領有中のLv.1都市 #440(849,349)を攻撃し、陣営のために破壊宝箱×2を勝ち取りました"
#440,c-16,749,249,2026-6-17 00:00:5,#503,StJ,,2,red,enemy,range01_frame_000599.png,299.0,"#503[StJ]が#440領有中のLv.2都市 #440(749,249)を攻撃し、陣営のために破壊宝箱×5を勝ち取りました"
#523,a-6,249,49,2026-6-17 00:02:0,#511,2N7,,1,blue,ally,range01_frame_000599.png,299.0,"#511[2N7]が#523領有中のLv.1都市 #523(249,49)を攻撃し、陣営のために破壊宝箱×2を勝ち取りました"
#509,b-2,49,149,2026-6-13 20:46:00,#503,GX99,SHA,1,red,enemy,range01_frame_000600.png,299.0,"#503[GX99]が#534[SHA]領有中のLv.1都市 #509(49,149)を攻撃し、陣営のために破壊宝箱×2を勝ち取りました"
#440,d-18,849,349,2026-6-13 20:58:3,#503,hMt,,1,red,enemy,range01_frame_000600.png,299.0,"#503[hMt]が#440領有中のLv.1都市 #440(849,349)を攻撃し、陣営のために破壊宝箱×2を勝ち取りました"
#440,c-16,749,249,2026-6-17 00:00:5,#503,StJ,,2,red,enemy,range01_frame_000600.png,299.0,"#503[StJ]が#440領有中のLv.2都市 #440(749,249)を攻撃し、陣営のために破壊宝箱×5を勝ち取りました"
#523,a-6,249,49,2026-6-17 00:02:0,#511,2N7,,1,blue,ally,range01_frame_000600.png,299.0,"#511[2N7]が#523領有中のLv.1都市 #523(249,49)を攻撃し、陣営のために破壊宝箱×2を勝ち取りました"
#509,b-2,49,149,2026-6-13 20:46:01,#503,GX99,SHA,1,red,enemy,range01_frame_000601.png,300.0,"#503[GX99]が#534[SHA]領有中のLv.1都市 #509(49,149)を攻撃し、陣営のために破壊宝箱×2を勝ち取りました"
#440,d-18,849,349,2026-6-13 20:58:3,#503,hMt,,1,red,enemy,range01_frame_000601.png,300.0,"#503[hMt]が#440領有中のLv.1都市 #440(849,349)を攻撃し、陣営のために破壊宝箱×2を勝ち取りました"
#440,c-16,749,249,2026-6-17 00:00:50,#503,Stj,,2,red,enemy,range01_frame_000601.png,300.0,"#503[Stj]が#440領有中のLv.2都市 #440(749,249)を攻撃し、陣営のために破壊宝箱×5を勝ち取りました"
#523,a-6,249,49,2026-6-17 00:02:0,#511,2N7,,1,blue,ally,range01_frame_000601.png,300.0,"#511[2N7]が#523領有中のLv.1都市 #523(249,49)を攻撃し、陣営のために破壊宝箱×2を勝ち取りました"
#440,b-16,749,149,2026-6-17 02:03:0,#523,NBNH,,1,red,enemy,range01_frame_000601.png,300.0,"#523[NBNH]が#440領有中のLv.1都市 #440(749,149)を攻撃し、陣営のために破壊宝箱×2を勝ち取りました"
#509,b-4,149,149,2026-6-17 04:02:18,#476,476d,eXt,1,red,enemy,range01_frame_000602.png,300.0,"#476[476d]が#509[eXt]領有中のLv.1都市 #509(149,149)を攻撃し、陣営のために破壊宝箱×2を勝ち取りました"
#523,a-6,249,49,2026-6-17 00:00:50,#511,2N7,,1,blue,ally,range01_frame_000603.png,301.0,"#511[2N7]が#523領有中のLv.1都市#523(249,49)を攻撃し、陣営のために破壊宝箱×2を勝ち取りました"
#440,b-16,749,149,2026-6-17 02:03:00,#523,NBNH,,1,red,enemy,range01_frame_000603.png,301.0,"#523[NBNH]が#440領有中のLv.1都市#440(749,149)を攻撃し、陣営のために破壊宝箱×2を勝ち取りました"
#509,b-4,149,149,2026-6-17 04:02:19,#476,476d,eXt,1,red,enemy,range01_frame_000603.png,301.0,"#476[476d]が#509[eXt]領有中のLv.1都市#509(149,149)を攻撃し、陣営のために破壊宝箱×2を勝ち取りました"
#440,a-16,749,49,2026-6-17 04:02:59,#523,EDFS,DOLU,1,red,enemy,range01_frame_000603.png,301.0,"#523[EDFS]が#440[DOLU]領有中のLv.1都市#440(749,49)を攻撃し、陣営のために破壊宝箱×2を勝ち取りました"
#509,b-6,249,149,2026-6-17 04:03:59,#476,476d,VEX,1,red,enemy,range01_frame_000603.png,301.0,"#476[476d]が#509[VEX]領有中のLv.1都市#509(249,149)を攻撃し、陣営のために破壊宝箱×2を勝ち取りました"
#440,b-16,749,149,2026-6-17 00:02:00,#523,NBNH,,1,red,enemy,range01_frame_000604.png,301.0,"#523[NBNH]が#440領有中のLv.1都市#440(749,149)を攻撃し、陣営のために破壊宝箱×2を勝ち取りました"
#509,b-4,149,149,2026-6-17 04:02:19,#476,476d,eXt,1,red,enemy,range01_frame_000604.png,301.0,"#476[476d]が#509[eXt]領有中のLv.1都市#509(149,149)を攻撃し、陣営のために破壊宝箱×2を勝ち取りました"
#440,a-16,749,49,2026-6-17 04:02:59,#523,EDFS,DOLU,1,red,enemy,range01_frame_000604.png,301.0,"#523[EDFS]が#440[DOLU]領有中のLv.1都市#440(749,49)を攻撃し、陣営のために破壊宝箱×2を勝ち取りました"
#509,b-6,249,149,2026-6-17 04:03:59,#476,476d,VEX,1,red,enemy,range01_frame_000604.png,301.0,"#476[476d]が#509[VEX]領有中のLv.1都市#509(249,149)を攻撃し、陣営のために破壊宝箱×2を勝ち取りました"
#440,b-12,549,149,2026-6-17 04:04:39,#523,5DU,,1,red,enemy,range01_frame_000604.png,301.0,"#523[5DU]が#440領有中のLv.1都市#440(549,149)を攻撃し、陣営のために破壊宝箱×2を勝ち取りました"
#440,b-16,749,149,2026-6-17 02:03:0,#523,NBNH,,1,red,enemy,range01_frame_000605.png,302.0,"#523[NBNH]が#440領有中のLv.1都市#440(749,149)を攻撃し、陣営のために破壊宝箱×2を勝ち取りました"
#509,b-4,149,149,2026-6-17 04:02:1,#476,476d,eXt,1,red,enemy,range01_frame_000605.png,302.0,"#476[476d]が#509[eXt]領有中のLv.1都市#509(149,149)を攻撃し、陣営のために破壊宝箱×2を勝ち取りました"
#440,a-16,749,49,2026-6-17 04:02:5,#523,EDFS,DOLU,1,red,enemy,range01_frame_000605.png,302.0,"#523[EDFS]が#440[DOLU]領有中のLv.1都市#440(749,49)を攻撃し、陣営のために破壊宝箱×2を勝ち取りました"
#509,b-6,249,149,2026-6-17 04:03:5,#476,476d,VEX,1,red,enemy,range01_frame_000605.png,302.0,"#476[476d]が#509[VEX]領有中のLv.1都市#509(249,149)を攻撃し、陣営のために破壊宝箱×2を勝ち取りました"
#440,b-12,549,149,2026-6-17 04:04:3,#523,5DU,,1,red,enemy,range01_frame_000605.png,302.0,"#523[5DU]が#440領有中のLv.1都市#440(549,149)を攻撃し、陣営のために破壊宝箱×2を勝ち取りました"
#440,b-16,749,149,2026-6-17 02:03:0,#523,NBNH,,1,red,enemy,range01_frame_000606.png,302.0,"#523[NBNH]が#440領有中のLv.1都市#440(749,149)を攻撃し、陣営のために破壊宝箱×2を勝ち取りました"
#509,b-4,149,149,2026-6-17 04:02:1,#476,476d,eXt,1,red,enemy,range01_frame_000606.png,302.0,"#476[476d]が#509[eXt]領有中のLv.1都市#509(149,149)を攻撃し、陣営のために破壊宝箱×2を勝ち取りました"
#440,a-16,749,49,2026-6-17 04:02:5,#523,EDFS,DOLU,1,red,enemy,range01_frame_000606.png,302.0,"#523[EDFS]が#440[DOLU]領有中のLv.1都市#440(749,49)を攻撃し、陣営のために破壊宝箱×2を勝ち取りました"
#509,b-6,249,149,2026-6-17 04:03:5,#476,476d,VEX,1,red,enemy,range01_frame_000606.png,302.0,"#476[476d]が#509[VEX]領有中のLv.1都市#509(249,149)を攻撃し、陣営のために破壊宝箱×2を勝ち取りました"
#440,b-12,549,149,2026-6-17 04:04:3,#523,5DU,,1,red,enemy,range01_frame_000606.png,302.0,"#523[5DU]が#440領有中のLv.1都市#440(549,149)を攻撃し、陣営のために破壊宝箱×2を勝ち取りました"
#509,b-4,149,149,2026-6-17 04:02:18,#476,476d,eXt,1,red,enemy,range01_frame_000607.png,303.0,"#476[476d]が#509[eXt]領有中のLv.1都市 #509(149,149)を攻撃し、陣営のために破壊宝箱×2を勝ち取りました"
#440,a-16,749,49,2026-6-17 04:02:50,#523,EDFS,DOLU,1,red,enemy,range01_frame_000607.png,303.0,"#523[EDFS]が#440[DOLU]領有中のLv.1都市 #440(749,49)を攻撃し、陣営のために破壊宝箱×2を勝ち取りました"
#509,b-6,249,149,2026-6-17 04:03:59,#476,476d,VEX,1,red,enemy,range01_frame_000607.png,303.0,"#476[476d]が#509[VEX]領有中のLv.1都市 #509(249,149)を攻撃し、陣営のために破壊宝箱×2を勝ち取りました"
#440,b-12,549,149,2026-6-17 04:04:34,#523,5DU,,1,blue,ally,range01_frame_000607.png,303.0,"#523[5DU]が#440領有中のLv.1都市 #440(549,149)を攻撃し、陣営のために破壊宝箱×2を勝ち取りました"
#440,a-18,849,49,2026-6-17 04:07:4,#503,COZy,DOLU,1,red,enemy,range01_frame_000607.png,303.0,"#503[COZy]が#440[DOLU]領有中のLv.1都市 #440(849,49)を攻撃し、陣営のために破壊宝箱×2を勝ち取りました"
#509,b-4,149,149,2026-6-17 04:02:18,#476,476d,eXt,1,red,enemy,range01_frame_000608.png,303.0,"#476[476d]が#509[eXt]領有中のLv.1都市 #509(149,149)を攻撃し、陣営のために破壊宝箱×2を勝ち取りました"
#440,a-16,749,49,2026-6-17 04:02:50,#523,EDFS,DOLU,1,red,enemy,range01_frame_000608.png,303.0,"#523[EDFS]が#440[DOLU]領有中のLv.1都市 #440(749,49)を攻撃し、陣営のために破壊宝箱×2を勝ち取りました"
#509,b-6,249,149,2026-6-17 04:03:59,#476,476d,VEX,1,red,enemy,range01_frame_000608.png,303.0,"#476[476d]が#509[VEX]領有中のLv.1都市 #509(249,149)を攻撃し、陣営のために破壊宝箱×2を勝ち取りました"
#440,b-12,549,149,2026-6-17 04:04:34,#523,5DU,,1,blue,ally,range01_frame_000608.png,303.0,"#523[5DU]が#440領有中のLv.1都市 #440(549,149)を攻撃し、陣営のために破壊宝箱×2を勝ち取りました"
#440,a-18,849,49,2026-6-17 04:07:4,#503,COZy,DOLU,1,red,enemy,range01_frame_000608.png,303.0,"#503[COZy]が#440[DOLU]領有中のLv.1都市 #440(849,49)を攻撃し、陣営のために破壊宝箱×2を勝ち取りました"
#440,a-16,749,49,2026-6-17 04:02:51,#523,EDFS,DOLU,1,red,enemy,range01_frame_000609.png,304.0,"#523[EDFS]が#440[DOLU]領有中のLv.1都市 #440(749,49)を攻撃し、陣営のために破壊宝箱×2を勝ち取りました"
#509,b-6,249,149,2026-6-17 04:03:59,#476,476d,VEX,1,red,enemy,range01_frame_000609.png,304.0,"#476[476d]が#509[VEX]領有中のLv.1都市 #509(249,149)を攻撃し、陣営のために破壊宝箱×2を勝ち取りました"
#440,b-12,549,149,2026-6-17 04:04:33,#523,5DU,,1,red,enemy,range01_frame_000609.png,304.0,"#523[5DU]が#440領有中のLv.1都市 #440(549,149)を攻撃し、陣営のために破壊宝箱×2を勝ち取りました"
#440,a-18,849,49,2026-6-17 04:07:41,#503,C0Zy,DOLU,1,red,enemy,range01_frame_000609.png,304.0,"#503[C0Zy]が#440[DOLU]領有中のLv.1都市 #440(849,49)を攻撃し、陣営のために破壊宝箱×2を勝ち取りました"
#440,b-14,649,149,2026-6-17 04:08:21,#523,WUG,,1,red,enemy,range01_frame_000609.png,304.0,"#523[WUG]が#440領有中のLv.1都市 #440(649,149)を攻撃し、陣営のために破壊宝箱×2を勝ち取りました"
#509,b-6,249,149,2026-6-17 04:03:59,#476,476d,VEX,1,red,enemy,range01_frame_000610.png,304.0,"#476[476d]が#509[VEX]領有中のLv.1都市 #509(249,149)を攻撃し、陣営のために破壊宝箱×2を勝ち取りました"
#440,b-12,549,149,2026-6-17 04:04:33,#523,5DU,,1,red,enemy,range01_frame_000610.png,304.0,"#523[5DU]が#440領有中のLv.1都市 #440(549,149)を攻撃し、陣営のために破壊宝箱×2を勝ち取りました"
#440,a-18,849,49,2026-6-17 04:07:41,#503,C0Zy,DOLU,1,red,enemy,range01_frame_000610.png,304.0,"#503[C0Zy]が#440[DOLU]領有中のLv.1都市 #440(849,49)を攻撃し、陣営のために破壊宝箱×2を勝ち取りました"
#440,b-14,649,149,2026-6-17 04:08:21,#523,WUG,,1,red,enemy,range01_frame_000610.png,304.0,"#523[WUG]が#440領有中のLv.1都市 #440(649,149)を攻撃し、陣営のために破壊宝箱×2を勝ち取りました"
#440,a-14,649,49,2026-6-17 04:13:41,#523,K4TR,,1,red,enemy,range01_frame_000610.png,304.0,"#523[K4TR]が#440領有中のLv.1都市 #440(649,49)を攻撃し、陣営のために破壊宝箱×2を勝ち取りました"
#440,b-12,549,149,2026-6-17 04:04:30,#523,5DU,,1,red,enemy,range01_frame_000611.png,305.0,"#523[5DU]が#440領有中のLv.1都市#440(549,149)を攻撃し、陣営のために破壊宝箱×2を勝ち取りました"
#440,a-18,849,49,2026-6-17 04:07:40,#523,COZy,DOLU,1,red,enemy,range01_frame_000611.png,305.0,"#523[COZy]が#440[DOLU]領有中のLv.1都市#440(849,49)を攻撃し、陣営のために破壊宝箱×2を勝ち取りました"
#440,b-14,649,149,2026-6-17 04:08:20,#523,WUG,,1,red,enemy,range01_frame_000611.png,305.0,"#523[WUG]が#440領有中のLv.1都市#440(649,149)を攻撃し、陣営のために破壊宝箱×2を勝ち取りました"
#440,a-14,649,49,2026-6-17 04:13:40,#523,K4TR,,1,red,enemy,range01_frame_000611.png,305.0,"#523[K4TR]が#440領有中のLv.1都市#440(649,49)を攻撃し、陣営のために破壊宝箱×2を勝ち取りました"
#440,g-10,449,649,2026-6-17 04:13:50,#476,476A,GcC,3,red,enemy,range01_frame_000611.png,305.0,"#476[476A]が#440[GcC]領有中のLv.3都市#440(449,649)を攻撃し、陣営のために破壊宝箱×10を勝ち取りました"
#523,h-2,49,749,2026-6-17 04:13:50,#534,KTVS,u3o,1,blue,ally,range01_frame_000611.png,305.0,"#534[KTVS]が#523[u3o]領有中のLv.1都市#523(49,749)を攻撃し、陣営のために破壊宝箱×2を勝ち取りました"
#440,b-12,549,149,2026-6-17 04:04:30,#523,COZy,,1,red,enemy,range01_frame_000612.png,305.0,"#523[COZy]が#440領有中のLv.1都市#440(549,149)を攻撃し、陣営のために破壊宝箱×2を勝ち取りました"
#440,a-18,849,49,2026-6-17 04:07:40,#523,WUG,DOLU,1,red,enemy,range01_frame_000612.png,305.0,"#523[WUG]が#440[DOLU]領有中のLv.1都市#440(849,49)を攻撃し、陣営のために破壊宝箱×2を勝ち取りました"
#440,a-14,649,49,2026-6-17 04:13:40,#523,K4TR,,1,red,enemy,range01_frame_000612.png,305.0,"#523[K4TR]が#440領有中のLv.1都市#440(649,49)を攻撃し、陣営のために破壊宝箱×2を勝ち取りました"
#440,g-10,449,649,2026-6-17 04:13:50,#476,476A,GcC,3,red,enemy,range01_frame_000612.png,305.0,"#476[476A]が#440[GcC]領有中のLv.3都市#440(449,649)を攻撃し、陣営のために破壊宝箱×10を勝ち取りました"
#523,h-2,49,749,2026-6-17 04:13:50,#534,KTVS,u3o,1,blue,ally,range01_frame_000612.png,305.0,"#534[KTVS]が#523[u3o]領有中のLv.1都市#523(49,749)を攻撃し、陣営のために破壊宝箱×2を勝ち取りました"
#440,a-18,849,49,2026-6-17 04:07:4,#503,COZy,DOLU,1,red,enemy,range01_frame_000613.png,306.0,"#503[COZy]が#440[DOLU]領有中のLv.1都市 #440(849,49)を攻撃し、陣営のために破壊宝箱×2を勝ち取りました"
#440,b-14,649,149,2026-6-17 04:08:2,#523,WUG,,1,red,enemy,range01_frame_000613.png,306.0,"#523[WUG]が#440領有中のLv.1都市 #440(649,149)を攻撃し、陣営のために破壊宝箱×2を勝ち取りました"
#440,a-14,649,49,2026-6-17 04:13:4,#523,K4TR,GcC,1,red,enemy,range01_frame_000613.png,306.0,"#523[K4TR]が#440[GcC]領有中のLv.1都市 #440(649,49)を攻撃し、陣営のために破壊宝箱×2を勝ち取りました"
#440,g-10,449,649,2026-6-17 04:13:5,#476,476A,GcC,3,red,enemy,range01_frame_000613.png,306.0,"#476[476A]が#440[GcC]領有中のLv.3都市 #440(449,649)を攻撃し、陣営のために破壊宝箱×10を勝ち取りました"
#523,h-2,49,749,2026-6-17 04:14:4,#534,KTVS,u3o,1,blue,ally,range01_frame_000613.png,306.0,"#534[KTVS]が#523[u3o]領有中のLv.1都市 #523(49,749)を攻撃し、陣営のために破壊宝箱×2を勝ち取りました"
#440,a-18,849,49,2026-6-17 04:07:4,#503,COZy,DOLU,1,red,enemy,range01_frame_000614.png,306.0,"#503[COZy]が#440[DOLU]領有中のLv.1都市 #440(849,49)を攻撃し、陣営のために破壊宝箱×2を勝ち取りました"
#440,b-14,649,149,2026-6-17 04:08:2,#523,WUG,,1,red,enemy,range01_frame_000614.png,306.0,"#523[WUG]が#440領有中のLv.1都市 #440(649,149)を攻撃し、陣営のために破壊宝箱×2を勝ち取りました"
#440,a-14,649,49,2026-6-17 04:13:4,#523,K4TR,GcC,1,red,enemy,range01_frame_000614.png,306.0,"#523[K4TR]が#440[GcC]領有中のLv.1都市 #440(649,49)を攻撃し、陣営のために破壊宝箱×2を勝ち取りました"
#440,g-10,449,649,2026-6-17 04:13:5,#476,476A,GcC,3,red,enemy,range01_frame_000614.png,306.0,"#476[476A]が#440[GcC]領有中のLv.3都市 #440(449,649)を攻撃し、陣営のために破壊宝箱×10を勝ち取りました"
#523,h-2,49,749,2026-6-17 04:14:4,#534,KTVS,u3o,1,blue,ally,range01_frame_000614.png,306.0,"#534[KTVS]が#523[u3o]領有中のLv.1都市 #523(49,749)を攻撃し、陣営のために破壊宝箱×2を勝ち取りました"
#440,b-14,649,149,2026-6-17 04:08:2,#523,WUG,,1,red,enemy,range01_frame_000615.png,307.0,"#523[WUG]が#440領有中のLv.1都市#440(649,149)を攻撃し、陣営のために破壊宝箱×2を勝ち取りました"
#440,a-14,649,49,2026-6-17 04:13:4,#523,K4TR,,1,red,enemy,range01_frame_000615.png,307.0,"#523[K4TR]が#440領有中のLv.1都市#440(649,49)を攻撃し、陣営のために破壊宝箱×2を勝ち取りました"
#440,g-10,449,649,2026-6-17 04:13:5,#476,476A,GcC,3,red,enemy,range01_frame_000615.png,307.0,"#476[476A]が#440[GcC]領有中のLv.3都市#440(449,649)を攻撃し、陣営のために破壊宝箱×10を勝ち取りました"
#523,h-2,49,749,2026-6-17 04:14:4,#534,KTVS,u3o,1,blue,ally,range01_frame_000615.png,307.0,"#534[KTVS]が#523[u3o]領有中のLv.1都市#523(49,749)を攻撃し、陣営のために破壊宝箱×2を勝ち取りました"
#440,b-14,649,149,2026-6-17 04:08:2,#523,WUG,,1,red,enemy,range01_frame_000616.png,307.0,"#523[WUG]が#440領有中のLv.1都市#440(649,149)を攻撃し、陣営のために破壊宝箱×2を勝ち取りました"
#440,a-14,649,49,2026-6-17 04:13:4,#523,K4TR,,1,red,enemy,range01_frame_000616.png,307.0,"#523[K4TR]が#440領有中のLv.1都市#440(649,49)を攻撃し、陣営のために破壊宝箱×2を勝ち取りました"
#440,g-10,449,649,2026-6-17 04:13:5,#476,476A,GcC,3,red,enemy,range01_frame_000616.png,307.0,"#476[476A]が#440[GcC]領有中のLv.3都市#440(449,649)を攻撃し、陣営のために破壊宝箱×10を勝ち取りました"
#523,h-2,49,749,2026-6-17 04:14:4,#534,KTVS,u3o,1,blue,ally,range01_frame_000616.png,307.0,"#534[KTVS]が#523[u3o]領有中のLv.1都市#523(49,749)を攻撃し、陣営のために破壊宝箱×2を勝ち取りました"
#440,g-10,449,649,2026-6-17 04:13:4,#476,476A,GcC,3,red,enemy,range01_frame_000617.png,308.0,"#476[476A]が#440[GcC]領有中のLv.3都市 #440(449,649)を攻撃し、陣営のために破壊宝箱×10を勝ち取りました"
#523,h-2,49,749,2026-6-17 04:14:4,#534,KTVS,u3o,1,blue,ally,range01_frame_000617.png,308.0,"#534[KTVS]が#523[u3o]領有中のLv.1都市 #523(49,749)を攻撃し、陣営のために破壊宝箱×2を勝ち取りました"
#523,g-2,49,649,2026-6-17 04:14:5,#534,JDX,u3o,1,blue,ally,range01_frame_000617.png,308.0,"#534[JDX]が#523[u3o]領有中のLv.1都市 #523(49,649)を攻撃し、陣営のために破壊宝箱×2を勝ち取りました"
#523,h-4,149,749,2026-6-17 04:16:1,#534,KTVS,u3o,1,blue,ally,range01_frame_000617.png,308.0,"#534[KTVS]が#523[u3o]領有中のLv.1都市 #523(149,749)を攻撃し、陣営のために破壊宝箱×2を勝ち取りました"
#509,g-12,549,649,2026-6-17 04:17:5,#476,476A,FHX,3,red,enemy,range01_frame_000617.png,308.0,"#476[476A]が#509[FHX]領有中のLv.3都市 #509(549,649)を攻撃し、陣営のために破壊宝箱×10を勝ち取りました"
#440,g-10,449,649,2026-6-17 04:13:5,#476,476A,GcC,3,red,enemy,range01_frame_000618.png,308.0,"#476[476A]が#440[GcC]領有中のLv.3都市 #440(449,649)を攻撃し、陣営のために破壊宝箱×10を勝ち取りました"
#523,h-2,49,749,2026-6-17 04:14:4,#534,KTVS,u3o,1,blue,ally,range01_frame_000618.png,308.0,"#534[KTVS]が#523[u3o]領有中のLv.1都市 #523(49,749)を攻撃し、陣営のために破壊宝箱×2を勝ち取りました"
#523,g-2,49,649,2026-6-17 04:14:5,#534,JDX,u3o,1,blue,ally,range01_frame_000618.png,308.0,"#534[JDX]が#523[u3o]領有中のLv.1都市 #523(49,649)を攻撃し、陣営のために破壊宝箱×2を勝ち取りました"
#523,h-4,149,749,2026-6-17 04:16:1,#534,KTVS,u3o,1,blue,ally,range01_frame_000618.png,308.0,"#534[KTVS]が#523[u3o]領有中のLv.1都市 #523(149,749)を攻撃し、陣営のために破壊宝箱×2を勝ち取りました"
#509,g-12,549,649,2026-6-17 04:17:5,#476,476A,FHX,3,red,enemy,range01_frame_000618.png,308.0,"#476[476A]が#509[FHX]領有中のLv.3都市 #509(549,649)を攻撃し、陣営のために破壊宝箱×10を勝ち取りました"
#523,h-2,49,749,2026-6-17 04:14:44,#534,KTVS,u3o,1,blue,ally,range01_frame_000619.png,309.0,"#534[KTVS]が#523[u3o]領有中のLv.1都市#523(49,749)を攻撃し、陣営のために破壊宝箱×2を勝ち取りました"
#523,g-2,49,649,2026-6-17 04:14:55,#534,JDX,u3o,1,blue,ally,range01_frame_000619.png,309.0,"#534[JDX]が#523[u3o]領有中のLv.1都市#523(49,649)を攻撃し、陣営のために破壊宝箱×2を勝ち取りました"
#523,h-4,149,749,2026-6-17 04:16:11,#534,KTVS,u3o,1,blue,ally,range01_frame_000619.png,309.0,"#534[KTVS]が#523[u3o]領有中のLv.1都市#523(149,749)を攻撃し、陣営のために破壊宝箱×2を勝ち取りました"
#509,g-12,549,649,2026-6-17 04:17:55,#476,476A,FHX,3,red,enemy,range01_frame_000619.png,309.0,"#476[476A]が#509[FHX]領有中のLv.3都市#509(549,649)を攻撃し、陣営のために破壊宝箱×10を勝ち取りました"
#440,i-2,49,849,2026-6-17 04:39:55,#480,BgNa,GoDs,1,red,enemy,range01_frame_000619.png,309.0,"#480[BgNa]が#440[GoDs]領有中のLv.1都市#440(49,849)を攻撃し、陣営のために破壊宝箱×2を勝ち取りました"
#523,g-2,49,649,2026-6-17 04:14:44,#534,JDX,u3o,1,blue,ally,range01_frame_000620.png,309.0,"#534[JDX]が#523[u3o]領有中のLv.1都市#523(49,649)を攻撃し、陣営のために破壊宝箱×2を勝ち取りました"
#523,h-4,149,749,2026-6-17 04:16:11,#534,KTVS,u3o,1,blue,ally,range01_frame_000620.png,309.0,"#534[KTVS]が#523[u3o]領有中のLv.1都市#523(149,749)を攻撃し、陣営のために破壊宝箱×2を勝ち取りました"
#509,g-12,549,649,2026-6-17 04:17:55,#476,476A,FHX,3,red,enemy,range01_frame_000620.png,309.0,"#476[476A]が#509[FHX]領有中のLv.3都市#509(549,649)を攻撃し、陣営のために破壊宝箱×10を勝ち取りました"
#440,i-2,49,849,2026-6-17 04:39:55,#480,BgNa,GoDs,1,red,enemy,range01_frame_000620.png,309.0,"#480[BgNa]が#440[GoDs]領有中のLv.1都市#440(49,849)を攻撃し、陣営のために破壊宝箱×2を勝ち取りました"
#511,a-10,449,49,2026-6-17 04:48:55,#523,NBNH,ZN7,1,red,enemy,range01_frame_000620.png,309.0,"#523[NBNH]が#511[ZN7]領有中のLv.1都市#511(449,49)を攻撃し、陣営のために破壊宝箱×2を勝ち取りました"
#523,g-2,49,649,2026-6-17 04:14:5,#534,JOX,u3o,1,blue,ally,range01_frame_000621.png,310.0,"#534[JOX]が#523[u3o]領有中のLv.1都市#523(49,649)を攻撃し、陣営のために破壊宝箱×2を勝ち取りました"
#523,h-4,149,749,2026-6-17 04:16:1,#534,KTVS,u3o,1,blue,ally,range01_frame_000621.png,310.0,"#534[KTVS]が#523[u3o]領有中のLv.1都市#523(149,749)を攻撃し、陣営のために破壊宝箱×2を勝ち取りました"
#509,g-12,549,649,2026-6-17 04:17:5,#476,476A,FHX,3,red,enemy,range01_frame_000621.png,310.0,"#476[476A]が#509[FHX]領有中のLv.3都市 #509(549,649)を攻撃し、陣営のために破壊宝箱×10を勝ち取りました"
#440,i-2,49,849,2026-6-17 04:39:5,#480,BgNa,GoDs,1,red,enemy,range01_frame_000621.png,310.0,"#480[BgNa]が#440[GoDs]領有中のLv.1都市 #440(49,849)を攻撃し、陣営のために破壊宝箱×2を勝ち取りました"
#511,a-10,449,49,2026-6-17 04:48:5,#523,NBNH,2N7,1,red,enemy,range01_frame_000621.png,310.0,"#523[NBNH]が#511[2N7]領有中のLv.1都市 #511(449,49)を攻撃し、陣営のために破壊宝箱×2を勝ち取りました"
#523,g-2,49,649,2026-6-17 04:14:5,#534,JOX,u3o,1,blue,ally,range01_frame_000622.png,310.0,"#534[JOX]が#523[u3o]領有中のLv.1都市#523(49,649)を攻撃し、陣営のために破壊宝箱×2を勝ち取りました"
#523,h-4,149,749,2026-6-17 04:16:1,#534,KTVS,u3o,1,blue,ally,range01_frame_000622.png,310.0,"#534[KTVS]が#523[u3o]領有中のLv.1都市#523(149,749)を攻撃し、陣営のために破壊宝箱×2を勝ち取りました"
#509,g-12,549,649,2026-6-17 04:17:5,#476,476A,FHX,3,red,enemy,range01_frame_000622.png,310.0,"#476[476A]が#509[FHX]領有中のLv.3都市 #509(549,649)を攻撃し、陣営のために破壊宝箱×10を勝ち取りました"
#440,i-2,49,849,2026-6-17 04:39:5,#480,BgNa,GoDs,1,red,enemy,range01_frame_000622.png,310.0,"#480[BgNa]が#440[GoDs]領有中のLv.1都市 #440(49,849)を攻撃し、陣営のために破壊宝箱×2を勝ち取りました"
#511,a-10,449,49,2026-6-17 04:48:5,#523,NBNH,2N7,1,red,enemy,range01_frame_000622.png,310.0,"#523[NBNH]が#511[2N7]領有中のLv.1都市 #511(449,49)を攻撃し、陣営のために破壊宝箱×2を勝ち取りました"
#523,h-4,149,749,2026-6-17 04:16:1,#534,KTVS,u3o,1,blue,ally,range01_frame_000623.png,311.0,"#534[KTVS]が#523[u3o]領有中のLv.1都市#523(149,749)を攻撃し、陣営のために破壊宝箱×2を勝ち取りました"
#509,g-12,549,649,2026-6-17 04:17:5,#476,476A,FHX,3,red,enemy,range01_frame_000623.png,311.0,"#476[476A]が#509[FHX]領有中のLv.3都市#509(549,649)を攻撃し、陣営のために破壊宝箱×10を勝ち取りました"
#440,i-2,49,849,2026-6-17 04:39:5,#480,BgNa,GoDs,1,red,enemy,range01_frame_000623.png,311.0,"#480[BgNa]が#440[GoDs]領有中のLv.1都市#440(49,849)を攻撃し、陣営のために破壊宝箱×2を勝ち取りました"
#511,a-10,449,49,2026-6-17 04:48:5,#523,NBNH,2N7,1,red,enemy,range01_frame_000623.png,311.0,"#523[NBNH]が#511[2N7]領有中のLv.1都市#511(449,49)を攻撃し、陣営のために破壊宝箱×2を勝ち取りました"
#523,h-4,149,749,2026-6-17 04:16:1,#534,KTVS,u3o,1,blue,ally,range01_frame_000624.png,311.0,"#534[KTVS]が#523[u3o]領有中のLv.1都市#523(149,749)を攻撃し、陣営のために破壊宝箱×2を勝ち取りました"
#509,g-12,549,649,2026-6-17 04:17:5,#476,476A,FHX,3,red,enemy,range01_frame_000624.png,311.0,"#476[476A]が#509[FHX]領有中のLv.3都市#509(549,649)を攻撃し、陣営のために破壊宝箱×10を勝ち取りました"
#440,i-2,49,849,2026-6-17 04:39:5,#480,BgNa,GoDs,1,red,enemy,range01_frame_000624.png,311.0,"#480[BgNa]が#440[GoDs]領有中のLv.1都市#440(49,849)を攻撃し、陣営のために破壊宝箱×2を勝ち取りました"
#511,a-10,449,49,2026-6-17 04:48:5,#523,NBNH,2N7,1,red,enemy,range01_frame_000624.png,311.0,"#523[NBNH]が#511[2N7]領有中のLv.1都市#511(449,49)を攻撃し、陣営のために破壊宝箱×2を勝ち取りました"
#523,g-8,349,649,2026-6-17 12:01:5,#509,SsQ,,3,blue,ally,range01_frame_000624.png,311.0,"#509[SsQ]が#523領有中のLv.3都市#523(349,649)を攻撃し、陣営のために破壊宝箱×10を勝ち取りました"
#511,a-10,449,49,2026-6-17 04:39:5,#523,NBNH,2N7,1,red,enemy,range01_frame_000625.png,312.0,"#523[NBNH]が#511[2N7]領有中のLv.1都市 #511(449,49)を攻撃し、陣営のために破壊宝箱×2を勝ち取りました"
#523,g-8,349,649,2026-6-17 12:01:5,#509,SsQ,,3,blue,ally,range01_frame_000625.png,312.0,"#509[SsQ]が#523領有中のLv.3都市 #523(349,649)を攻撃し、陣営のために破壊宝箱×10を勝ち取りました"
#440,d-16,749,349,2026-6-17 12:02:0,#503,TlKW,TaW,2,red,enemy,range01_frame_000625.png,312.0,"#503[TlKW]が#440[TaW]領有中のLv.2都市 #440(749,349)を攻撃し、陣営のために破壊宝箱×5を勝ち取りました"
#523,b-6,249,149,2026-6-17 12:02:1,#511,2N7,K4TR,1,blue,ally,range01_frame_000625.png,312.0,"#511[2N7]が#523[K4TR]領有中のLv.1都市 #523(249,149)を攻撃し、陣営のために破壊宝箱×2を勝ち取りました"
#523,h-12,549,749,2026-6-17 12:02:3,#509,BHE,WUG,2,blue,ally,range01_frame_000625.png,312.0,"#509[BHE]が#523[WUG]領有中のLv.2都市 #523(549,749)を攻撃し、陣営のために破壊宝箱×5を勝ち取りました"
#523,g-8,349,649,2026-6-17 04:48:5,#509,SsQ,,3,blue,ally,range01_frame_000627.png,313.0,"#509[SsQ]が#523領有中のLv.3都市 #523(349,649)を攻撃し、陣営のために破壊宝箱×10を勝ち取りました"
#440,d-16,749,349,2026-6-17 12:01:58,#503,TlKw,TaU,2,red,enemy,range01_frame_000627.png,313.0,"#503[TlKw]が#440[TaU]領有中のLv.2都市 #440(749,349)を攻撃し、陣営のために破壊宝箱×5を勝ち取りました"
#523,b-6,249,149,2026-6-17 12:02:1,#511,2N7,K4TR,1,blue,ally,range01_frame_000627.png,313.0,"#511[2N7]が#523[K4TR]領有中のLv.1都市 #523(249,149)を攻撃し、陣営のために破壊宝箱×2を勝ち取りました"
#523,h-12,549,749,2026-6-17 12:02:3,#509,BHE,WUG,2,blue,ally,range01_frame_000627.png,313.0,"#509[BHE]が#523[WUG]領有中のLv.2都市 #523(549,749)を攻撃し、陣営のために破壊宝箱×5を勝ち取りました"
#523,g-12,549,649,2026-6-17 12:02:5,#509,FHX,WUG,3,blue,ally,range01_frame_000627.png,313.0,"#509[FHX]が#523[WUG]領有中のLv.3都市 #523(549,649)を攻撃し、陣営のために破壊宝箱×10を勝ち取りました"
#523,g-8,349,649,2026-6-17 12:01:58,#509,SsQ,,3,blue,ally,range01_frame_000628.png,313.0,"#509[SsQ]が#523領有中のLv.3都市 #523(349,649)を攻撃し、陣営のために破壊宝箱×10を勝ち取りました"
#440,d-16,749,349,2026-6-17 12:02:0,#503,TlKw,TaU,2,red,enemy,range01_frame_000628.png,313.0,"#503[TlKw]が#440[TaU]領有中のLv.2都市 #440(749,349)を攻撃し、陣営のために破壊宝箱×5を勝ち取りました"
#523,b-6,249,149,2026-6-17 12:02:1,#511,2N7,K4TR,1,blue,ally,range01_frame_000628.png,313.0,"#511[2N7]が#523[K4TR]領有中のLv.1都市 #523(249,149)を攻撃し、陣営のために破壊宝箱×2を勝ち取りました"
#523,h-12,549,749,2026-6-17 12:02:3,#509,BHE,WUG,2,blue,ally,range01_frame_000628.png,313.0,"#509[BHE]が#523[WUG]領有中のLv.2都市 #523(549,749)を攻撃し、陣営のために破壊宝箱×5を勝ち取りました"
#523,g-12,549,649,2026-6-17 12:02:5,#509,FHX,WUG,3,blue,ally,range01_frame_000628.png,313.0,"#509[FHX]が#523[WUG]領有中のLv.3都市 #523(549,649)を攻撃し、陣営のために破壊宝箱×10を勝ち取りました"
#523,g-8,349,649,2026-6-17 12:01:58,#509,SsQ,,3,blue,ally,range01_frame_000629.png,314.0,"#509[SsQ]が#523領有中のLv.3都市 #523(349,649)を攻撃し、陣営のために破壊宝箱×10を勝ち取りました"
#440,d-16,749,349,2026-6-17 12:02:0,#503,TlKW,TaW,2,red,enemy,range01_frame_000629.png,314.0,"#503[TlKW]が#440[TaW]領有中のLv.2都市 #440(749,349)を攻撃し、陣営のために破壊宝箱×5を勝ち取りました"
#523,b-6,249,149,2026-6-17 12:02:1,#511,2N7,K4TR,1,blue,ally,range01_frame_000629.png,314.0,"#511[2N7]が#523[K4TR]領有中のLv.1都市 #523(249,149)を攻撃し、陣営のために破壊宝箱×2を勝ち取りました"
#523,h-12,549,749,2026-6-17 12:02:3,#509,BHE,WUG,2,blue,ally,range01_frame_000629.png,314.0,"#509[BHE]が#523[WUG]領有中のLv.2都市 #523(549,749)を攻撃し、陣営のために破壊宝箱×5を勝ち取りました"
#523,g-12,549,649,2026-6-17 12:02:5,#509,FHX,WUG,3,blue,ally,range01_frame_000629.png,314.0,"#509[FHX]が#523[WUG]領有中のLv.3都市 #523(549,649)を攻撃し、陣営のために破壊宝箱×10を勝ち取りました"
#440,f-18,849,549,2026-6-17 12:02:?,#503,299,TrX,1,red,enemy,range01_frame_000629.png,314.0,"#503[299]が#440[TrX]領有中のLv.1都市 #440(849,549)を…"
#523,g-8,349,649,2026-6-17 12:01:58,#509,SsQ,,3,blue,ally,range01_frame_000630.png,314.0,"#509[SsQ]が#523領有中のLv.3都市 #523(349,649)を攻撃し、陣営のために破壊宝箱×10を勝ち取りました"
#440,d-16,749,349,2026-6-17 12:02:0,#503,TlKW,TaW,2,red,enemy,range01_frame_000630.png,314.0,"#503[TlKW]が#440[TaW]領有中のLv.2都市 #440(749,349)を攻撃し、陣営のために破壊宝箱×5を勝ち取りました"
#523,b-6,249,149,2026-6-17 12:02:1,#511,2N7,K4TR,1,blue,ally,range01_frame_000630.png,314.0,"#511[2N7]が#523[K4TR]領有中のLv.1都市 #523(249,149)を攻撃し、陣営のために破壊宝箱×2を勝ち取りました"
#523,h-12,549,749,2026-6-17 12:02:3,#509,BHE,WUG,2,blue,ally,range01_frame_000630.png,314.0,"#509[BHE]が#523[WUG]領有中のLv.2都市 #523(549,749)を攻撃し、陣営のために破壊宝箱×5を勝ち取りました"
#523,g-12,549,649,2026-6-17 12:02:5,#509,FHX,WUG,3,blue,ally,range01_frame_000630.png,314.0,"#509[FHX]が#523[WUG]領有中のLv.3都市 #523(549,649)を攻撃し、陣営のために破壊宝箱×10を勝ち取りました"
#440,f-18,849,549,2026-6-17 12:02:?,#503,299,TrX,1,red,enemy,range01_frame_000630.png,314.0,"#503[299]が#440[TrX]領有中のLv.1都市 #440(849,549)を…"
#440,d-16,749,349,2026-6-17 12:01:58,#503,TIKW,Taw,2,red,enemy,range01_frame_000631.png,315.0,"#503[TIKW]が#440[Taw]領有中のLv.2都市 #440(749,349)を攻撃し、陣営のために破壊宝箱×5を勝ち取りました"
#523,b-6,249,149,2026-6-17 12:02:01,#511,2N7,K4TR,1,blue,ally,range01_frame_000631.png,315.0,"#511[2N7]が#523[K4TR]領有中のLv.1都市 #523(249,149)を攻撃し、陣営のために破壊宝箱×2を勝ち取りました"
#523,h-12,549,749,2026-6-17 12:02:03,#509,BHE,WUG,2,blue,ally,range01_frame_000631.png,315.0,"#509[BHE]が#523[WUG]領有中のLv.2都市 #523(549,749)を攻撃し、陣営のために破壊宝箱×5を勝ち取りました"
#523,g-12,549,649,2026-6-17 12:02:05,#509,FHX,WUG,3,blue,ally,range01_frame_000631.png,315.0,"#509[FHX]が#523[WUG]領有中のLv.3都市 #523(549,649)を攻撃し、陣営のために破壊宝箱×10を勝ち取りました"
#440,f-18,849,549,2026-6-17 12:03:1,#503,299,Trx,1,red,enemy,range01_frame_000631.png,315.0,"#503[299]が#440[Trx]領有中のLv.1都市 #440(849,549)を攻撃し、陣営のために破壊宝箱×2を勝ち取りました"
#523,b-6,249,149,2026-6-17 12:02:01,#511,2N7,K4TR,1,blue,ally,range01_frame_000632.png,315.0,"#511[2N7]が#523[K4TR]領有中のLv.1都市 #523(249,149)を攻撃し、陣営のために破壊宝箱×2を勝ち取りました"
#523,h-12,549,749,2026-6-17 12:02:03,#509,BHE,WUG,2,blue,ally,range01_frame_000632.png,315.0,"#509[BHE]が#523[WUG]領有中のLv.2都市 #523(549,749)を攻撃し、陣営のために破壊宝箱×5を勝ち取りました"
#523,g-12,549,649,2026-6-17 12:02:05,#509,FHX,WUG,3,blue,ally,range01_frame_000632.png,315.0,"#509[FHX]が#523[WUG]領有中のLv.3都市 #523(549,649)を攻撃し、陣営のために破壊宝箱×10を勝ち取りました"
#440,f-18,849,549,2026-6-17 12:03:1,#503,299,Trx,1,red,enemy,range01_frame_000632.png,315.0,"#503[299]が#440[Trx]領有中のLv.1都市 #440(849,549)を攻撃し、陣営のために破壊宝箱×2を勝ち取りました"
#440,h-12,549,749,2026-6-17 12:04:1,#503,Lghs,BAJ,2,red,enemy,range01_frame_000632.png,315.0,"#503[Lghs]が#440[BAJ]領有中のLv.2都市 #440(549,749)を攻撃し、陣営のために破壊宝箱×5を勝ち取りました"
#523,h-12,549,749,2026-6-17 12:02:3,#509,BHE,WUG,2,blue,ally,range01_frame_000633.png,316.0,"#509[BHE]が#523[WUG]領有中のLv.2都市 #523(549,749)を攻撃し、陣営のために破壊宝箱×5を勝ち取りました"
#523,g-12,549,649,2026-6-17 12:02:5,#509,FHX,WUG,3,blue,ally,range01_frame_000633.png,316.0,"#509[FHX]が#523[WUG]領有中のLv.3都市 #523(549,649)を攻撃し、陣営のために破壊宝箱×10を勝ち取りました"
#440,f-18,849,549,2026-6-17 12:03:1,#503,299,TrX,1,red,enemy,range01_frame_000633.png,316.0,"#503[299]が#440[TrX]領有中のLv.1都市 #440(849,549)を攻撃し、陣営のために破壊宝箱×2を勝ち取りました"
#440,h-12,549,749,2026-6-17 12:04:1,#503,Lghs,BAJ,2,red,enemy,range01_frame_000633.png,316.0,"#503[Lghs]が#440[BAJ]領有中のLv.2都市 #440(549,749)を攻撃し、陣営のために破壊宝箱×5を勝ち取りました"
#440,g-16,749,649,2026-6-17 12:05:4,#503,Lghs,TaW,2,red,enemy,range01_frame_000633.png,316.0,"#503[Lghs]が#440[TaW]領有中のLv.2都市 #440(749,649)を攻撃し、陣営のために破壊宝箱×5を勝ち取りました"
#523,h-12,549,749,2026-6-17 12:02:5,#509,BHE,WUG,2,blue,ally,range01_frame_000634.png,316.0,"#509[BHE]が#523[WUG]領有中のLv.2都市 #523(549,749)を攻撃し、陣営のために破壊宝箱×5を勝ち取りました"
#440,f-18,849,549,2026-6-17 12:03:1,#503,299,TrX,1,red,enemy,range01_frame_000634.png,316.0,"#503[299]が#440[TrX]領有中のLv.1都市 #440(849,549)を攻撃し、陣営のために破壊宝箱×2を勝ち取りました"
#440,h-12,549,749,2026-6-17 12:04:1,#503,Lghs,BAJ,2,red,enemy,range01_frame_000634.png,316.0,"#503[Lghs]が#440[BAJ]領有中のLv.2都市 #440(549,749)を攻撃し、陣営のために破壊宝箱×5を勝ち取りました"
#440,g-16,749,649,2026-6-17 12:05:4,#503,Lghs,TaW,2,red,enemy,range01_frame_000634.png,316.0,"#503[Lghs]が#440[TaW]領有中のLv.2都市 #440(749,649)を攻撃し、陣営のために破壊宝箱×5を勝ち取りました"
#511,j-14,649,949,2026-6-17 12:07:3,#480,CDf8,DaNG,1,red,enemy,range01_frame_000634.png,316.0,"#480[CDf8]が#511[DaNG]領有中のLv.1都市 #511(649,949)を攻撃し、陣営のために破壊宝箱×2を勝ち取りました"
#440,f-18,849,549,2026-6-17 12:02:5,#503,299,TrX,1,red,enemy,range01_frame_000635.png,317.0,"#503[299]が#440[TrX]領有中のLv.1都市 #440(849,549)を攻撃し、陣営のために破壊宝箱×2を勝ち取りました"
#440,h-12,549,749,2026-6-17 12:03:1,#503,Lghs,BAJ,2,red,enemy,range01_frame_000635.png,317.0,"#503[Lghs]が#440[BAJ]領有中のLv.2都市 #440(549,749)を攻撃し、陣営のために破壊宝箱×5を勝ち取りました"
#440,g-16,749,649,2026-6-17 12:05:4,#503,Lghs,TaU,2,red,enemy,range01_frame_000635.png,317.0,"#503[Lghs]が#440[TaU]領有中のLv.2都市 #440(749,649)を攻撃し、陣営のために破壊宝箱×5を勝ち取りました"
#511,j-14,649,949,2026-6-17 12:07:3,#480,CDf8,DaNG,1,red,enemy,range01_frame_000635.png,317.0,"#480[CDf8]が#511[DaNG]領有中のLv.1都市 #511(649,949)を攻撃し、陣営のために破壊宝箱×2を勝ち取りました"
#440,f-18,849,549,2026-6-17 12:03:1,#503,299,TrX,1,red,enemy,range01_frame_000636.png,317.0,"#503[299]が#440[TrX]領有中のLv.1都市 #440(849,549)を攻撃し、陣営のために破壊宝箱×2を勝ち取りました"
#440,h-12,549,749,2026-6-17 12:04:1,#503,Lghs,BAJ,2,red,enemy,range01_frame_000636.png,317.0,"#503[Lghs]が#440[BAJ]領有中のLv.2都市 #440(549,749)を攻撃し、陣営のために破壊宝箱×5を勝ち取りました"
#440,g-16,749,649,2026-6-17 12:05:4,#503,Lghs,TaU,2,red,enemy,range01_frame_000636.png,317.0,"#503[Lghs]が#440[TaU]領有中のLv.2都市 #440(749,649)を攻撃し、陣営のために破壊宝箱×5を勝ち取りました"
#511,j-14,649,949,2026-6-17 12:07:3,#480,CDf8,DaNG,1,red,enemy,range01_frame_000636.png,317.0,"#480[CDf8]が#511[DaNG]領有中のLv.1都市 #511(649,949)を攻撃し、陣営のために破壊宝箱×2を勝ち取りました"
#480,e-16,749,449,2026-6-17 12:08:0,#509,MOn,CDf8,2,blue,ally,range01_frame_000636.png,317.0,"#509[MOn]が#480[CDf8]領有中のLv.2都市 #480(749,449)を攻撃し、陣営のために破壊宝箱×5を勝ち取りました"
#440,f-18,849,549,2026-6-17 12:03:11,#503,299,TrX,1,red,enemy,range01_frame_000637.png,318.0,"#503[299]が#440[TrX]領有中のLv.1都市#440(849,549)を攻撃し、陣営のために破壊宝箱×2を勝ち取りました"
#440,h-12,549,749,2026-6-17 12:04:18,#503,Lghs,BAJ,2,red,enemy,range01_frame_000637.png,318.0,"#503[Lghs]が#440[BAJ]領有中のLv.2都市#440(549,749)を攻撃し、陣営のために破壊宝箱×5を勝ち取りました"
#440,g-16,749,649,2026-6-17 12:05:49,#503,Lghs,TaW,2,red,enemy,range01_frame_000637.png,318.0,"#503[Lghs]が#440[TaW]領有中のLv.2都市#440(749,649)を攻撃し、陣営のために破壊宝箱×5を勝ち取りました"
#511,j-14,649,949,2026-6-17 12:07:31,#480,CDf8,DaNG,1,red,enemy,range01_frame_000637.png,318.0,"#480[CDf8]が#511[DaNG]領有中のLv.1都市#511(649,949)を攻撃し、陣営のために破壊宝箱×2を勝ち取りました"
#480,e-16,749,449,2026-6-17 12:08:0,#509,MOn,CDf8,2,blue,ally,range01_frame_000637.png,318.0,"#509[MOn]が#480[CDf8]領有中のLv.2都市#480(749,449)を攻撃し、陣営のために破壊宝箱×5を勝ち取りました"
#440,f-18,849,549,2026-6-17 12:03:11,#503,299,TrX,1,red,enemy,range01_frame_000638.png,318.0,"#503[299]が#440[TrX]領有中のLv.1都市#440(849,549)を攻撃し、陣営のために破壊宝箱×2を勝ち取りました"
#440,h-12,549,749,2026-6-17 12:04:18,#503,Lghs,BAJ,2,red,enemy,range01_frame_000638.png,318.0,"#503[Lghs]が#440[BAJ]領有中のLv.2都市#440(549,749)を攻撃し、陣営のために破壊宝箱×5を勝ち取りました"
#440,g-16,749,649,2026-6-17 12:05:49,#503,Lghs,TaW,2,red,enemy,range01_frame_000638.png,318.0,"#503[Lghs]が#440[TaW]領有中のLv.2都市#440(749,649)を攻撃し、陣営のために破壊宝箱×5を勝ち取りました"
#511,j-14,649,949,2026-6-17 12:07:31,#480,CDf8,DaNG,1,red,enemy,range01_frame_000638.png,318.0,"#480[CDf8]が#511[DaNG]領有中のLv.1都市#511(649,949)を攻撃し、陣営のために破壊宝箱×2を勝ち取りました"
#480,e-16,749,449,2026-6-17 12:08:0,#509,MOn,CDf8,2,blue,ally,range01_frame_000638.png,318.0,"#509[MOn]が#480[CDf8]領有中のLv.2都市#480(749,449)を攻撃し、陣営のために破壊宝箱×5を勝ち取りました"
#440,h-12,549,749,2026-6-17 12:03:1,#503,Lghs,BAJ,2,red,enemy,range01_frame_000639.png,319.0,"#503[Lghs]が#440[BAJ]領有中のLv.2都市 #440(549,749)を攻撃し、陣営のために破壊宝箱×5を勝ち取りました"
#440,g-16,749,649,2026-6-17 12:04:1,#503,Lghs,TaW,2,red,enemy,range01_frame_000639.png,319.0,"#503[Lghs]が#440[TaW]領有中のLv.2都市 #440(749,649)を攻撃し、陣営のために破壊宝箱×5を勝ち取りました"
#511,j-14,649,949,2026-6-17 12:07:3,#480,CDf8,DaNG,1,red,enemy,range01_frame_000639.png,319.0,"#480[CDf8]が#511[DaNG]領有中のLv.1都市 #511(649,949)を攻撃し、陣営のために破壊宝箱×2を勝ち取りました"
#480,e-16,749,449,2026-6-17 12:08:0,#509,MOn,CDf8,2,blue,ally,range01_frame_000639.png,319.0,"#509[MOn]が#480[CDf8]領有中のLv.2都市 #480(749,449)を攻撃し、陣営のために破壊宝箱×5を勝ち取りました"
#440,i-6,249,849,2026-6-17 12:10:3,#480,CDf8,GoDs,1,red,enemy,range01_frame_000639.png,319.0,"#480[CDf8]が#440[GoDs]領有中のLv.1都市 #440(249,849)を攻撃し、陣営のために破壊宝箱×2を勝ち取りました"
#440,h-6,249,749,2026-6-17 12:29:4,#480,WbW,GoDs,2,red,enemy,range01_frame_000639.png,319.0,"#480[WbW]が#440[GoDs]領有中のLv.2都市 #440(249,749)を攻撃し、陣営のために破壊宝箱×5を勝ち取りました"
#440,g-16,749,649,2026-6-17 12:05:4,#503,Lghs,TaW,2,red,enemy,range01_frame_000640.png,319.0,"#503[Lghs]が#440[TaW]領有中のLv.2都市 #440(749,649)を攻撃し、陣営のために破壊宝箱×5を勝ち取りました"
#511,j-14,649,949,2026-6-17 12:07:3,#480,CDf8,DaNG,1,red,enemy,range01_frame_000640.png,319.0,"#480[CDf8]が#511[DaNG]領有中のLv.1都市 #511(649,949)を攻撃し、陣営のために破壊宝箱×2を勝ち取りました"
#480,e-16,749,449,2026-6-17 12:08:0,#509,MOn,CDf8,2,blue,ally,range01_frame_000640.png,319.0,"#509[MOn]が#480[CDf8]領有中のLv.2都市 #480(749,449)を攻撃し、陣営のために破壊宝箱×5を勝ち取りました"
#440,i-6,249,849,2026-6-17 12:10:3,#480,CDf8,GoDs,1,red,enemy,range01_frame_000640.png,319.0,"#480[CDf8]が#440[GoDs]領有中のLv.1都市 #440(249,849)を攻撃し、陣営のために破壊宝箱×2を勝ち取りました"
#440,h-6,249,749,2026-6-17 12:29:4,#480,WbW,GoDs,2,red,enemy,range01_frame_000640.png,319.0,"#480[WbW]が#440[GoDs]領有中のLv.2都市 #440(249,749)を攻撃し、陣営のために破壊宝箱×5を勝ち取りました"
#511,j-14,649,949,2026-6-17 12:07:3,#480,CDf8,DaNG,1,red,enemy,range01_frame_000641.png,320.0,"#480[CDf8]が#511[DaNG]領有中のLv.1都市 #511(649,949)を攻撃し、陣営のために破壊宝箱×2を勝ち取りました"
#480,e-16,749,449,2026-6-17 12:08:0,#509,MOn,CDf8,2,blue,ally,range01_frame_000641.png,320.0,"#509[MOn]が#480[CDf8]領有中のLv.2都市 #480(749,449)を攻撃し、陣営のために破壊宝箱×5を勝ち取りました"
#440,i-6,249,849,2026-6-17 12:10:3,#480,CDf8,GoDs,1,red,enemy,range01_frame_000641.png,320.0,"#480[CDf8]が#440[GoDs]領有中のLv.1都市 #440(249,849)を攻撃し、陣営のために破壊宝箱×2を勝ち取りました"
#440,h-6,249,749,2026-6-17 12:29:4,#480,WbW,GoDs,2,red,enemy,range01_frame_000641.png,320.0,"#480[WbW]が#440[GoDs]領有中のLv.2都市 #440(249,749)を攻撃し、陣営のために破壊宝箱×5を勝ち取りました"
#523,h-6,249,749,2026-6-17 12:30:2,#534,JDX,flrE,2,blue,ally,range01_frame_000641.png,320.0,"#534[JDX]が#523[flrE]領有中のLv.2都市 #523(249,749)を攻撃し、陣営のために破壊宝箱×5を勝ち取りました"
#440,h-20,949,749,2026-6-17 12:31:5,#503,UMN,TaU,1,red,enemy,range01_frame_000641.png,320.0,"#503[UMN]が#440[TaU]領有中のLv.1都市 #440(949,749)を攻撃し、陣営のために破壊宝箱×2を勝ち取りました"
#480,e-16,749,449,2026-6-17 12:08:0,#509,MOn,CDf8,2,blue,ally,range01_frame_000642.png,320.0,"#509[MOn]が#480[CDf8]領有中のLv.2都市 #480(749,449)を攻撃し、陣営のために破壊宝箱×5を勝ち取りました"
#440,i-6,249,849,2026-6-17 12:10:3,#480,CDf8,GoDs,1,red,enemy,range01_frame_000642.png,320.0,"#480[CDf8]が#440[GoDs]領有中のLv.1都市 #440(249,849)を攻撃し、陣営のために破壊宝箱×2を勝ち取りました"
#440,h-6,249,749,2026-6-17 12:29:4,#480,WbW,GoDs,2,red,enemy,range01_frame_000642.png,320.0,"#480[WbW]が#440[GoDs]領有中のLv.2都市 #440(249,749)を攻撃し、陣営のために破壊宝箱×5を勝ち取りました"
#523,h-6,249,749,2026-6-17 12:30:2,#534,JDX,flrE,2,blue,ally,range01_frame_000642.png,320.0,"#534[JDX]が#523[flrE]領有中のLv.2都市 #523(249,749)を攻撃し、陣営のために破壊宝箱×5を勝ち取りました"
#440,h-20,949,749,2026-6-17 12:31:5,#503,UMN,TaU,1,red,enemy,range01_frame_000642.png,320.0,"#503[UMN]が#440[TaU]領有中のLv.1都市 #440(949,749)を攻撃し、陣営のために破壊宝箱×2を勝ち取りました"
#440,i-6,249,849,2026-6-17 12:10:30,#480,CDf8,Go0s,1,red,enemy,range01_frame_000643.png,321.0,"#480[CDf8]が#440[Go0s]領有中のLv.1都市 #440(249,849)を攻撃し、陣営のために破壊宝箱×2を勝ち取りました"
#440,h-6,249,749,2026-6-17 12:29:40,#480,WbW,Go0s,2,red,enemy,range01_frame_000643.png,321.0,"#480[WbW]が#440[Go0s]領有中のLv.2都市 #440(249,749)を攻撃し、陣営のために破壊宝箱×5を勝ち取りました"
#523,h-6,249,749,2026-6-17 12:30:20,#534,JDX,flrE,2,blue,ally,range01_frame_000643.png,321.0,"#534[JDX]が#523[flrE]領有中のLv.2都市 #523(249,749)を攻撃し、陣営のために破壊宝箱×5を勝ち取りました"
#440,h-20,949,749,2026-6-17 12:31:50,#503,UMN,TaU,1,red,enemy,range01_frame_000643.png,321.0,"#503[UMN]が#440[TaU]領有中のLv.1都市 #440(949,749)を攻撃し、陣営のために破壊宝箱×2を勝ち取りました"
#523,h-8,349,749,2026-6-17 12:40:30,#509,SsQ,flrE,2,blue,ally,range01_frame_000643.png,321.0,"#509[SsQ]が#523[flrE]領有中のLv.2都市 #523(349,749)を攻撃し、陣営のために破壊宝箱×5を勝ち取りました"
#440,i-6,249,849,2026-6-17 12:10:30,#480,CDf8,Go0s,1,red,enemy,range01_frame_000644.png,321.0,"#480[CDf8]が#440[Go0s]領有中のLv.1都市 #440(249,849)を攻撃し、陣営のために破壊宝箱×2を勝ち取りました"
#440,h-6,249,749,2026-6-17 12:29:40,#480,WbW,Go0s,2,red,enemy,range01_frame_000644.png,321.0,"#480[WbW]が#440[Go0s]領有中のLv.2都市 #440(249,749)を攻撃し、陣営のために破壊宝箱×5を勝ち取りました"
#523,h-6,249,749,2026-6-17 12:30:20,#534,JDX,flrE,2,blue,ally,range01_frame_000644.png,321.0,"#534[JDX]が#523[flrE]領有中のLv.2都市 #523(249,749)を攻撃し、陣営のために破壊宝箱×5を勝ち取りました"
#440,h-20,949,749,2026-6-17 12:31:50,#503,UMN,TaU,1,red,enemy,range01_frame_000644.png,321.0,"#503[UMN]が#440[TaU]領有中のLv.1都市 #440(949,749)を攻撃し、陣営のために破壊宝箱×2を勝ち取りました"
#523,h-8,349,749,2026-6-17 12:40:30,#509,SsQ,flrE,2,blue,ally,range01_frame_000644.png,321.0,"#509[SsQ]が#523[flrE]領有中のLv.2都市 #523(349,749)を攻撃し、陣営のために破壊宝箱×5を勝ち取りました"
#440,i-6,249,849,2026-6-17 12:10:3,#480,CDf8,GoDs,1,red,enemy,range01_frame_000645.png,322.0,"#480[CDf8]が#440[GoDs]領有中のLv.1都市 #440(249,849)を攻撃し、陣営のために破壊宝箱×2を勝ち取りました"
#440,h-6,249,749,2026-6-17 12:29:4,#480,WbWU,GoDs,2,red,enemy,range01_frame_000645.png,322.0,"#480[WbWU]が#440[GoDs]領有中のLv.2都市 #440(249,749)を攻撃し、陣営のために破壊宝箱×5を勝ち取りました"
#523,h-6,249,749,2026-6-17 12:30:2,#534,JDX,flrE,2,blue,ally,range01_frame_000645.png,322.0,"#534[JDX]が#523[flrE]領有中のLv.2都市 #523(249,749)を攻撃し、陣営のために破壊宝箱×5を勝ち取りました"
#440,h-20,949,749,2026-6-17 12:31:5,#503,UMN,TaU,1,red,enemy,range01_frame_000645.png,322.0,"#503[UMN]が#440[TaU]領有中のLv.1都市 #440(949,749)を攻撃し、陣営のために破壊宝箱×2を勝ち取りました"
#523,h-8,349,749,2026-6-17 12:40:3,#509,SsQ,flrE,2,blue,ally,range01_frame_000645.png,322.0,"#509[SsQ]が#523[flrE]領有中のLv.2都市 #523(349,749)を攻撃し、陣営のために破壊宝箱×5を勝ち取りました"
#440,i-6,249,849,2026-6-17 12:10:3,#480,CDf8,GoDs,1,red,enemy,range01_frame_000646.png,322.0,"#480[CDf8]が#440[GoDs]領有中のLv.1都市 #440(249,849)を攻撃し、陣営のために破壊宝箱×2を勝ち取りました"
#440,h-6,249,749,2026-6-17 12:29:4,#480,WbWU,GoDs,2,red,enemy,range01_frame_000646.png,322.0,"#480[WbWU]が#440[GoDs]領有中のLv.2都市 #440(249,749)を攻撃し、陣営のために破壊宝箱×5を勝ち取りました"
#523,h-6,249,749,2026-6-17 12:30:2,#534,JDX,flrE,2,blue,ally,range01_frame_000646.png,322.0,"#534[JDX]が#523[flrE]領有中のLv.2都市 #523(249,749)を攻撃し、陣営のために破壊宝箱×5を勝ち取りました"
#440,h-20,949,749,2026-6-17 12:31:5,#503,UMN,TaU,1,red,enemy,range01_frame_000646.png,322.0,"#503[UMN]が#440[TaU]領有中のLv.1都市 #440(949,749)を攻撃し、陣営のために破壊宝箱×2を勝ち取りました"
#523,h-8,349,749,2026-6-17 12:40:3,#509,SsQ,flrE,2,blue,ally,range01_frame_000646.png,322.0,"#509[SsQ]が#523[flrE]領有中のLv.2都市 #523(349,749)を攻撃し、陣営のために破壊宝箱×5を勝ち取りました"
#440,h-6,249,749,2026-6-17 12:29:4,#480,WbW,GoDs,2,red,enemy,range01_frame_000647.png,323.0,"#480[WbW]が#440[GoDs]領有中のLv.2都市 #440(249,749)を攻撃し、陣営のために破壊宝箱×5を勝ち取りました"
#523,h-6,249,749,2026-6-17 12:30:2,#534,JDX,flrE,2,blue,ally,range01_frame_000647.png,323.0,"#534[JDX]が#523[flrE]領有中のLv.2都市 #523(249,749)を攻撃し、陣営のために破壊宝箱×5を勝ち取りました"
#440,h-20,949,749,2026-6-17 12:31:5,#503,UMN,TaW,1,red,enemy,range01_frame_000647.png,323.0,"#503[UMN]が#440[TaW]領有中のLv.1都市 #440(949,749)を攻撃し、陣営のために破壊宝箱×2を勝ち取りました"
#523,h-8,349,749,2026-6-17 12:40:3,#509,SsQ,flrE,2,blue,ally,range01_frame_000647.png,323.0,"#509[SsQ]が#523[flrE]領有中のLv.2都市 #523(349,749)を攻撃し、陣営のために破壊宝箱×5を勝ち取りました"
#523,h-14,649,749,2026-6-17 12:50:1,#509,FHX,WUG,2,blue,ally,range01_frame_000647.png,323.0,"#509[FHX]が#523[WUG]領有中のLv.2都市 #523(649,749)を攻撃し、陣営のために破壊宝箱×5を勝ち取りました"
#440,h-20,949,749,2026-6-17 12:31:5,#503,UMN,TaW,1,red,enemy,range01_frame_000648.png,323.0,"#503[UMN]が#440[TaW]領有中のLv.1都市 #440(949,749)を攻撃し、陣営のために破壊宝箱×2を勝ち取りました"
#523,h-8,349,749,2026-6-17 12:40:3,#509,SsQ,flrE,2,blue,ally,range01_frame_000648.png,323.0,"#509[SsQ]が#523[flrE]領有中のLv.2都市 #523(349,749)を攻撃し、陣営のために破壊宝箱×5を勝ち取りました"
#523,h-14,649,749,2026-6-17 12:50:1,#509,FHX,WUG,2,blue,ally,range01_frame_000648.png,323.0,"#509[FHX]が#523[WUG]領有中のLv.2都市 #523(649,749)を攻撃し、陣営のために破壊宝箱×5を勝ち取りました"
#534,g-20,949,649,2026-6-17 12:51:4,#503,one,89M,1,red,enemy,range01_frame_000648.png,323.0,"#503[one]が#534[89M]領有中のLv.1都市 #534(949,649)を攻撃し、陣営のために破壊宝箱×2を勝ち取りました"
#440,h-20,949,749,2026-6-17 12:31:5,#503,UMN,TaW,1,red,enemy,range01_frame_000649.png,324.0,"#503[UMN]が#440[TaW]領有中のLv.1都市 #440(949,749)を攻撃し、陣営のために破壊宝箱×2を勝ち取りました"
#523,h-8,349,749,2026-6-17 12:40:3,#509,SsQ,flrE,2,blue,ally,range01_frame_000649.png,324.0,"#509[SsQ]が#523[flrE]領有中のLv.2都市 #523(349,749)を攻撃し、陣営のために破壊宝箱×5を勝ち取りました"
#523,h-14,649,749,2026-6-17 12:50:1,#509,FHX,WUG,2,blue,ally,range01_frame_000649.png,324.0,"#509[FHX]が#523[WUG]領有中のLv.2都市 #523(649,749)を攻撃し、陣営のために破壊宝箱×5を勝ち取りました"
#534,g-20,949,649,2026-6-17 12:51:4,#503,one,89M,1,red,enemy,range01_frame_000649.png,324.0,"#503[one]が#534[89M]領有中のLv.1都市 #534(949,649)を攻撃し、陣営のために破壊宝箱×2を勝ち取りました"
#523,c-4,149,249,2026-6-17 20:04:4,#440,GoDs,EDFS,1,blue,ally,range01_frame_000649.png,324.0,"#440[GoDs]が#523[EDFS]領有中のLv.1都市 #523(149,249)を攻撃し、陣営のために破壊宝箱×2を勝ち取りました"
#523,a-14,649,49,2026-6-17 20:05:5,#511,JLO,EDFS,1,blue,ally,range01_frame_000649.png,324.0,"#511[JLO]が#523[EDFS]領有中のLv.1都市 #523(649,49)を攻撃し、陣営のために破壊宝箱×2を勝ち取りました"
#523,h-14,649,749,2026-6-17 12:50:10,#509,FHX,WUG,2,blue,ally,range01_frame_000651.png,325.0,"#509[FHX]が#523[WUG]領有中のLv.2都市 #523(649,749)を攻撃し、陣営のために破壊宝箱×5を勝ち取りました"
#534,g-20,949,649,2026-6-17 12:51:4,#503,one,89M,1,red,enemy,range01_frame_000651.png,325.0,"#503[one]が#534[89M]領有中のLv.1都市 #534(949,649)を攻撃し、陣営のために破壊宝箱×2を勝ち取りました"
#523,c-4,149,249,2026-6-17 20:04:4,#440,GoDs,EDFS,1,blue,ally,range01_frame_000651.png,325.0,"#440[GoDs]が#523[EDFS]領有中のLv.1都市 #523(149,249)を攻撃し、陣営のために破壊宝箱×2を勝ち取りました"
#523,a-14,649,49,2026-6-17 20:05:5,#511,JLO,EDFS,1,blue,ally,range01_frame_000651.png,325.0,"#511[JLO]が#523[EDFS]領有中のLv.1都市 #523(649,49)を攻撃し、陣営のために破壊宝箱×2を勝ち取りました"
#523,b-16,749,149,2026-6-17 20:05:5,#511,JLO,5DU,1,blue,ally,range01_frame_000651.png,325.0,"#511[JLO]が#523[5DU]領有中のLv.1都市 #523(749,149)を攻撃し、陣営のために破壊宝箱×2を勝ち取りました"
#523,h-14,649,749,2026-6-17 12:50:18,#509,FHX,WUG,2,unknown,unknown,range01_frame_000653.png,326.0,"#509[FHX]が#523[WUG]領有中のLv.2都市 #523(649,749)を攻撃し、陣営のために破壊宝箱×5を勝ち取りました"
#534,g-20,949,649,2026-6-17 12:51:4,#503,one,89M,1,red,enemy,range01_frame_000653.png,326.0,"#503[one]が#534[89M]領有中のLv.1都市 #534(949,649)を攻撃し、陣営のために破壊宝箱×2を勝ち取りました"
#523,c-4,149,249,2026-6-17 20:04:4,#440,GoDs,EDFS,1,unknown,unknown,range01_frame_000653.png,326.0,"#440[GoDs]が#523[EDFS]領有中のLv.1都市 #523(149,249)を攻撃し、陣営のために破壊宝箱×2を勝ち取りました"
#523,a-14,649,49,2026-6-17 20:05:5,#511,JLO,EDFS,1,unknown,unknown,range01_frame_000653.png,326.0,"#511[JLO]が#523[EDFS]領有中のLv.1都市 #523(649,49)を攻撃し、陣営のために破壊宝箱×2を勝ち取りました"
#523,b-16,749,149,2026-6-17 20:09:2,#511,JLO,5DU,1,unknown,unknown,range01_frame_000653.png,326.0,"#511[JLO]が#523[5DU]領有中のLv.1都市 #523(749,149)を攻撃し、陣営のために破壊宝箱×2を勝ち取りました"
#523,c-4,149,249,2026-6-17 20:04:44,#440,GoDs,EDFS,1,blue,ally,range01_frame_000655.png,327.0,"#440[GoDs]が#523[EDFS]領有中のLv.1都市 #523(149,249)を攻撃し、陣営のために破壊宝箱×2を勝ち取りました"
#523,a-14,649,49,2026-6-17 20:05:55,#511,JLO,EDFS,1,blue,ally,range01_frame_000655.png,327.0,"#511[JLO]が#523[EDFS]領有中のLv.1都市 #523(649,49)を攻撃し、陣営のために破壊宝箱×2を勝ち取りました"
#523,b-16,749,149,2026-6-17 20:09:2,#511,JLO,5DU,1,blue,ally,range01_frame_000655.png,327.0,"#511[JLO]が#523[5DU]領有中のLv.1都市 #523(749,149)を攻撃し、陣営のために破壊宝箱×2を勝ち取りました"
#440,c-12,549,249,2026-6-17 20:14:0,#476,476B,TrX,2,red,enemy,range01_frame_000655.png,327.0,"#476[476B]が#440[TrX]領有中のLv.2都市 #440(549,249)を攻撃し、陣営のために破壊宝箱×5を勝ち取りました"
#523,c-4,149,249,2026-6-17 20:04:44,#440,GoDs,EDFS,1,blue,ally,range01_frame_000656.png,327.0,"#440[GoDs]が#523[EDFS]領有中のLv.1都市 #523(149,249)を攻撃し、陣営のために破壊宝箱×2を勝ち取りました"
#523,a-14,649,49,2026-6-17 20:05:55,#511,JLO,EDFS,1,blue,ally,range01_frame_000656.png,327.0,"#511[JLO]が#523[EDFS]領有中のLv.1都市 #523(649,49)を攻撃し、陣営のために破壊宝箱×2を勝ち取りました"
#523,b-16,749,149,2026-6-17 20:09:2,#511,JLO,5DU,1,blue,ally,range01_frame_000656.png,327.0,"#511[JLO]が#523[5DU]領有中のLv.1都市 #523(749,149)を攻撃し、陣営のために破壊宝箱×2を勝ち取りました"
#440,c-12,549,249,2026-6-17 20:14:0,#476,476B,TrX,2,red,enemy,range01_frame_000656.png,327.0,"#476[476B]が#440[TrX]領有中のLv.2都市 #440(549,249)を攻撃し、陣営のために破壊宝箱×5を勝ち取りました"
#534,g-16,749,649,2026-6-17 20:21:0,#503,fzn,89M,2,red,enemy,range01_frame_000656.png,327.0,"#503[fzn]が#534[89M]領有中のLv.2都市 #534(749,649)を攻撃し、陣営のために破壊宝箱×5を勝ち取りました"
#523,a-14,649,49,2026-6-17 20:05:55,#511,JLO,EDFS,1,blue,ally,range01_frame_000657.png,328.0,"#511[JLO]が#523[EDFS]領有中のLv.1都市#523(649,49)を攻撃し、陣営のために破壊宝箱×2を勝ち取りました"
#523,b-16,749,149,2026-6-17 20:09:2,#511,JLO,5DU,1,blue,ally,range01_frame_000657.png,328.0,"#511[JLO]が#523[5DU]領有中のLv.1都市#523(749,149)を攻撃し、陣営のために破壊宝箱×2を勝ち取りました"
#440,c-12,549,249,2026-6-17 20:14:0,#476,476B,TrX,2,red,enemy,range01_frame_000657.png,328.0,"#476[476B]が#440[TrX]領有中のLv.2都市#440(549,249)を攻撃し、陣営のために破壊宝箱×5を勝ち取りました"
#534,g-16,749,649,2026-6-17 20:21:0,#503,fzn,89M,2,red,enemy,range01_frame_000657.png,328.0,"#503[fzn]が#534[89M]領有中のLv.2都市#534(749,649)を攻撃し、陣営のために破壊宝箱×5を勝ち取りました"
#534,c-18,849,249,2026-6-17 20:21:4,#476,476K,5g3,1,red,enemy,range01_frame_000657.png,328.0,"#476[476K]が#534[5g3]領有中のLv.1都市#534(849,249)を攻撃し、陣営のために破壊宝箱×2を勝ち取りました"
#523,a-14,649,49,2026-6-17 20:05:55,#511,JLO,EDFS,1,blue,ally,range01_frame_000658.png,328.0,"#511[JLO]が#523[EDFS]領有中のLv.1都市#523(649,49)を攻撃し、陣営のために破壊宝箱×2を勝ち取りました"
#523,b-16,749,149,2026-6-17 20:09:2,#511,JLO,5DU,1,blue,ally,range01_frame_000658.png,328.0,"#511[JLO]が#523[5DU]領有中のLv.1都市#523(749,149)を攻撃し、陣営のために破壊宝箱×2を勝ち取りました"
#440,c-12,549,249,2026-6-17 20:14:0,#476,476B,TrX,2,red,enemy,range01_frame_000658.png,328.0,"#476[476B]が#440[TrX]領有中のLv.2都市#440(549,249)を攻撃し、陣営のために破壊宝箱×5を勝ち取りました"
#534,g-16,749,649,2026-6-17 20:21:0,#503,fzn,89M,2,red,enemy,range01_frame_000658.png,328.0,"#503[fzn]が#534[89M]領有中のLv.2都市#534(749,649)を攻撃し、陣営のために破壊宝箱×5を勝ち取りました"
#534,c-18,849,249,2026-6-17 20:21:4,#476,476K,5g3,1,red,enemy,range01_frame_000658.png,328.0,"#476[476K]が#534[5g3]領有中のLv.1都市#534(849,249)を攻撃し、陣営のために破壊宝箱×2を勝ち取りました"
#534,j-8,349,949,2026-6-17 20:22:1,#523,flrE,,1,red,enemy,range01_frame_000658.png,328.0,"#523[flrE]が#534領有中のLv.1都市#534(349,949)を攻撃し、陣営のために破壊宝箱×2を勝ち取りました"
#523,b-16,749,149,2026-6-17 20:09:2,#511,JLO,5DU,1,blue,ally,range01_frame_000659.png,329.0,"#511[JLO]が#523[5DU]領有中のLv.1都市#523(749,149)を攻撃し、陣営のために破壊宝箱×2を勝ち取りました"
#440,c-12,549,249,2026-6-17 20:14:0,#476,476B,TrX,2,red,enemy,range01_frame_000659.png,329.0,"#476[476B]が#440[TrX]領有中のLv.2都市#440(549,249)を攻撃し、陣営のために破壊宝箱×5を勝ち取りました"
#534,g-16,749,649,2026-6-17 20:21:0,#503,fzn,89M,2,red,enemy,range01_frame_000659.png,329.0,"#503[fzn]が#534[89M]領有中のLv.2都市#534(749,649)を攻撃し、陣営のために破壊宝箱×5を勝ち取りました"
#534,c-18,849,249,2026-6-17 20:21:4,#476,476K,5g3,1,red,enemy,range01_frame_000659.png,329.0,"#476[476K]が#534[5g3]領有中のLv.1都市#534(849,249)を攻撃し、陣営のために破壊宝箱×2を勝ち取りました"
#534,j-8,349,949,2026-6-17 20:23:1,#523,flrE,,1,red,enemy,range01_frame_000659.png,329.0,"#523[flrE]が#534領有中のLv.1都市#534(349,949)を攻撃し、陣営のために破壊宝箱×2を勝ち取りました"
#523,b-16,749,149,2026-6-17 20:09:2,#511,JLO,5DU,1,blue,ally,range01_frame_000660.png,329.0,"#511[JLO]が#523[5DU]領有中のLv.1都市#523(749,149)を攻撃し、陣営のために破壊宝箱×2を勝ち取りました"
#440,c-12,549,249,2026-6-17 20:14:0,#476,476B,TrX,2,red,enemy,range01_frame_000660.png,329.0,"#476[476B]が#440[TrX]領有中のLv.2都市#440(549,249)を攻撃し、陣営のために破壊宝箱×5を勝ち取りました"
#534,g-16,749,649,2026-6-17 20:21:0,#503,fzn,89M,2,red,enemy,range01_frame_000660.png,329.0,"#503[fzn]が#534[89M]領有中のLv.2都市#534(749,649)を攻撃し、陣営のために破壊宝箱×5を勝ち取りました"
#534,c-18,849,249,2026-6-17 20:21:4,#476,476K,5g3,1,red,enemy,range01_frame_000660.png,329.0,"#476[476K]が#534[5g3]領有中のLv.1都市#534(849,249)を攻撃し、陣営のために破壊宝箱×2を勝ち取りました"
#534,j-8,349,949,2026-6-17 20:23:1,#523,flrE,,1,red,enemy,range01_frame_000660.png,329.0,"#523[flrE]が#534領有中のLv.1都市#534(349,949)を攻撃し、陣営のために破壊宝箱×2を勝ち取りました"
#523,b-16,749,149,2026-6-17 20:09:2,#511,JLO,5DU,1,blue,ally,range01_frame_000661.png,330.0,"#511[JLO]が#523[5DU]領有中のLv.1都市 #523(749,149)を攻撃し、陣営のために破壊宝箱×2を勝ち取りました"
#440,c-12,549,249,2026-6-17 20:14:0,#476,476B,TrX,2,red,enemy,range01_frame_000661.png,330.0,"#476[476B]が#440[TrX]領有中のLv.2都市 #440(549,249)を攻撃し、陣営のために破壊宝箱×5を勝ち取りました"
#534,g-16,749,649,2026-6-17 20:21:0,#503,fzn,89M,2,red,enemy,range01_frame_000661.png,330.0,"#503[fzn]が#534[89M]領有中のLv.2都市 #534(749,649)を攻撃し、陣営のために破壊宝箱×5を勝ち取りました"
#534,c-18,849,249,2026-6-17 20:21:4,#476,476K,5g3,1,red,enemy,range01_frame_000661.png,330.0,"#476[476K]が#534[5g3]領有中のLv.1都市 #534(849,249)を攻撃し、陣営のために破壊宝箱×2を勝ち取りました"
#534,j-8,349,949,2026-6-17 20:23:1,#523,flrE,,1,blue,ally,range01_frame_000661.png,330.0,"#523[flrE]が#534領有中のLv.1都市 #534(349,949)を攻撃し、陣営のために破壊宝箱×2を勝ち取りました"
#440,c-12,549,249,2026-6-17 20:14:0,#476,476B,TrX,2,red,enemy,range01_frame_000662.png,330.0,"#476[476B]が#440[TrX]領有中のLv.2都市 #440(549,249)を攻撃し、陣営のために破壊宝箱×5を勝ち取りました"
#534,g-16,749,649,2026-6-17 20:21:0,#503,fzn,89M,2,red,enemy,range01_frame_000662.png,330.0,"#503[fzn]が#534[89M]領有中のLv.2都市 #534(749,649)を攻撃し、陣営のために破壊宝箱×5を勝ち取りました"
#534,c-18,849,249,2026-6-17 20:21:4,#476,476K,5g3,1,red,enemy,range01_frame_000662.png,330.0,"#476[476K]が#534[5g3]領有中のLv.1都市 #534(849,249)を攻撃し、陣営のために破壊宝箱×2を勝ち取りました"
#534,j-8,349,949,2026-6-17 20:23:1,#523,flrE,,1,blue,ally,range01_frame_000662.png,330.0,"#523[flrE]が#534領有中のLv.1都市 #534(349,949)を攻撃し、陣営のために破壊宝箱×2を勝ち取りました"
#534,b-4,149,149,2026-6-17 20:27:?,#476,476M,SKh,1,red,enemy,range01_frame_000662.png,330.0,"#476[476M]が#534[SKh]領有中のLv.1都市 #534(149,149)を攻撃し、陣営のために破壊宝箱×2を勝ち取りました"
#534,g-16,749,649,2026-6-17 20:21:01,#503,fzn,89M,2,red,enemy,range01_frame_000663.png,331.0,"#503[fzn]が#534[89M]領有中のLv.2都市 #534(749,649)を攻撃し、陣営のために破壊宝箱×5を勝ち取りました"
#534,c-18,849,249,2026-6-17 20:21:4,#476,476K,5g3,1,red,enemy,range01_frame_000663.png,331.0,"#476[476K]が#534[5g3]領有中のLv.1都市 #534(849,249)を攻撃し、陣営のために破壊宝箱×2を勝ち取りました"
#534,j-8,349,949,2026-6-17 20:23:1,#523,flrE,,1,blue,ally,range01_frame_000663.png,331.0,"#523[flrE]が#534領有中のLv.1都市 #534(349,949)を攻撃し、陣営のために破壊宝箱×2を勝ち取りました"
#534,b-4,149,149,2026-6-17 20:24:1,#476,476M,SKh,1,red,enemy,range01_frame_000663.png,331.0,"#476[476M]が#534[SKh]領有中のLv.1都市 #534(149,149)を攻撃し、陣営のために破壊宝箱×2を勝ち取りました"
#534,d-18,849,349,2026-6-17 20:24:5,#476,476K,5g3,1,red,enemy,range01_frame_000663.png,331.0,"#476[476K]が#534[5g3]領有中のLv.1都市 #534(849,349)を攻撃し、陣営のために破壊宝箱×2を勝ち取りました"
#534,c-18,849,249,2026-6-17 20:21:4,#476,476K,5g3,1,red,enemy,range01_frame_000664.png,331.0,"#476[476K]が#534[5g3]領有中のLv.1都市 #534(849,249)を攻撃し、陣営のために破壊宝箱×2を勝ち取りました"
#534,j-8,349,949,2026-6-17 20:23:1,#523,flrE,,1,blue,ally,range01_frame_000664.png,331.0,"#523[flrE]が#534領有中のLv.1都市 #534(349,949)を攻撃し、陣営のために破壊宝箱×2を勝ち取りました"
#534,b-4,149,149,2026-6-17 20:24:1,#476,476M,SKh,1,red,enemy,range01_frame_000664.png,331.0,"#476[476M]が#534[SKh]領有中のLv.1都市 #534(149,149)を攻撃し、陣営のために破壊宝箱×2を勝ち取りました"
#534,d-18,849,349,2026-6-17 20:24:5,#476,476K,5g3,1,red,enemy,range01_frame_000664.png,331.0,"#476[476K]が#534[5g3]領有中のLv.1都市 #534(849,349)を攻撃し、陣営のために破壊宝箱×2を勝ち取りました"
#534,c-16,749,249,2026-6-17 20:27:5,#476,476Z,MOE,2,red,enemy,range01_frame_000664.png,331.0,"#476[476Z]が#534[MOE]領有中のLv.2都市 #534(749,249)を攻撃し、陣営のために破壊宝箱×5を勝ち取りました"
#534,j-8,349,949,2026-6-17 20:23:1,#523,flrE,,1,red,enemy,range01_frame_000665.png,332.0,"#523[flrE]が#534領有中のLv.1都市 #534(349,949)を攻撃し、陣営のために破壊宝箱×2を勝ち取りました"
#534,b-4,149,149,2026-6-17 20:24:1,#476,476M,SKh,1,red,enemy,range01_frame_000665.png,332.0,"#476[476M]が#534[SKh]領有中のLv.1都市 #534(149,149)を攻撃し、陣営のために破壊宝箱×2を勝ち取りました"
#534,d-18,849,349,2026-6-17 20:24:5,#476,476K,5g3,1,red,enemy,range01_frame_000665.png,332.0,"#476[476K]が#534[5g3]領有中のLv.1都市 #534(849,349)を攻撃し、陣営のために破壊宝箱×2を勝ち取りました"
#534,c-16,749,249,2026-6-17 20:27:5,#476,476Z,MOE,2,red,enemy,range01_frame_000665.png,332.0,"#476[476Z]が#534[MOE]領有中のLv.2都市 #534(749,249)を攻撃し、陣営のために破壊宝箱×5を勝ち取りました"
#480,h-16,749,749,2026-6-17 20:30:2,#440,GcC,AAOA,2,blue,ally,range01_frame_000665.png,332.0,"#440[GcC]が#480[AAOA]領有中のLv.2都市 #480(749,749)を攻撃し、陣営のために破壊宝箱×5を勝ち取りました"
#534,j-6,249,949,2026-6-17 20:23:1,#523,flrE,,1,red,enemy,range01_frame_000666.png,332.0,"#523[flrE]が#534領有中のLv.1都市 #534(249,949)を攻撃し、陣営のために破壊宝箱×2を勝ち取りました"
#534,b-4,149,149,2026-6-17 20:23:11,#476,476M,SKh,1,red,enemy,range01_frame_000667.png,333.0,"#476[476M]が#534[SKh]領有中のLv.1都市 #534(149,149)を攻撃し、陣営のために破壊宝箱×2を勝ち取りました"
#534,d-18,849,349,2026-6-17 20:24:11,#476,476K,5g3,1,red,enemy,range01_frame_000667.png,333.0,"#476[476K]が#534[5g3]領有中のLv.1都市 #534(849,349)を攻撃し、陣営のために破壊宝箱×2を勝ち取りました"
#534,c-16,749,249,2026-6-17 20:27:5,#476,476Z,MOE,2,red,enemy,range01_frame_000667.png,333.0,"#476[476Z]が#534[MOE]領有中のLv.2都市 #534(749,249)を攻撃し、陣営のために破壊宝箱×5を勝ち取りました"
#480,h-16,749,749,2026-6-17 20:30:2,#440,GcC,AAOA,2,blue,ally,range01_frame_000667.png,333.0,"#440[GcC]が#480[AAOA]領有中のLv.2都市 #480(749,749)を攻撃し、陣営のために破壊宝箱×5を勝ち取りました"
#534,j-6,249,949,2026-6-17 20:31:?,#523,flrE,,1,red,enemy,range01_frame_000667.png,333.0,"#523[flrE]が#534領有中のLv.1都市 #534(249,949)を攻撃し、陣営のために破壊宝箱×2を勝ち取りました"
#534,b-4,149,149,2026-6-17 20:23:11,#476,476M,SKh,1,red,enemy,range01_frame_000668.png,333.0,"#476[476M]が#534[SKh]領有中のLv.1都市 #534(149,149)を攻撃し、陣営のために破壊宝箱×2を勝ち取りました"
#534,d-18,849,349,2026-6-17 20:24:11,#476,476K,5g3,1,red,enemy,range01_frame_000668.png,333.0,"#476[476K]が#534[5g3]領有中のLv.1都市 #534(849,349)を攻撃し、陣営のために破壊宝箱×2を勝ち取りました"
#534,c-16,749,249,2026-6-17 20:27:5,#476,476Z,MOE,2,red,enemy,range01_frame_000668.png,333.0,"#476[476Z]が#534[MOE]領有中のLv.2都市 #534(749,249)を攻撃し、陣営のために破壊宝箱×5を勝ち取りました"
#480,h-16,749,749,2026-6-17 20:30:2,#440,GcC,AAOA,2,blue,ally,range01_frame_000668.png,333.0,"#440[GcC]が#480[AAOA]領有中のLv.2都市 #480(749,749)を攻撃し、陣営のために破壊宝箱×5を勝ち取りました"
#534,j-6,249,949,2026-6-17 20:31:?,#523,flrE,,1,red,enemy,range01_frame_000668.png,333.0,"#523[flrE]が#534領有中のLv.1都市 #534(249,949)を攻撃し、陣営のために破壊宝箱×2を勝ち取りました"
#534,b-4,149,149,2026-6-17 20:23:1,#476,476M,5Kh,1,red,enemy,range01_frame_000669.png,334.0,"#476[476M]が#534[5Kh]領有中のLv.1都市 #534(149,149)を攻撃し、陣営のために破壊宝箱×2を勝ち取りました"
#534,d-18,849,349,2026-6-17 20:24:1,#476,476K,5g3,1,red,enemy,range01_frame_000669.png,334.0,"#476[476K]が#534[5g3]領有中のLv.1都市 #534(849,349)を攻撃し、陣営のために破壊宝箱×2を勝ち取りました"
#534,c-16,749,249,2026-6-17 20:27:5,#476,476Z,MOE,2,red,enemy,range01_frame_000669.png,334.0,"#476[476Z]が#534[MOE]領有中のLv.2都市 #534(749,249)を攻撃し、陣営のために破壊宝箱×5を勝ち取りました"
#480,h-16,749,749,2026-6-17 20:30:2,#440,Gcc,AA0A,2,blue,ally,range01_frame_000669.png,334.0,"#440[Gcc]が#480[AA0A]領有中のLv.2都市 #480(749,749)を攻撃し、陣営のために破壊宝箱×5を勝ち取りました"
#534,j-6,249,949,2026-6-17 20:37:3,#523,flrE,,1,red,enemy,range01_frame_000669.png,334.0,"#523[flrE]が#534領有中のLv.1都市 #534(249,949)を攻撃し、陣営のために破壊宝箱×2を勝ち取りました"
#534,d-18,849,349,2026-6-17 20:24:xx,#476,476K,5g3,1,red,enemy,range01_frame_000671.png,335.0,"#476[476K]が#534[5g3]領有中のLv.1都市 #534(849,349)を攻撃し、陣営のために破壊宝箱×2を勝ち取りました"
#534,c-16,749,249,2026-6-17 20:27:xx,#476,476Z,MOE,2,red,enemy,range01_frame_000671.png,335.0,"#476[476Z]が#534[MOE]領有中のLv.2都市 #534(749,249)を攻撃し、陣営のために破壊宝箱×5を勝ち取りました"
#480,h-16,749,749,2026-6-17 20:30:xx,#440,GcC,AA0A,2,blue,ally,range01_frame_000671.png,335.0,"#440[GcC]が#480[AA0A]領有中のLv.2都市 #480(749,749)を攻撃し、陣営のために破壊宝箱×5を勝ち取りました"
#534,j-6,249,949,2026-6-17 20:37:xx,#523,flrE,,1,red,enemy,range01_frame_000671.png,335.0,"#523[flrE]が#534領有中のLv.1都市 #534(249,949)を攻撃し、陣営のために破壊宝箱×2を勝ち取りました"
#480,b-20,949,149,2026-6-17 20:43:xx,#440,TaW,AA0A,1,blue,ally,range01_frame_000671.png,335.0,"#440[TaW]が#480[AA0A]領有中のLv.1都市 #480(949,149)を攻撃し、陣営のために破壊宝箱×2を勝ち取りました"
#534,c-16,749,249,2026-6-17 20:27:xx,#476,476Z,MOE,2,red,enemy,range01_frame_000672.png,335.0,"#476[476Z]が#534[MOE]領有中のLv.2都市 #534(749,249)を攻撃し、陣営のために破壊宝箱×5を勝ち取りました"
#480,h-16,749,749,2026-6-17 20:30:xx,#440,GcC,AA0A,2,blue,ally,range01_frame_000672.png,335.0,"#440[GcC]が#480[AA0A]領有中のLv.2都市 #480(749,749)を攻撃し、陣営のために破壊宝箱×5を勝ち取りました"
#534,j-6,249,949,2026-6-17 20:37:xx,#523,flrE,,1,red,enemy,range01_frame_000672.png,335.0,"#523[flrE]が#534領有中のLv.1都市 #534(249,949)を攻撃し、陣営のために破壊宝箱×2を勝ち取りました"
#480,c-18,849,249,2026-6-20 04:02:xx,#509,MOn,AA0A,1,blue,ally,range01_frame_000672.png,335.0,"#509[MOn]が#480[AA0A]領有中のLv.1都市 #480(849,249)を攻撃し、陣営のために破壊宝箱×2を勝ち取りました"
#534,j-6,249,949,2026-6-17 20:37:30,#523,fIrE,,1,red,enemy,range01_frame_000673.png,336.0,"#523[fIrE]が#534領有中のLv.1都市#534(249,949)を攻撃し、陣営のために破壊宝箱×2を勝ち取りました"
#480,b-20,949,149,2026-6-17 20:43:4,#440,TaW,AA0A,1,blue,ally,range01_frame_000673.png,336.0,"#440[TaW]が#480[AA0A]領有中のLv.1都市#480(949,149)を攻撃し、陣営のために破壊宝箱×2を勝ち取りました"
#480,c-18,849,249,2026-6-20 04:02:4,#509,MOn,AA0A,1,blue,ally,range01_frame_000673.png,336.0,"#509[MOn]が#480[AA0A]領有中のLv.1都市#480(849,249)を攻撃し、陣営のために破壊宝箱×2を勝ち取りました"
#480,f-16,749,549,2026-6-20 04:08:5,#509,SsQ,AA0A,2,blue,ally,range01_frame_000673.png,336.0,"#509[SsQ]が#480[AA0A]領有中のLv.2都市#480(749,549)を攻撃し、陣営のために破壊宝箱×5を勝ち取りました"
#480,d-18,849,349,2026-6-20 04:24:3,#509,MOn,AA0A,1,blue,ally,range01_frame_000674.png,336.0,"#509[MOn]が#480[AA0A]領有中のLv.1都市#480(849,349)を攻撃し、陣営のために破壊宝箱×2を勝ち取りました"
#534,j-6,249,949,2026-6-17 20:37:3,#523,flrE,,1,red,enemy,range01_frame_000675.png,337.0,"#523[flrE]が#534領有中のLv.1都市#534(249,949)を攻撃し、陣営のために破壊宝箱×2を勝ち取りました"
#480,b-20,949,149,2026-6-17 20:43:4,#440,TaIJ,AAOA,1,unknown,unknown,range01_frame_000675.png,337.0,"#440[TaIJ]が#480[AAOA]領有中のLv.1都市#480(949,149)を攻撃し、陣営のために破壊宝箱×2を勝ち取りました"
#480,c-18,849,249,2026-6-20 04:02:4,#509,MOn,AAOA,1,unknown,unknown,range01_frame_000675.png,337.0,"#509[MOn]が#480[AAOA]領有中のLv.1都市#480(849,249)を攻撃し、陣営のために破壊宝箱×2を勝ち取りました"
#480,f-16,749,549,2026-6-20 04:08:5,#509,SsQ,AAOA,2,unknown,unknown,range01_frame_000675.png,337.0,"#509[SsQ]が#480[AAOA]領有中のLv.2都市#480(749,549)を攻撃し、陣営のために破壊宝箱×5を勝ち取りました"
#480,d-18,849,349,2026-6-20 04:24:3,#509,MOn,AAOA,1,unknown,unknown,range01_frame_000675.png,337.0,"#509[MOn]が#480[AAOA]領有中のLv.1都市#480(849,349)を攻撃し、陣営のために破壊宝箱×2を勝ち取りました"
#440,a-20,949,49,2026-6-20 04:24:3,#503,coZy,DOLU,1,red,enemy,range01_frame_000675.png,337.0,"#503[coZy]が#440[DOLU]領有中のLv.1都市#440(949,49)を攻撃し、陣営のために破壊宝箱×2を勝ち取りました"
#534,j-6,249,949,2026-6-17 20:37:3,#523,flrE,,1,red,enemy,range01_frame_000676.png,337.0,"#523[flrE]が#534領有中のLv.1都市#534(249,949)を攻撃し、陣営のために破壊宝箱×2を勝ち取りました"
#480,b-20,949,149,2026-6-17 20:43:4,#440,TaIJ,AAOA,1,unknown,unknown,range01_frame_000676.png,337.0,"#440[TaIJ]が#480[AAOA]領有中のLv.1都市#480(949,149)を攻撃し、陣営のために破壊宝箱×2を勝ち取りました"
#480,c-18,849,249,2026-6-20 04:02:4,#509,MOn,AAOA,1,unknown,unknown,range01_frame_000676.png,337.0,"#509[MOn]が#480[AAOA]領有中のLv.1都市#480(849,249)を攻撃し、陣営のために破壊宝箱×2を勝ち取りました"
#480,f-16,749,549,2026-6-20 04:08:5,#509,SsQ,AAOA,2,unknown,unknown,range01_frame_000676.png,337.0,"#509[SsQ]が#480[AAOA]領有中のLv.2都市#480(749,549)を攻撃し、陣営のために破壊宝箱×5を勝ち取りました"
#480,d-18,849,349,2026-6-20 04:24:3,#509,MOn,AAOA,1,unknown,unknown,range01_frame_000676.png,337.0,"#509[MOn]が#480[AAOA]領有中のLv.1都市#480(849,349)を攻撃し、陣営のために破壊宝箱×2を勝ち取りました"
#440,a-20,949,49,2026-6-20 04:24:3,#503,coZy,DOLU,1,red,enemy,range01_frame_000676.png,337.0,"#503[coZy]が#440[DOLU]領有中のLv.1都市#440(949,49)を攻撃し、陣営のために破壊宝箱×2を勝ち取りました"
#480,b-20,949,149,2026-6-17 20:43:4,#440,TaU,AA0A,1,blue,ally,range01_frame_000677.png,338.0,"#440[TaU]が#480[AA0A]領有中のLv.1都市 #480(949,149)を攻撃し、陣営のために破壊宝箱×2を勝ち取りました"
#480,c-18,849,249,2026-6-20 04:02:4,#509,MOn,AA0A,1,blue,ally,range01_frame_000677.png,338.0,"#509[MOn]が#480[AA0A]領有中のLv.1都市 #480(849,249)を攻撃し、陣営のために破壊宝箱×2を勝ち取りました"
#480,f-16,749,549,2026-6-20 04:08:5,#509,SsQ,AA0A,2,blue,ally,range01_frame_000677.png,338.0,"#509[SsQ]が#480[AA0A]領有中のLv.2都市 #480(749,549)を攻撃し、陣営のために破壊宝箱×5を勝ち取りました"
#480,d-18,849,349,2026-6-20 04:24:3,#509,MOn,AA0A,1,blue,ally,range01_frame_000677.png,338.0,"#509[MOn]が#480[AA0A]領有中のLv.1都市 #480(849,349)を攻撃し、陣営のために破壊宝箱×2を勝ち取りました"
#440,a-20,949,49,2026-6-17 20:37:3,#503,COZy,DOLU,1,red,enemy,range01_frame_000677.png,338.0,"#503[COZy]が#440[DOLU]領有中のLv.1都市 #440(949,49)を攻撃し、陣営のために破壊宝箱×2を勝ち取りました"
#480,b-20,949,149,2026-6-17 20:43:4,#440,TaW,AA0A,1,blue,ally,range01_frame_000679.png,339.0,"#440[TaW]が#480[AA0A]領有中のLv.1都市 #480(949,149)を攻撃し、陣営のために破壊宝箱×2を勝ち取りました"
#480,c-18,849,249,2026-6-20 04:02:4,#509,MOn,AA0A,1,blue,ally,range01_frame_000679.png,339.0,"#509[MOn]が#480[AA0A]領有中のLv.1都市 #480(849,249)を攻撃し、陣営のために破壊宝箱×2を勝ち取りました"
#480,f-16,749,549,2026-6-20 04:08:5,#509,SsQ,AA0A,2,blue,ally,range01_frame_000679.png,339.0,"#509[SsQ]が#480[AA0A]領有中のLv.2都市 #480(749,549)を攻撃し、陣営のために破壊宝箱×5を勝ち取りました"
#480,d-18,849,349,2026-6-20 04:24:3,#509,MOn,AA0A,1,blue,ally,range01_frame_000679.png,339.0,"#509[MOn]が#480[AA0A]領有中のLv.1都市 #480(849,349)を攻撃し、陣営のために破壊宝箱×2を勝ち取りました"
#440,a-20,949,49,2026-6-20 04:31:2,#503,COZy,DOLU,1,red,enemy,range01_frame_000679.png,339.0,"#503[COZy]が#440[DOLU]領有中のLv.1都市 #440(949,49)を攻撃し、陣営のために破壊宝箱×2を勝ち取りました"
#480,c-18,849,249,2026-6-20 04:02:4,#509,MOn,AA0A,1,blue,ally,range01_frame_000680.png,339.0,"#509[MOn]が#480[AA0A]領有中のLv.1都市 #480(849,249)を攻撃し、陣営のために破壊宝箱×2を勝ち取りました"
#480,f-16,749,549,2026-6-20 04:08:5,#509,SsQ,AA0A,2,blue,ally,range01_frame_000680.png,339.0,"#509[SsQ]が#480[AA0A]領有中のLv.2都市 #480(749,549)を攻撃し、陣営のために破壊宝箱×5を勝ち取りました"
#480,d-18,849,349,2026-6-20 04:24:3,#509,MOn,AA0A,1,blue,ally,range01_frame_000680.png,339.0,"#509[MOn]が#480[AA0A]領有中のLv.1都市 #480(849,349)を攻撃し、陣営のために破壊宝箱×2を勝ち取りました"
#440,a-20,949,49,2026-6-20 04:31:2,#503,COZy,DOLU,1,red,enemy,range01_frame_000680.png,339.0,"#503[COZy]が#440[DOLU]領有中のLv.1都市 #440(949,49)を攻撃し、陣営のために破壊宝箱×2を勝ち取りました"
#511,b-14,649,149,2026-6-20 04:40:3,#523,UUG,2N7,1,red,enemy,range01_frame_000680.png,339.0,"#523[UUG]が#511[2N7]領有中のLv.1都市 #511(649,149)を攻撃し、陣営のために破壊宝箱×2を勝ち取りました"
#480,f-16,749,549,2026-6-20 04:08:5,#509,5sQ,AA0A,2,blue,ally,range01_frame_000681.png,340.0,"#509[5sQ]が#480[AA0A]領有中のLv.2都市 #480(749,549)を攻撃し、陣営のために破壊宝箱×5を勝ち取りました"
#480,d-18,849,349,2026-6-20 04:24:3,#509,MOn,AA0A,1,blue,ally,range01_frame_000681.png,340.0,"#509[MOn]が#480[AA0A]領有中のLv.1都市 #480(849,349)を攻撃し、陣営のために破壊宝箱×2を勝ち取りました"
#440,a-20,949,49,2026-6-20 04:31:2,#503,COZy,DOLU,1,red,enemy,range01_frame_000681.png,340.0,"#503[COZy]が#440[DOLU]領有中のLv.1都市 #440(949,49)を攻撃し、陣営のために破壊宝箱×2を勝ち取りました"
#511,b-14,649,149,2026-6-20 04:40:3,#523,WUG,2N7,1,red,enemy,range01_frame_000681.png,340.0,"#523[WUG]が#511[2N7]領有中のLv.1都市 #511(649,149)を攻撃し、陣営のために破壊宝箱×2を勝ち取りました"
#523,i-6,249,849,2026-6-20 04:43:1,#534,JDX,u3o,1,blue,ally,range01_frame_000681.png,340.0,"#534[JDX]が#523[u3o]領有中のLv.1都市 #523(249,849)を攻撃し、陣営のために破壊宝箱×2を勝ち取りました"
#534,g-4,149,649,2026-6-20 12:02:1,#476,476M,,1,red,enemy,range01_frame_000682.png,340.0,"#476[476M]が#534領有中のLv.1都市 #534(149,649)を攻撃し、陣営のために破壊宝箱×2を勝ち取りました"
#509,f-4,149,549,2026-6-20  ,#503,one,tWD,1,red,enemy,range01_frame_000682.png,340.0,"#503[one]が#509[tWD]領有中のLv.1都市 #509(149,549)を攻撃し、陣営のために破壊宝箱×2を勝ち取りました"
#440,a-20,949,49,2026-6-20 04:24:3,#503,COZy,DOLU,1,red,enemy,range01_frame_000683.png,341.0,"#503[COZy]が#440[DOLU]領有中のLv.1都市 #440(949,49)を攻撃し、陣営のために破壊宝箱×2を勝ち取りました"
#511,b-14,649,149,2026-6-20 04:31:2,#523,WUG,2N7,1,red,enemy,range01_frame_000683.png,341.0,"#523[WUG]が#511[2N7]領有中のLv.1都市 #511(649,149)を攻撃し、陣営のために破壊宝箱×2を勝ち取りました"
#523,i-6,249,849,2026-6-20 04:43:1,#534,JDX,u3o,1,blue,ally,range01_frame_000683.png,341.0,"#534[JDX]が#523[u3o]領有中のLv.1都市 #523(249,849)を攻撃し、陣営のために破壊宝箱×2を勝ち取りました"
#534,g-4,149,649,2026-6-20 12:02:1,#476,476M,,1,red,enemy,range01_frame_000683.png,341.0,"#476[476M]が#534領有中のLv.1都市 #534(149,649)を攻撃し、陣営のために破壊宝箱×2を勝ち取りました"
#509,f-4,149,549,2026-6-20 12:05:4,#503,one,tWD,1,red,enemy,range01_frame_000683.png,341.0,"#503[one]が#509[tWD]領有中のLv.1都市 #509(149,549)を攻撃し、陣営のために破壊宝箱×2を勝ち取りました"
#440,a-20,949,49,2026-6-20 04:31:2,#503,COZy,DOLU,1,red,enemy,range01_frame_000684.png,341.0,"#503[COZy]が#440[DOLU]領有中のLv.1都市 #440(949,49)を攻撃し、陣営のために破壊宝箱×2を勝ち取りました"
#511,b-14,649,149,2026-6-20 04:40:3,#523,WUG,2N7,1,red,enemy,range01_frame_000684.png,341.0,"#523[WUG]が#511[2N7]領有中のLv.1都市 #511(649,149)を攻撃し、陣営のために破壊宝箱×2を勝ち取りました"
#523,i-6,249,849,2026-6-20 04:43:1,#534,JDX,u3o,1,blue,ally,range01_frame_000684.png,341.0,"#534[JDX]が#523[u3o]領有中のLv.1都市 #523(249,849)を攻撃し、陣営のために破壊宝箱×2を勝ち取りました"
#534,g-4,149,649,2026-6-20 12:02:1,#476,476M,,1,red,enemy,range01_frame_000684.png,341.0,"#476[476M]が#534領有中のLv.1都市 #534(149,649)を攻撃し、陣営のために破壊宝箱×2を勝ち取りました"
#509,f-4,149,549,2026-6-20 12:05:4,#503,one,tWD,1,red,enemy,range01_frame_000684.png,341.0,"#503[one]が#509[tWD]領有中のLv.1都市 #509(149,549)を攻撃し、陣営のために破壊宝箱×2を勝ち取りました"
#440,a-20,949,49,2026-6-20 04:31:2,#440,,,1,red,enemy,range01_frame_000685.png,342.0,"#440(949,49)を攻撃し、陣営のために破壊宝箱×2を勝ち取りました"
#511,b-14,649,149,2026-6-20 04:40:3,#523,WUG,2N7,1,red,enemy,range01_frame_000685.png,342.0,"#523[WUG]が#511[2N7]領有中のLv.1都市#511(649,149)を攻撃し、陣営のために破壊宝箱×2を勝ち取りました"
#523,i-6,249,849,2026-6-20 04:43:1,#534,JDX,u3o,1,blue,ally,range01_frame_000685.png,342.0,"#534[JDX]が#523[u3o]領有中のLv.1都市#523(249,849)を攻撃し、陣営のために破壊宝箱×2を勝ち取りました"
#534,g-4,149,649,2026-6-20 12:02:1,#476,476M,,1,red,enemy,range01_frame_000685.png,342.0,"#476[476M]が#534領有中のLv.1都市#534(149,649)を攻撃し、陣営のために破壊宝箱×2を勝ち取りました"
#509,f-4,149,549,2026-6-20 12:05:4,#503,one,tWD,1,red,enemy,range01_frame_000685.png,342.0,"#503[one]が#509[tWD]領有中のLv.1都市#509(149,549)を攻撃し、陣営のために破壊宝箱×2を勝ち取りました"
#440,a-20,949,49,2026-6-20 04:31:2,#440,,,1,red,enemy,range01_frame_000686.png,342.0,"#440(949,49)を攻撃し、陣営のために破壊宝箱×2を勝ち取りました"
#511,b-14,649,149,2026-6-20 04:40:3,#523,WUG,2N7,1,red,enemy,range01_frame_000686.png,342.0,"#523[WUG]が#511[2N7]領有中のLv.1都市#511(649,149)を攻撃し、陣営のために破壊宝箱×2を勝ち取りました"
#523,i-6,249,849,2026-6-20 04:43:1,#534,JDX,u3o,1,blue,ally,range01_frame_000686.png,342.0,"#534[JDX]が#523[u3o]領有中のLv.1都市#523(249,849)を攻撃し、陣営のために破壊宝箱×2を勝ち取りました"
#534,g-4,149,649,2026-6-20 12:02:1,#476,476M,,1,red,enemy,range01_frame_000686.png,342.0,"#476[476M]が#534領有中のLv.1都市#534(149,649)を攻撃し、陣営のために破壊宝箱×2を勝ち取りました"
#509,f-4,149,549,2026-6-20 12:05:4,#503,one,tWD,1,red,enemy,range01_frame_000686.png,342.0,"#503[one]が#509[tWD]領有中のLv.1都市#509(149,549)を攻撃し、陣営のために破壊宝箱×2を勝ち取りました"
#523,i-6,249,849,2026-6-20 04:40:30,#534,JDX,u3o,1,blue,ally,range01_frame_000687.png,343.0,"#534[JDX]が#523[u3o]領有中のLv.1都市#523(249,849)を攻撃し、陣営のために破壊宝箱×2を勝ち取りました"
#534,g-4,149,649,2026-6-20 12:02:10,#476,476M,,1,red,enemy,range01_frame_000687.png,343.0,"#476[476M]が#534領有中のLv.1都市#534(149,649)を攻撃し、陣営のために破壊宝箱×2を勝ち取りました"
#509,f-4,149,549,2026-6-20 12:05:40,#503,one,tUD,1,red,enemy,range01_frame_000687.png,343.0,"#503[one]が#509[tUD]領有中のLv.1都市#509(149,549)を攻撃し、陣営のために破壊宝箱×2を勝ち取りました"
#534,f-4,149,549,2026-6-20 12:10:10,#476,476M,,1,red,enemy,range01_frame_000687.png,343.0,"#476[476M]が#534領有中のLv.1都市#534(149,549)を攻撃し、陣営のために破壊宝箱×2を勝ち取りました"
#523,i-6,249,849,2026-6-20 04:43:10,#534,JDX,u3o,1,blue,ally,range01_frame_000688.png,343.0,"#534[JDX]が#523[u3o]領有中のLv.1都市#523(249,849)を攻撃し、陣営のために破壊宝箱×2を勝ち取りました"
#534,g-4,149,649,2026-6-20 12:02:10,#476,476M,,1,red,enemy,range01_frame_000688.png,343.0,"#476[476M]が#534領有中のLv.1都市#534(149,649)を攻撃し、陣営のために破壊宝箱×2を勝ち取りました"
#509,f-4,149,549,2026-6-20 12:05:40,#503,one,tUD,1,red,enemy,range01_frame_000688.png,343.0,"#503[one]が#509[tUD]領有中のLv.1都市#509(149,549)を攻撃し、陣営のために破壊宝箱×2を勝ち取りました"
#534,f-4,149,549,2026-6-20 12:10:10,#476,476M,,1,red,enemy,range01_frame_000688.png,343.0,"#476[476M]が#534領有中のLv.1都市#534(149,549)を攻撃し、陣営のために破壊宝箱×2を勝ち取りました"
#523,c-14,649,249,2026-6-20 12:15:50,#440,BAJ,5DU,2,blue,ally,range01_frame_000688.png,343.0,"#440[BAJ]が#523[5DU]領有中のLv.2都市#523(649,249)を攻撃し、陣営のために破壊宝箱×5を勝ち取りました"
#534,g-4,149,649,2026-6-20 12:02:11,#476,476M,,1,red,enemy,range01_frame_000689.png,344.0,"#476[476M]が#534頸有中のLv.1都市#534(149,649)を攻撃し、陣営のために破壊宝箱×2を勝ち取りました"
#509,f-4,149,549,2026-6-20 12:05:40,#503,one,tWD,1,red,enemy,range01_frame_000689.png,344.0,"#503[one]が#509[tWD]頸有中のLv.1都市#509(149,549)を攻撃し、陣営のために破壊宝箱×2を勝ち取りました"
#534,f-4,149,549,2026-6-20 12:10:11,#476,476M,,1,red,enemy,range01_frame_000689.png,344.0,"#476[476M]が#534頸有中のLv.1都市#534(149,549)を攻撃し、陣営のために破壊宝箱×2を勝ち取りました"
#523,c-14,649,249,2026-6-20 12:15:55,#440,BAJ,5DU,2,blue,ally,range01_frame_000689.png,344.0,"#440[BAJ]が#523[5DU]頸有中のLv.2都市#523(649,249)を攻撃し、陣営のために破壊宝箱×5を勝ち取りました"
#534,e-4,149,449,2026-6-20 12:18:11,#476,476d,n09,1,red,enemy,range01_frame_000689.png,344.0,"#476[476d]が#534[n09]頸有中のLv.1都市#534(149,449)を攻撃し、陣営のために破壊宝箱×2を勝ち取りました"
#509,f-4,149,549,2026-6-20 12:05:40,#503,one,tWD,1,red,enemy,range01_frame_000690.png,344.0,"#503[one]が#509[tWD]頸有中のLv.1都市#509(149,549)を攻撃し、陣営のために破壊宝箱×2を勝ち取りました"
#534,f-4,149,549,2026-6-20 12:10:11,#476,476M,,1,red,enemy,range01_frame_000690.png,344.0,"#476[476M]が#534頸有中のLv.1都市#534(149,549)を攻撃し、陣営のために破壊宝箱×2を勝ち取りました"
#523,c-14,649,249,2026-6-20 12:15:55,#440,BAJ,5DU,2,blue,ally,range01_frame_000690.png,344.0,"#440[BAJ]が#523[5DU]頸有中のLv.2都市#523(649,249)を攻撃し、陣営のために破壊宝箱×5を勝ち取りました"
#534,e-4,149,449,2026-6-20 12:18:11,#476,476d,n09,1,red,enemy,range01_frame_000690.png,344.0,"#476[476d]が#534[n09]頸有中のLv.1都市#534(149,449)を攻撃し、陣営のために破壊宝箱×2を勝ち取りました"
#523,f-2,49,549,2026-6-20 12:20:30,#534,KTVS,5DU,1,blue,ally,range01_frame_000690.png,344.0,"#534[KTVS]が#523[5DU]頸有中のLv.1都市#523(49,549)を攻撃し、陣営のために破壊宝箱×2を勝ち取りました"
#534,f-4,149,549,2026-6-20 12:05:40,#476,476M,,1,red,enemy,range01_frame_000691.png,345.0,"#476[476M]が#534領有中のLv.1都市#534(149,549)を攻撃し、陣営のために破壊宝箱×2を勝ち取りました"
#523,c-14,649,249,2026-6-20 12:10:11,#440,BAJ,5DU,2,blue,ally,range01_frame_000691.png,345.0,"#440[BAJ]が#523[5DU]領有中のLv.2都市#523(649,249)を攻撃し、陣営のために破壊宝箱×5を勝ち取りました"
#534,e-4,149,449,2026-6-20 12:18:11,#476,476d,n09,1,red,enemy,range01_frame_000691.png,345.0,"#476[476d]が#534[n09]領有中のLv.1都市#534(149,449)を攻撃し、陣営のために破壊宝箱×2を勝ち取りました"
#523,f-2,49,549,2026-6-20 12:20:30,#534,KTVS,5DU,1,blue,ally,range01_frame_000691.png,345.0,"#534[KTVS]が#523[5DU]領有中のLv.1都市#523(49,549)を攻撃し、陣営のために破壊宝箱×2を勝ち取りました"
#523,g-4,149,649,2026-6-20 12:21:40,#534,KTVS,5DU,1,blue,ally,range01_frame_000691.png,345.0,"#534[KTVS]が#523[5DU]領有中のLv.1都市#523(149,649)を攻撃し、陣営のために破壊宝箱×2を勝ち取りました"
#534,f-4,149,549,2026-6-20 12:05:40,#476,476M,,1,red,enemy,range01_frame_000692.png,345.0,"#476[476M]が#534領有中のLv.1都市#534(149,549)を攻撃し、陣営のために破壊宝箱×2を勝ち取りました"
#523,c-14,649,249,2026-6-20 12:10:11,#440,BAJ,5DU,2,blue,ally,range01_frame_000692.png,345.0,"#440[BAJ]が#523[5DU]領有中のLv.2都市#523(649,249)を攻撃し、陣営のために破壊宝箱×5を勝ち取りました"
#534,e-4,149,449,2026-6-20 12:18:11,#476,476d,n09,1,red,enemy,range01_frame_000692.png,345.0,"#476[476d]が#534[n09]領有中のLv.1都市#534(149,449)を攻撃し、陣営のために破壊宝箱×2を勝ち取りました"
#523,f-2,49,549,2026-6-20 12:20:30,#534,KTVS,5DU,1,blue,ally,range01_frame_000692.png,345.0,"#534[KTVS]が#523[5DU]領有中のLv.1都市#523(49,549)を攻撃し、陣営のために破壊宝箱×2を勝ち取りました"
#523,g-4,149,649,2026-6-20 12:21:40,#534,KTVS,5DU,1,blue,ally,range01_frame_000692.png,345.0,"#534[KTVS]が#523[5DU]領有中のLv.1都市#523(149,649)を攻撃し、陣営のために破壊宝箱×2を勝ち取りました"
#534,f-4,149,549,2026-6-20 12:10:11,#476,476M,,1,red,enemy,range01_frame_000693.png,346.0,"#476[476M]が#534領有中のLv.1都市#534(149,549)を攻撃し、陣営のために破壊宝箱×2を勝ち取りました"
#523,c-14,649,249,2026-6-20 12:15:55,#440,BAJ,5DU,2,blue,ally,range01_frame_000693.png,346.0,"#440[BAJ]が#523[5DU]領有中のLv.2都市#523(649,249)を攻撃し、陣営のために破壊宝箱×5を勝ち取りました"
#534,e-4,149,449,2026-6-20 12:18:11,#476,476d,n09,1,red,enemy,range01_frame_000693.png,346.0,"#476[476d]が#534[n09]領有中のLv.1都市#534(149,449)を攻撃し、陣営のために破壊宝箱×2を勝ち取りました"
#523,f-2,49,549,2026-6-20 12:20:30,#534,KTVS,5DU,1,blue,ally,range01_frame_000693.png,346.0,"#534[KTVS]が#523[5DU]領有中のLv.1都市#523(49,549)を攻撃し、陣営のために破壊宝箱×2を勝ち取りました"
#523,g-4,149,649,2026-6-20 12:21:4,#534,KTVS,5DU,1,blue,ally,range01_frame_000693.png,346.0,"#534[KTVS]が#523[5DU]領有中のLv.1都市#523(149,649)を攻撃し、陣営のために破壊宝箱×2を勝ち取りました"
#534,d-4,149,349,2026-6-20 12:10:1,#476,476M,,1,red,enemy,range01_frame_000695.png,347.0,"#476[476M]が#534[?]領有中のLv.1都市 #534(149,349)を攻撃し、陣営のために破壊宝箱×2を勝ち取りました"
#523,c-14,649,249,2026-6-20 12:15:5,#440,BAJ,5DU,2,blue,ally,range01_frame_000695.png,347.0,"#440[BAJ]が#523[5DU]領有中のLv.2都市 #523(649,249)を攻撃し、陣営のために破壊宝箱×5を勝ち取りました"
#534,e-4,149,449,2026-6-20 12:18:1,#476,476d,n09,1,red,enemy,range01_frame_000695.png,347.0,"#476[476d]が#534[n09]領有中のLv.1都市 #534(149,449)を攻撃し、陣営のために破壊宝箱×2を勝ち取りました"
#523,f-2,49,549,2026-6-20 12:20:3,#534,KTVS,5DU,1,blue,ally,range01_frame_000695.png,347.0,"#534[KTVS]が#523[5DU]領有中のLv.1都市 #523(49,549)を攻撃し、陣営のために破壊宝箱×2を勝ち取りました"
#523,g-4,149,649,2026-6-20 12:21:4,#534,KTVS,5DU,1,blue,ally,range01_frame_000695.png,347.0,"#534[KTVS]が#523[5DU]領有中のLv.1都市 #523(149,649)を攻撃し、陣営のために破壊宝箱×2を勝ち取りました"
#534,e-4,149,449,2026-6-20 12:18:1,#476,476d,n09,1,red,enemy,range01_frame_000696.png,347.0,"#476[476d]が#534[n09]領有中のLv.1都市 #534(149,449)を攻撃し、陣営のために破壊宝箱×2を勝ち取りました"
#523,f-2,49,549,2026-6-20 12:20:3,#534,KTVS,5DU,1,blue,ally,range01_frame_000696.png,347.0,"#534[KTVS]が#523[5DU]領有中のLv.1都市 #523(49,549)を攻撃し、陣営のために破壊宝箱×2を勝ち取りました"
#523,g-4,149,649,2026-6-20 12:21:4,#534,KTVS,5DU,1,blue,ally,range01_frame_000696.png,347.0,"#534[KTVS]が#523[5DU]領有中のLv.1都市 #523(149,649)を攻撃し、陣営のために破壊宝箱×2を勝ち取りました"
#534,d-4,149,349,2026-6-20 12:23:1,#476,476d,n09,1,red,enemy,range01_frame_000696.png,347.0,"#476[476d]が#534[n09]領有中のLv.1都市 #534(149,349)を攻撃し、陣営のために破壊宝箱×2を勝ち取りました"
#523,c-14,649,249,2026-6-20 12:15:5,#440,BAJ,5DU,2,blue,ally,range01_frame_000696.png,347.0,"#440[BAJ]が#523[5DU]領有中のLv.2都市 #523(649,249)を攻撃し、陣営のために破壊宝箱×5を勝ち取りました"
#523,g-4,149,649,2026-6-20 12:20:30,#534,KTVS,5DU,1,blue,ally,range01_frame_000697.png,348.0,"#534[KTVS]が#523[5DU]領有中のLv.1都市 #523(149,649)を攻撃し、陣営のために破壊宝箱×2を勝ち取りました"
#534,d-4,149,349,2026-6-20 12:23:10,#476,476d,n09,1,red,enemy,range01_frame_000697.png,348.0,"#476[476d]が#534[n09]領有中のLv.1都市 #534(149,349)を攻撃し、陣営のために破壊宝箱×2を勝ち取りました"
#523,h-10,449,749,2026-6-20 12:24:30,#534,JDX,flrE,2,blue,ally,range01_frame_000697.png,348.0,"#534[JDX]が#523[flrE]領有中のLv.2都市 #523(449,749)を攻撃し、陣営のために破壊宝箱×5を勝ち取りました"
#440,d-4,149,349,2026-6-20 12:27:50,#476,476X,SsQ,1,red,enemy,range01_frame_000697.png,348.0,"#476[476X]が#509[SsQ]領有中のLv.1都市 #440(149,349)を攻撃し、陣営のために破壊宝箱×2を勝ち取りました"
#523,g-4,149,649,2026-6-20 12:21:40,#534,KTVS,5DU,1,blue,ally,range01_frame_000698.png,348.0,"#534[KTVS]が#523[5DU]領有中のLv.1都市 #523(149,649)を攻撃し、陣営のために破壊宝箱×2を勝ち取りました"
#534,d-4,149,349,2026-6-20 12:23:10,#476,476d,n09,1,red,enemy,range01_frame_000698.png,348.0,"#476[476d]が#534[n09]領有中のLv.1都市 #534(149,349)を攻撃し、陣営のために破壊宝箱×2を勝ち取りました"
#523,h-10,449,749,2026-6-20 12:24:30,#534,JDX,flrE,2,blue,ally,range01_frame_000698.png,348.0,"#534[JDX]が#523[flrE]領有中のLv.2都市 #523(449,749)を攻撃し、陣営のために破壊宝箱×5を勝ち取りました"
#440,d-4,149,349,2026-6-20 12:27:50,#476,476X,SsQ,1,red,enemy,range01_frame_000698.png,348.0,"#476[476X]が#509[SsQ]領有中のLv.1都市 #440(149,349)を攻撃し、陣営のために破壊宝箱×2を勝ち取りました"
#480,g-18,849,649,2026-6-20 12:30:20,#509,SsQ,BgNa,1,blue,ally,range01_frame_000698.png,348.0,"#509[SsQ]が#480[BgNa]領有中のLv.1都市 #480(849,649)を攻撃し、陣営のために破壊宝箱×2を勝ち取りました"
#534,d-4,149,349,2026-6-20 12:23:1,#476,476d,n09,1,red,enemy,range01_frame_000699.png,349.0,"#476[476d]が#534[n09]領有中のLv.1都市 #534(149,349)を攻撃し、陣営のために破壊宝箱×2を勝ち取りました"
#523,h-10,449,749,2026-6-20 12:24:3,#534,JDX,flrE,2,blue,ally,range01_frame_000699.png,349.0,"#534[JDX]が#523[flrE]領有中のLv.2都市 #523(449,749)を攻撃し、陣営のために破壊宝箱×5を勝ち取りました"
#440,d-4,149,349,2026-6-20 12:27:5,#476,476X,SsQ,1,red,enemy,range01_frame_000699.png,349.0,"#476[476X]が#509[SsQ]領有中のLv.1都市 #440(149,349)を攻撃し、陣営のために破壊宝箱×2を勝ち取りました"
#480,g-18,849,649,2026-6-20 12:30:2,#509,SsQ,BgNa,1,blue,ally,range01_frame_000699.png,349.0,"#509[SsQ]が#480[BgNa]領有中のLv.1都市 #480(849,649)を攻撃し、陣営のために破壊宝箱×2を勝ち取りました"
#534,d-4,149,349,2026-6-20 12:23:1,#476,476d,n09,1,red,enemy,range01_frame_000700.png,349.0,"#476[476d]が#534[n09]領有中のLv.1都市 #534(149,349)を攻撃し、陣営のために破壊宝箱×2を勝ち取りました"
#523,h-10,449,749,2026-6-20 12:24:3,#534,JDX,flrE,2,blue,ally,range01_frame_000700.png,349.0,"#534[JDX]が#523[flrE]領有中のLv.2都市 #523(449,749)を攻撃し、陣営のために破壊宝箱×5を勝ち取りました"
#440,d-4,149,349,2026-6-20 12:27:5,#476,476X,SsQ,1,red,enemy,range01_frame_000700.png,349.0,"#476[476X]が#509[SsQ]領有中のLv.1都市 #440(149,349)を攻撃し、陣営のために破壊宝箱×2を勝ち取りました"
#480,g-18,849,649,2026-6-20 12:30:2,#509,SsQ,BgNa,1,blue,ally,range01_frame_000700.png,349.0,"#509[SsQ]が#480[BgNa]領有中のLv.1都市 #480(849,649)を攻撃し、陣営のために破壊宝箱×2を勝ち取りました"
#440,d-20,949,349,2026-6-20 12:??:??,#503,fzn,GoDs,1,red,enemy,range01_frame_000700.png,349.0,"#503[fzn]が#440[GoDs]領有中のLv.1都市 #440(949,349)を攻撃し、陣営のために破壊宝箱×2を勝ち取りました"
#534,d-4,149,349,2026-6-20 12:23:11,#476,476d,n09,1,red,enemy,range01_frame_000701.png,350.0,"#476[476d]が#534[n09]領有中のLv.1都市 #534(149,349)を攻撃し、陣営のために破壊宝箱×2を勝ち取りました"
#523,h-10,449,749,2026-6-20 12:24:31,#534,JDX,fIrE,2,blue,ally,range01_frame_000701.png,350.0,"#534[JDX]が#523[fIrE]領有中のLv.2都市 #523(449,749)を攻撃し、陣営のために破壊宝箱×5を勝ち取りました"
#440,d-4,149,349,2026-6-20 12:27:51,#476,476X,SsQ,1,red,enemy,range01_frame_000701.png,350.0,"#476[476X]が#509[SsQ]領有中のLv.1都市 #440(149,349)を攻撃し、陣営のために破壊宝箱×2を勝ち取りました"
#480,g-18,849,649,2026-6-20 12:30:21,#509,SsQ,BgNa,1,blue,ally,range01_frame_000701.png,350.0,"#509[SsQ]が#480[BgNa]領有中のLv.1都市 #480(849,649)を攻撃し、陣営のために破壊宝箱×2を勝ち取りました"
#440,d-20,949,349,2026-6-20 12:30:21,#503,fzn,GoDs,1,red,enemy,range01_frame_000701.png,350.0,"#503[fzn]が#440[GoDs]領有中のLv.1都市 #440(949,349)を攻撃し、陣営のために破壊宝箱×2を勝ち取りました"
#534,d-4,149,349,2026-6-20 12:23:11,#476,476d,n09,1,red,enemy,range01_frame_000702.png,350.0,"#476[476d]が#534[n09]領有中のLv.1都市 #534(149,349)を攻撃し、陣営のために破壊宝箱×2を勝ち取りました"
#523,h-10,449,749,2026-6-20 12:24:31,#534,JDX,fIrE,2,blue,ally,range01_frame_000702.png,350.0,"#534[JDX]が#523[fIrE]領有中のLv.2都市 #523(449,749)を攻撃し、陣営のために破壊宝箱×5を勝ち取りました"
#440,d-4,149,349,2026-6-20 12:27:51,#476,476X,SsQ,1,red,enemy,range01_frame_000702.png,350.0,"#476[476X]が#509[SsQ]領有中のLv.1都市 #440(149,349)を攻撃し、陣営のために破壊宝箱×2を勝ち取りました"
#480,g-18,849,649,2026-6-20 12:30:21,#509,SsQ,BgNa,1,blue,ally,range01_frame_000702.png,350.0,"#509[SsQ]が#480[BgNa]領有中のLv.1都市 #480(849,649)を攻撃し、陣営のために破壊宝箱×2を勝ち取りました"
#440,d-20,949,349,2026-6-20 12:30:21,#503,fzn,GoDs,1,red,enemy,range01_frame_000702.png,350.0,"#503[fzn]が#440[GoDs]領有中のLv.1都市 #440(949,349)を攻撃し、陣営のために破壊宝箱×2を勝ち取りました"
#534,d-4,149,349,2026-6-20 12:23:1,#476,476I,n09,1,red,enemy,range01_frame_000703.png,351.0,"#476[476I]が#534[n09]領有中のLV.1都市 #534(149,349)を攻撃し、陣営のために破壊宝箱×2を勝ち取りました"
#523,h-10,449,749,2026-6-20 12:24:3,#534,JDX,flrE,2,blue,ally,range01_frame_000703.png,351.0,"#534[JDX]が#523[flrE]領有中のLv.2都市 #523(449,749)を攻撃し、陣営のために破壊宝箱×5を勝ち取りました"
#440,d-4,149,349,2026-6-20 12:27:5,#476,476X,SsQ,1,red,enemy,range01_frame_000703.png,351.0,"#476[476X]が#509[SsQ]領有中のLv.1都市 #440(149,349)を攻撃し、陣営のために破壊宝箱×2を勝ち取りました"
#480,g-18,849,649,2026-6-20 12:30:2,#509,SsQ,BgNa,1,blue,ally,range01_frame_000703.png,351.0,"#509[SsQ]が#480[BgNa]領有中のLv.1都市 #480(849,649)を攻撃し、陣営のために破壊宝箱×2を勝ち取りました"
#440,d-20,949,349,2026-6-20 12:36:2,#503,fzn,GoDs,1,red,enemy,range01_frame_000703.png,351.0,"#503[fzn]が#440[GoDs]領有中のLv.1都市 #440(949,349)を攻撃し、陣営のために破壊宝箱×2を勝ち取りました"
#440,d-4,149,349,2026-6-20 12:27:5,#476,476X,SsQ,1,red,enemy,range01_frame_000704.png,351.0,"#476[476X]が#509[SsQ]領有中のLv.1都市 #440(149,349)を攻撃し、陣営のために破壊宝箱×2を勝ち取りました"
#480,g-18,849,649,2026-6-20 12:30:2,#509,SsQ,BgNa,1,blue,ally,range01_frame_000704.png,351.0,"#509[SsQ]が#480[BgNa]領有中のLv.1都市 #480(849,649)を攻撃し、陣営のために破壊宝箱×2を勝ち取りました"
#440,d-20,949,349,2026-6-20 12:36:2,#503,fzn,GoDs,1,red,enemy,range01_frame_000704.png,351.0,"#503[fzn]が#440[GoDs]領有中のLv.1都市 #440(949,349)を攻撃し、陣営のために破壊宝箱×2を勝ち取りました"
#511,j-10,449,949,2026-6-20 12:44:2,#480,CDf8,2N7,1,red,enemy,range01_frame_000704.png,351.0,"#480[CDf8]が#511[2N7]領有中のLv.1都市 #511(449,949)を攻撃し、陣営のために破壊宝箱×2を勝ち取りました"
#440,e-18,849,449,2026-6-20 12:??:??,#503,StJ,TrX,1,red,enemy,range01_frame_000704.png,351.0,"#503[StJ]が#440[TrX]領有中のLv.1都市 #440(849,449)を攻撃し、陣営のために破壊宝箱×2を勝ち取りました"
#480,g-18,849,649,2026-6-20 12:30:2,#509,SsQ,BgNa,1,blue,ally,range01_frame_000705.png,352.0,"#509[SsQ]が#480[BgNa]領有中のLv.1都市 #480(849,649)を攻撃し、陣営のために破壊宝箱×2を勝ち取りました"
#440,d-20,949,349,2026-6-20 12:36:2,#503,zn,GoDs,1,red,enemy,range01_frame_000705.png,352.0,"#503[zn]が#440[GoDs]領有中のLv.1都市 #440(949,349)を攻撃し、陣営のために破壊宝箱×2を勝ち取りました"
#511,j-10,449,949,2026-6-20 12:44:2,#480,CDf8,2N7,1,red,enemy,range01_frame_000705.png,352.0,"#480[CDf8]が#511[2N7]領有中のLv.1都市 #511(449,949)を攻撃し、陣営のために破壊宝箱×2を勝ち取りました"
#440,e-18,849,449,2026-6-20 12:46:58,#503,Stj,TrX,1,red,enemy,range01_frame_000705.png,352.0,"#503[Stj]が#440[TrX]領有中のLv.1都市 #440(849,449)を攻撃し、陣営のために破壊宝箱×2を勝ち取りました"
#480,h-14,649,749,2026-6-20 12:48:4,#440,BAJ,WbU,2,blue,ally,range01_frame_000705.png,352.0,"#440[BAJ]が#480[WbU]領有中のLv.2都市 #480(649,749)を攻撃し、陣営のために破壊宝箱×5を勝ち取りました"
#440,d-20,949,349,2026-6-20 12:36:2,#503,zn,GoDs,1,red,enemy,range01_frame_000706.png,352.0,"#503[zn]が#440[GoDs]領有中のLv.1都市 #440(949,349)を攻撃し、陣営のために破壊宝箱×2を勝ち取りました"
#511,j-10,449,949,2026-6-20 12:44:2,#480,CDf8,2N7,1,red,enemy,range01_frame_000706.png,352.0,"#480[CDf8]が#511[2N7]領有中のLv.1都市 #511(449,949)を攻撃し、陣営のために破壊宝箱×2を勝ち取りました"
#440,e-18,849,449,2026-6-20 12:46:58,#503,Stj,TrX,1,red,enemy,range01_frame_000706.png,352.0,"#503[Stj]が#440[TrX]領有中のLv.1都市 #440(849,449)を攻撃し、陣営のために破壊宝箱×2を勝ち取りました"
#480,h-14,649,749,2026-6-20 12:48:4,#440,BAJ,WbU,2,blue,ally,range01_frame_000706.png,352.0,"#440[BAJ]が#480[WbU]領有中のLv.2都市 #480(649,749)を攻撃し、陣営のために破壊宝箱×5を勝ち取りました"
#480,g-16,749,649,2026-6-20 12:52:5,#440,GcC,BgNa,2,blue,ally,range01_frame_000706.png,352.0,"#440[GcC]が#480[BgNa]領有中のLv.2都市 #480(749,649)を攻撃し、陣営のために破壊宝箱×5を勝ち取りました"
#440,d-20,949,349,2026-6-20 12:36:2,#503,fzn,GoDs,1,red,enemy,range01_frame_000707.png,353.0,"#503[fzn]が#440[GoDs]領有中のLv.1都市 #440(949,349)を攻撃し、陣営のために破壊宝箱×2を勝ち取りました"
#511,j-10,449,949,2026-6-20 12:44:2,#480,CDf8,2N7,1,red,enemy,range01_frame_000707.png,353.0,"#480[CDf8]が#511[2N7]領有中のLv.1都市 #511(449,949)を攻撃し、陣営のために破壊宝箱×2を勝ち取りました"
#440,e-18,849,449,2026-6-20 12:46:5,#503,Stj,TrX,1,red,enemy,range01_frame_000707.png,353.0,"#503[Stj]が#440[TrX]領有中のLv.1都市 #440(849,449)を攻撃し、陣営のために破壊宝箱×2を勝ち取りました"
#480,h-14,649,749,2026-6-20 12:48:4,#440,BAJ,WbW,2,blue,ally,range01_frame_000707.png,353.0,"#440[BAJ]が#480[WbW]領有中のLv.2都市 #480(649,749)を攻撃し、陣営のために破壊宝箱×5を勝ち取りました"
#480,g-16,749,649,2026-6-20 12:52:5,#440,GcC,BgNa,2,blue,ally,range01_frame_000707.png,353.0,"#440[GcC]が#480[BgNa]領有中のLv.2都市 #480(749,649)を攻撃し、陣営のために破壊宝箱×5を勝ち取りました"
#440,d-20,949,349,2026-6-20 12:36:2,#503,fzn,GoDs,1,red,enemy,range01_frame_000708.png,353.0,"#503[fzn]が#440[GoDs]領有中のLv.1都市 #440(949,349)を攻撃し、陣営のために破壊宝箱×2を勝ち取りました"
#511,j-10,449,949,2026-6-20 12:44:2,#480,CDf8,2N7,1,red,enemy,range01_frame_000708.png,353.0,"#480[CDf8]が#511[2N7]領有中のLv.1都市 #511(449,949)を攻撃し、陣営のために破壊宝箱×2を勝ち取りました"
#440,e-18,849,449,2026-6-20 12:46:5,#503,Stj,TrX,1,red,enemy,range01_frame_000708.png,353.0,"#503[Stj]が#440[TrX]領有中のLv.1都市 #440(849,449)を攻撃し、陣営のために破壊宝箱×2を勝ち取りました"
#480,h-14,649,749,2026-6-20 12:48:4,#440,BAJ,WbW,2,blue,ally,range01_frame_000708.png,353.0,"#440[BAJ]が#480[WbW]領有中のLv.2都市 #480(649,749)を攻撃し、陣営のために破壊宝箱×5を勝ち取りました"
#480,g-16,749,649,2026-6-20 12:52:5,#440,GcC,BgNa,2,blue,ally,range01_frame_000708.png,353.0,"#440[GcC]が#480[BgNa]領有中のLv.2都市 #480(749,649)を攻撃し、陣営のために破壊宝箱×5を勝ち取りました"
#440,d-20,949,349,2026-6-20 12:36:2,#440,,,1,unknown,unknown,range01_frame_000709.png,354.0,"#440(949,349)を攻撃し、陣営のために破壊宝箱×2を勝ち取りました"
#511,j-10,449,949,2026-6-20 12:44:2,#480,CDf8,2N7,1,red,enemy,range01_frame_000709.png,354.0,"#480[CDf8]が#511[2N7]領有中のLv.1都市 #511(449,949)を攻撃し、陣営のために破壊宝箱×2を勝ち取りました"
#440,e-18,849,449,2026-6-20 12:46:5,#503,Stj,TrX,1,red,enemy,range01_frame_000709.png,354.0,"#503[Stj]が#440[TrX]領有中のLv.1都市 #440(849,449)を攻撃し、陣営のために破壊宝箱×2を勝ち取りました"
#480,h-14,649,749,2026-6-20 12:48:4,#440,BAJ,WbW,2,blue,ally,range01_frame_000709.png,354.0,"#440[BAJ]が#480[WbW]領有中のLv.2都市 #480(649,749)を攻撃し、陣営のために破壊宝箱×5を勝ち取りました"
#480,g-16,749,649,2026-6-20 12:52:5,#440,GcC,BgNa,2,blue,ally,range01_frame_000709.png,354.0,"#440[GcC]が#480[BgNa]領有中のLv.2都市 #480(749,649)を攻撃し、陣営のために破壊宝箱×5を勝ち取りました"
#440,h-14,649,749,2026-6-20 12:56:,#476,476A,BAJ,2,red,enemy,range01_frame_000709.png,354.0,"#476[476A]が#440[BAJ]領有中のLv.2都市 #440(649,749)を攻撃し、陣営のために破壊宝箱×5を勝ち取りました"
#511,j-10,449,949,2026-6-20 12:44:2,#480,CDf8,2N7,1,red,enemy,range01_frame_000711.png,355.0,"#480[CDf8]が#511[2N7]領有中のLv.1都市 #511(449,949)を攻撃し、陣営のために破壊宝箱×2を勝ち取りました"
#440,e-18,849,449,2026-6-20 12:46:5,#503,Stj,TrX,1,red,enemy,range01_frame_000711.png,355.0,"#503[Stj]が#440[TrX]領有中のLv.1都市 #440(849,449)を攻撃し、陣営のために破壊宝箱×2を勝ち取りました"
#480,h-14,649,749,2026-6-20 12:48:4,#440,BAJ,wbW,2,blue,ally,range01_frame_000711.png,355.0,"#440[BAJ]が#480[wbW]領有中のLv.2都市 #480(649,749)を攻撃し、陣営のために破壊宝箱×5を勝ち取りました"
#480,g-16,749,649,2026-6-20 12:52:5,#440,GcC,BgNa,2,blue,ally,range01_frame_000711.png,355.0,"#440[GcC]が#480[BgNa]領有中のLv.2都市 #480(749,649)を攻撃し、陣営のために破壊宝箱×5を勝ち取りました"
#440,h-14,649,749,2026-6-20 20:02:0,#476,476A,BAJ,2,red,enemy,range01_frame_000711.png,355.0,"#476[476A]が#440[BAJ]領有中のLv.2都市 #440(649,749)を攻撃し、陣営のために破壊宝箱×5を勝ち取りました"
#480,h-14,649,749,2026-6-20 12:48:4,#440,BAJ,wbW,2,blue,ally,range01_frame_000712.png,355.0,"#440[BAJ]が#480[wbW]領有中のLv.2都市 #480(649,749)を攻撃し、陣営のために破壊宝箱×5を勝ち取りました"
#480,g-16,749,649,2026-6-20 12:52:5,#440,GcC,BgNa,2,blue,ally,range01_frame_000712.png,355.0,"#440[GcC]が#480[BgNa]領有中のLv.2都市 #480(749,649)を攻撃し、陣営のために破壊宝箱×5を勝ち取りました"
#440,h-14,649,749,2026-6-20 20:02:0,#476,476A,BAJ,2,red,enemy,range01_frame_000712.png,355.0,"#476[476A]が#440[BAJ]領有中のLv.2都市 #440(649,749)を攻撃し、陣営のために破壊宝箱×5を勝ち取りました"
#523,a-8,349,49,2026-6-20 20:02:3,#511,2N7,K4TR,1,blue,ally,range01_frame_000712.png,355.0,"#511[2N7]が#523[K4TR]領有中のLv.1都市 #523(349,49)を攻撃し、陣営のために破壊宝箱×2を勝ち取りました"
#523,b-8,349,149,2026-6-20 20:02:3,#511,2N7,K4TR,1,blue,ally,range01_frame_000712.png,355.0,"#511[2N7]が#523[K4TR]領有中のLv.1都市 #523(349,149)を攻撃し、陣営のために破壊宝箱×2を勝ち取りました"
#480,g-16,749,649,2026-6-20 12:48:4,#440,GcC,BgNa,2,blue,ally,range01_frame_000713.png,356.0,"#440[GcC]が#480[BgNa]領有中のLv.2都市 #480(749,649)を攻撃し、陣営のために破壊宝箱×5を勝ち取りました"
#440,h-14,649,749,2026-6-20 20:02:0,#476,476A,BAJ,2,red,enemy,range01_frame_000713.png,356.0,"#476[476A]が#440[BAJ]領有中のLv.2都市 #440(649,749)を攻撃し、陣営のために破壊宝箱×5を勝ち取りました"
#523,a-8,349,49,2026-6-20 20:02:3,#511,2N7,K4TR,1,blue,ally,range01_frame_000713.png,356.0,"#511[2N7]が#523[K4TR]領有中のLv.1都市 #523(349,49)を攻撃し、陣営のために破壊宝箱×2を勝ち取りました"
#523,b-8,349,149,2026-6-20 20:04:5,#511,2N7,K4TR,1,blue,ally,range01_frame_000713.png,356.0,"#511[2N7]が#523[K4TR]領有中のLv.1都市 #523(349,149)を攻撃し、陣営のために破壊宝箱×2を勝ち取りました"
#480,c-20,949,249,2026-6-20 20:05:1,#440,TaW,Digg,1,blue,ally,range01_frame_000713.png,356.0,"#440[TaW]が#480[Digg]領有中のLv.1都市 #480(949,249)を攻撃し、陣営のために破壊宝箱×2を勝ち取りました"
#440,h-14,649,749,2026-6-20 20:02:0,#476,476A,BAJ,2,red,enemy,range01_frame_000714.png,356.0,"#476[476A]が#440[BAJ]領有中のLv.2都市 #440(649,749)を攻撃し、陣営のために破壊宝箱×5を勝ち取りました"
#523,a-8,349,49,2026-6-20 20:02:3,#511,2N7,K4TR,1,blue,ally,range01_frame_000714.png,356.0,"#511[2N7]が#523[K4TR]領有中のLv.1都市 #523(349,49)を攻撃し、陣営のために破壊宝箱×2を勝ち取りました"
#523,b-8,349,149,2026-6-20 20:04:5,#511,2N7,K4TR,1,blue,ally,range01_frame_000714.png,356.0,"#511[2N7]が#523[K4TR]領有中のLv.1都市 #523(349,149)を攻撃し、陣営のために破壊宝箱×2を勝ち取りました"
#480,c-20,949,249,2026-6-20 20:05:1,#440,TaW,Digg,1,blue,ally,range01_frame_000714.png,356.0,"#440[TaW]が#480[Digg]領有中のLv.1都市 #480(949,249)を攻撃し、陣営のために破壊宝箱×2を勝ち取りました"
#523,g-10,449,649,2026-6-20 20:0,#509,FHX,flrE,3,blue,ally,range01_frame_000714.png,356.0,"#509[FHX]が#523[flrE]領有中のLv.3都市 #523(449,649)を攻撃し、陣営のために破壊宝箱×10を勝ち取りました"
#440,h-14,649,749,2026-6-20 20:02:0,#476,476A,BAJ,2,red,enemy,range01_frame_000715.png,357.0,"#476[476A]が#440[BAJ]領有中のLv.2都市 #440(649,749)を攻撃し、陣営のために破壊宝箱×5を勝ち取りました"
#523,a-8,349,49,2026-6-20 20:02:3,#511,2N7,K4TR,1,blue,ally,range01_frame_000715.png,357.0,"#511[2N7]が#523[K4TR]領有中のLv.1都市 #523(349,49)を攻撃し、陣営のために破壊宝箱×2を勝ち取りました"
#523,b-8,349,149,2026-6-20 20:04:5,#511,2N7,K4TR,1,blue,ally,range01_frame_000715.png,357.0,"#511[2N7]が#523[K4TR]領有中のLv.1都市 #523(349,149)を攻撃し、陣営のために破壊宝箱×2を勝ち取りました"
#480,c-20,949,249,2026-6-20 20:05:1,#440,TaU,Digg,1,blue,ally,range01_frame_000715.png,357.0,"#440[TaU]が#480[Digg]領有中のLv.1都市 #480(949,249)を攻撃し、陣営のために破壊宝箱×2を勝ち取りました"
#523,g-10,449,649,2026-6-20 20:05:1,#509,FHX,flrE,3,blue,ally,range01_frame_000715.png,357.0,"#509[FHX]が#523[flrE]領有中のLv.3都市 #523(449,649)を攻撃し、陣営のために破壊宝箱×10を勝ち取りました"
#511,h-4,149,749,2026-6-20 20:05:1,#523,NBNH,JLO,1,red,enemy,range01_frame_000715.png,357.0,"#523[NBNH]が#511[JLO]領有中のLv.1都市 #511(149,749)を攻撃し、陣営のために破壊宝箱×2を勝ち取りました"
#440,h-14,649,749,2026-6-20 20:02:0,#476,476A,BAJ,2,red,enemy,range01_frame_000716.png,357.0,"#476[476A]が#440[BAJ]領有中のLv.2都市 #440(649,749)を攻撃し、陣営のために破壊宝箱×5を勝ち取りました"
#523,a-8,349,49,2026-6-20 20:02:3,#511,2N7,K4TR,1,blue,ally,range01_frame_000716.png,357.0,"#511[2N7]が#523[K4TR]領有中のLv.1都市 #523(349,49)を攻撃し、陣営のために破壊宝箱×2を勝ち取りました"
#523,b-8,349,149,2026-6-20 20:04:5,#511,2N7,K4TR,1,blue,ally,range01_frame_000716.png,357.0,"#511[2N7]が#523[K4TR]領有中のLv.1都市 #523(349,149)を攻撃し、陣営のために破壊宝箱×2を勝ち取りました"
#480,c-20,949,249,2026-6-20 20:05:1,#440,TaU,Digg,1,blue,ally,range01_frame_000716.png,357.0,"#440[TaU]が#480[Digg]領有中のLv.1都市 #480(949,249)を攻撃し、陣営のために破壊宝箱×2を勝ち取りました"
#523,g-10,449,649,2026-6-20 20:05:1,#509,FHX,flrE,3,blue,ally,range01_frame_000716.png,357.0,"#509[FHX]が#523[flrE]領有中のLv.3都市 #523(449,649)を攻撃し、陣営のために破壊宝箱×10を勝ち取りました"
#511,h-4,149,749,2026-6-20 20:05:1,#523,NBNH,JLO,1,red,enemy,range01_frame_000716.png,357.0,"#523[NBNH]が#511[JLO]領有中のLv.1都市 #511(149,749)を攻撃し、陣営のために破壊宝箱×2を勝ち取りました"
#523,a-8,349,49,2026-6-20 20:02:31,#511,2N7,K4TR,1,blue,ally,range01_frame_000717.png,358.0,"#511[2N7]が#523[K4TR]領有中のLv.1都市#523(349,49)を攻撃し、陣営のために破壊宝箱×2を勝ち取りました"
#523,b-8,349,149,2026-6-20 20:04:50,#511,2N7,K4TR,1,blue,ally,range01_frame_000717.png,358.0,"#511[2N7]が#523[K4TR]領有中のLv.1都市#523(349,149)を攻撃し、陣営のために破壊宝箱×2を勝ち取りました"
#480,c-20,949,249,2026-6-20 20:05:11,#440,TaU,Digg,1,blue,ally,range01_frame_000717.png,358.0,"#440[TaU]が#480[Digg]領有中のLv.1都市#480(949,249)を攻撃し、陣営のために破壊宝箱×2を勝ち取りました"
#523,g-10,449,649,2026-6-20 20:05:18,#509,FHX,flrE,3,blue,ally,range01_frame_000717.png,358.0,"#509[FHX]が#523[flrE]領有中のLv.3都市#523(449,649)を攻撃し、陣営のために破壊宝箱×10を勝ち取りました"
#511,h-4,149,749,2026-6-20 20:05:18,#523,NBNH,JLO,1,red,enemy,range01_frame_000717.png,358.0,"#523[NBNH]が#511[JLO]領有中のLv.1都市#511(149,749)を攻撃し、陣営のために破壊宝箱×2を勝ち取りました"
#523,a-8,349,49,2026-6-20 20:02:30,#511,2N7,K4TR,1,blue,ally,range01_frame_000719.png,359.0,"#511[2N7]が#523[K4TR]領有中のLv.1都市#523(349,49)を攻撃し、陣営のために破壊宝箱×2を勝ち取りました"
#523,b-8,349,149,2026-6-20 20:04:50,#511,2N7,K4TR,1,blue,ally,range01_frame_000719.png,359.0,"#511[2N7]が#523[K4TR]領有中のLv.1都市#523(349,149)を攻撃し、陣営のために破壊宝箱×2を勝ち取りました"
#480,c-20,949,249,2026-6-20 20:05:10,#440,TaW,Digg,1,blue,ally,range01_frame_000719.png,359.0,"#440[TaW]が#480[Digg]領有中のLv.1都市#480(949,249)を攻撃し、陣営のために破壊宝箱×2を勝ち取りました"
#523,g-10,449,649,2026-6-20 20:05:19,#509,FHX,flrE,3,blue,ally,range01_frame_000719.png,359.0,"#509[FHX]が#523[flrE]領有中のLv.3都市#523(449,649)を攻撃し、陣営のために破壊宝箱×10を勝ち取りました"
#511,h-4,149,749,2026-6-20 20:08:30,#523,NBNH,JL0,1,red,enemy,range01_frame_000719.png,359.0,"#523[NBNH]が#511[JL0]領有中のLv.1都市#511(149,749)を攻撃し、陣営のために破壊宝箱×2を勝ち取りました"
#534,b-18,849,149,2026-6-20 20:09:0,#476,476Z,w6f,1,red,enemy,range01_frame_000720.png,359.0,"#476[476Z]が#534[w6f]領有中のLv.1都市#534(849,149)を攻撃し、陣営のために破壊宝箱×2を勝ち取りました"
#511,h-4,149,749,2026-6-20 20:08:30,#523,NBNH,JL0,1,red,enemy,range01_frame_000721.png,360.0,"#523[NBNH]が#511[JL0]領有中のLv.1都市#511(149,749)を攻撃し、陣営のために破壊宝箱×2を勝ち取りました"
#534,b-18,849,149,2026-6-20 20:09:0,#476,476Z,w6f,1,red,enemy,range01_frame_000721.png,360.0,"#476[476Z]が#534[w6f]領有中のLv.1都市#534(849,149)を攻撃し、陣営のために破壊宝箱×2を勝ち取りました"
#440,i-4,149,849,2026-6-20 20:13:4,#480,BgNa,GcC,1,red,enemy,range01_frame_000721.png,360.0,"#480[BgNa]が#440[GcC]領有中のLv.1都市#440(149,849)を攻撃し、陣営のために破壊宝箱×2を勝ち取りました"
#523,b-2,49,149,2026-6-20 20:16:0,#440,GoDs,EDFS,1,blue,ally,range01_frame_000721.png,360.0,"#440[GoDs]が#523[EDFS]領有中のLv.1都市#523(49,149)を攻撃し、陣営のために破壊宝箱×2を勝ち取りました"
#511,h-4,149,749,2026-6-20 20:08:30,#523,NBNH,JL0,1,red,enemy,range01_frame_000722.png,360.0,"#523[NBNH]が#511[JL0]領有中のLv.1都市#511(149,749)を攻撃し、陣営のために破壊宝箱×2を勝ち取りました"
#534,b-18,849,149,2026-6-20 20:09:0,#476,476Z,w6f,1,red,enemy,range01_frame_000722.png,360.0,"#476[476Z]が#534[w6f]領有中のLv.1都市#534(849,149)を攻撃し、陣営のために破壊宝箱×2を勝ち取りました"
#440,i-4,149,849,2026-6-20 20:13:4,#480,BgNa,GcC,1,red,enemy,range01_frame_000722.png,360.0,"#480[BgNa]が#440[GcC]領有中のLv.1都市#440(149,849)を攻撃し、陣営のために破壊宝箱×2を勝ち取りました"
#523,b-2,49,149,2026-6-20 20:16:0,#440,GoDs,EDFS,1,blue,ally,range01_frame_000722.png,360.0,"#440[GoDs]が#523[EDFS]領有中のLv.1都市#523(49,149)を攻撃し、陣営のために破壊宝箱×2を勝ち取りました"
#534,c-2,49,249,2026-6-20 20:16:0,#476,476C,n09,1,red,enemy,range01_frame_000722.png,360.0,"#476[476C]が#534[n09]領有中のLv.1都市#534(49,249)を攻撃し、陣営のために破壊宝箱×2を勝ち取りました"
#511,h-4,149,749,2026-6-20 20:08:3,#523,NBNH,JLO,1,red,enemy,range01_frame_000723.png,361.0,"#523[NBNH]が#511[JLO]領有中のLv.1都市 #511(149,749)を攻撃し、陣営のために破壊宝箱×2を勝ち取りました"
#534,b-18,849,149,2026-6-20 20:09:0,#476,476Z,w6f,1,red,enemy,range01_frame_000723.png,361.0,"#476[476Z]が#534[w6f]領有中のLv.1都市 #534(849,149)を攻撃し、陣営のために破壊宝箱×2を勝ち取りました"
#440,i-4,149,849,2026-6-20 20:13:4,#480,BgNa,Gcc,1,blue,ally,range01_frame_000723.png,361.0,"#480[BgNa]が#440[Gcc]領有中のLv.1都市 #440(149,849)を攻撃し、陣営のために破壊宝箱×2を勝ち取りました"
#523,b-2,49,149,2026-6-20 20:16:0,#440,GoDs,EDFS,1,blue,ally,range01_frame_000723.png,361.0,"#440[GoDs]が#523[EDFS]領有中のLv.1都市 #523(49,149)を攻撃し、陣営のために破壊宝箱×2を勝ち取りました"
#534,c-2,49,249,2026-6-20 20:20:2,#476,476C,n09,1,red,enemy,range01_frame_000723.png,361.0,"#476[476C]が#534[n09]領有中のLv.1都市 #534(49,249)を攻撃し、陣営のために破壊宝箱×2を勝ち取りました"
#511,h-4,149,749,2026-6-20 20:08:3,#523,NBNH,JLO,1,red,enemy,range01_frame_000724.png,361.0,"#523[NBNH]が#511[JLO]領有中のLv.1都市 #511(149,749)を攻撃し、陣営のために破壊宝箱×2を勝ち取りました"
#534,b-18,849,149,2026-6-20 20:09:0,#476,476Z,w6f,1,red,enemy,range01_frame_000724.png,361.0,"#476[476Z]が#534[w6f]領有中のLv.1都市 #534(849,149)を攻撃し、陣営のために破壊宝箱×2を勝ち取りました"
#440,i-4,149,849,2026-6-20 20:13:4,#480,BgNa,Gcc,1,blue,ally,range01_frame_000724.png,361.0,"#480[BgNa]が#440[Gcc]領有中のLv.1都市 #440(149,849)を攻撃し、陣営のために破壊宝箱×2を勝ち取りました"
#523,b-2,49,149,2026-6-20 20:16:0,#440,GoDs,EDFS,1,blue,ally,range01_frame_000724.png,361.0,"#440[GoDs]が#523[EDFS]領有中のLv.1都市 #523(49,149)を攻撃し、陣営のために破壊宝箱×2を勝ち取りました"
#534,c-2,49,249,2026-6-20 20:20:2,#476,476C,n09,1,red,enemy,range01_frame_000724.png,361.0,"#476[476C]が#534[n09]領有中のLv.1都市 #534(49,249)を攻撃し、陣営のために破壊宝箱×2を勝ち取りました"
#511,h-4,149,749,2026-6-20 20:08:3,#523,NBNH,JLO,1,red,enemy,range01_frame_000725.png,362.0,"#523[NBNH]が#511[JLO]領有中のLv.1都市 #511(149,749)を攻撃し、陣営のために破壊宝箱×2を勝ち取りました"
#534,b-18,849,149,2026-6-20 20:09:0,#476,476Z,w6f,1,red,enemy,range01_frame_000725.png,362.0,"#476[476Z]が#534[w6f]領有中のLv.1都市 #534(849,149)を攻撃し、陣営のために破壊宝箱×2を勝ち取りました"
#440,i-4,149,849,2026-6-20 20:13:4,#480,BgNa,GcC,1,red,enemy,range01_frame_000725.png,362.0,"#480[BgNa]が#440[GcC]領有中のLv.1都市 #440(149,849)を攻撃し、陣営のために破壊宝箱×2を勝ち取りました"
#523,b-2,49,149,2026-6-20 20:16:0,#440,GoDs,EDFS,1,blue,ally,range01_frame_000725.png,362.0,"#440[GoDs]が#523[EDFS]領有中のLv.1都市 #523(49,149)を攻撃し、陣営のために破壊宝箱×2を勝ち取りました"
#534,c-2,49,249,2026-6-20 20:20:2,#476,476C,n09,1,red,enemy,range01_frame_000725.png,362.0,"#476[476C]が#534[n09]領有中のLv.1都市 #534(49,249)を攻撃し、陣営のために破壊宝箱×2を勝ち取りました"
#511,h-4,149,749,2026-6-20 20:08:3,#523,NBNH,JLO,1,red,enemy,range01_frame_000726.png,362.0,"#523[NBNH]が#511[JLO]領有中のLv.1都市 #511(149,749)を攻撃し、陣営のために破壊宝箱×2を勝ち取りました"
#534,b-18,849,149,2026-6-20 20:09:0,#476,476Z,w6f,1,red,enemy,range01_frame_000726.png,362.0,"#476[476Z]が#534[w6f]領有中のLv.1都市 #534(849,149)を攻撃し、陣営のために破壊宝箱×2を勝ち取りました"
#440,i-4,149,849,2026-6-20 20:13:4,#480,BgNa,GcC,1,red,enemy,range01_frame_000726.png,362.0,"#480[BgNa]が#440[GcC]領有中のLv.1都市 #440(149,849)を攻撃し、陣営のために破壊宝箱×2を勝ち取りました"
#523,b-2,49,149,2026-6-20 20:16:0,#440,GoDs,EDFS,1,blue,ally,range01_frame_000726.png,362.0,"#440[GoDs]が#523[EDFS]領有中のLv.1都市 #523(49,149)を攻撃し、陣営のために破壊宝箱×2を勝ち取りました"
#534,c-2,49,249,2026-6-20 20:20:2,#476,476C,n09,1,red,enemy,range01_frame_000726.png,362.0,"#476[476C]が#534[n09]領有中のLv.1都市 #534(49,249)を攻撃し、陣営のために破壊宝箱×2を勝ち取りました"
#534,b-18,849,149,2026-6-20 20:08:3,#476,476Z,w6f,1,red,enemy,range01_frame_000727.png,363.0,"#476[476Z]が#534[w6f]領有中のLv.1都市 #534(849,149)を攻撃し、陣営のために破壊宝箱×2を勝ち取りました"
#440,i-4,149,849,2026-6-20 20:09:0,#480,BgNa,Gcc,1,red,enemy,range01_frame_000727.png,363.0,"#480[BgNa]が#440[Gcc]領有中のLv.1都市 #440(149,849)を攻撃し、陣営のために破壊宝箱×2を勝ち取りました"
#523,b-2,49,149,2026-6-20 20:16:0,#440,GoDs,EDFS,1,blue,ally,range01_frame_000727.png,363.0,"#440[GoDs]が#523[EDFS]領有中のLv.1都市 #523(49,149)を攻撃し、陣営のために破壊宝箱×2を勝ち取りました"
#534,c-2,49,249,2026-6-20 20:20:2,#476,476C,n09,1,red,enemy,range01_frame_000727.png,363.0,"#476[476C]が#534[n09]領有中のLv.1都市 #534(49,249)を攻撃し、陣営のために破壊宝箱×2を勝ち取りました"
#523,e-18,849,449,2026-6-20 20:21:3,#509,FHX,NBNH,1,blue,ally,range01_frame_000727.png,363.0,"#509[FHX]が#523[NBNH]領有中のLv.1都市 #523(849,449)を攻撃し、陣営のために破壊宝箱×2を勝ち取りました"
#440,i-4,149,849,2026-6-20 20:13:4,#480,BgNa,Gcc,1,red,enemy,range01_frame_000728.png,363.0,"#480[BgNa]が#440[Gcc]領有中のLv.1都市 #440(149,849)を攻撃し、陣営のために破壊宝箱×2を勝ち取りました"
#523,b-2,49,149,2026-6-20 20:16:0,#440,GoDs,EDFS,1,blue,ally,range01_frame_000728.png,363.0,"#440[GoDs]が#523[EDFS]領有中のLv.1都市 #523(49,149)を攻撃し、陣営のために破壊宝箱×2を勝ち取りました"
#534,c-2,49,249,2026-6-20 20:20:2,#476,476C,n09,1,red,enemy,range01_frame_000728.png,363.0,"#476[476C]が#534[n09]領有中のLv.1都市 #534(49,249)を攻撃し、陣営のために破壊宝箱×2を勝ち取りました"
#523,e-18,849,449,2026-6-20 20:21:3,#509,FHX,NBNH,1,blue,ally,range01_frame_000728.png,363.0,"#509[FHX]が#523[NBNH]領有中のLv.1都市 #523(849,449)を攻撃し、陣営のために破壊宝箱×2を勝ち取りました"
#440,c-10,449,249,2026-6-20 20:55:1,#476,476B,Gcc,2,red,enemy,range01_frame_000728.png,363.0,"#476[476B]が#440[Gcc]領有中のLv.2都市 #440(449,249)を攻撃し、陣営のために破壊宝箱×5を勝ち取りました"
#440,i-4,149,849,2026-6-20 20:13:4,#480,BgNa,Gcc,1,red,enemy,range01_frame_000729.png,364.0,"#480[BgNa]が#440[Gcc]領有中のLv.1都市 #440(149,849)を攻撃し、陣営のために破壊宝箱×2を勝ち取りました"
#523,b-2,49,149,2026-6-20 20:16:0,#440,GoDs,EDFS,1,blue,ally,range01_frame_000729.png,364.0,"#440[GoDs]が#523[EDFS]領有中のLv.1都市 #523(49,149)を攻撃し、陣営のために破壊宝箱×2を勝ち取りました"
#534,c-2,49,249,2026-6-20 20:20:2,#476,476C,n09,1,red,enemy,range01_frame_000729.png,364.0,"#476[476C]が#534[n09]領有中のLv.1都市 #534(49,249)を攻撃し、陣営のために破壊宝箱×2を勝ち取りました"
#523,e-18,849,449,2026-6-20 20:21:3,#509,FHX,NBNH,1,blue,ally,range01_frame_000729.png,364.0,"#509[FHX]が#523[NBNH]領有中のLv.1都市 #523(849,449)を攻撃し、陣営のために破壊宝箱×2を勝ち取りました"
#440,c-10,449,249,2026-6-20 20:55:1,#476,476B,Gcc,2,red,enemy,range01_frame_000729.png,364.0,"#476[476B]が#440[Gcc]領有中のLv.2都市 #440(449,249)を攻撃し、陣営のために破壊宝箱×5を勝ち取りました"
#440,i-4,149,849,2026-6-20 20:13:4,#480,BgNa,GcC,1,red,enemy,range01_frame_000731.png,365.0,"#480[BgNa]が#440[GcC]領有中のLv.1都市 #440(149,849)を攻撃し、陣営のために破壊宝箱×2を勝ち取りました"
#523,b-2,49,149,2026-6-20 20:16:0,#440,GoDs,EDFS,1,blue,ally,range01_frame_000731.png,365.0,"#440[GoDs]が#523[EDFS]領有中のLv.1都市 #523(49,149)を攻撃し、陣営のために破壊宝箱×2を勝ち取りました"
#534,c-2,49,249,2026-6-20 20:20:2,#476,476C,n09,1,red,enemy,range01_frame_000731.png,365.0,"#476[476C]が#534[n09]領有中のLv.1都市 #534(49,249)を攻撃し、陣営のために破壊宝箱×2を勝ち取りました"
#523,e-18,849,449,2026-6-20 20:21:3,#509,FHX,NBNH,1,blue,ally,range01_frame_000731.png,365.0,"#509[FHX]が#523[NBNH]領有中のLv.1都市 #523(849,449)を攻撃し、陣営のために破壊宝箱×2を勝ち取りました"
#440,c-10,449,249,2026-6-20 20:55:1,#476,476B,GcC,2,red,enemy,range01_frame_000731.png,365.0,"#476[476B]が#440[GcC]領有中のLv.2都市 #440(449,249)を攻撃し、陣営のために破壊宝箱×5を勝ち取りました"
#440,i-4,149,849,2026-6-20 20:13:4,#480,BgNa,GcC,1,red,enemy,range01_frame_000732.png,365.0,"#480[BgNa]が#440[GcC]領有中のLv.1都市 #440(149,849)を攻撃し、陣営のために破壊宝箱×2を勝ち取りました"
#523,b-2,49,149,2026-6-20 20:16:0,#440,GoDs,EDFS,1,blue,ally,range01_frame_000732.png,365.0,"#440[GoDs]が#523[EDFS]領有中のLv.1都市 #523(49,149)を攻撃し、陣営のために破壊宝箱×2を勝ち取りました"
#534,c-2,49,249,2026-6-20 20:20:2,#476,476C,n09,1,red,enemy,range01_frame_000732.png,365.0,"#476[476C]が#534[n09]領有中のLv.1都市 #534(49,249)を攻撃し、陣営のために破壊宝箱×2を勝ち取りました"
#523,e-18,849,449,2026-6-20 20:21:3,#509,FHX,NBNH,1,blue,ally,range01_frame_000732.png,365.0,"#509[FHX]が#523[NBNH]領有中のLv.1都市 #523(849,449)を攻撃し、陣営のために破壊宝箱×2を勝ち取りました"
#440,c-10,449,249,2026-6-20 20:55:1,#476,476B,GcC,2,red,enemy,range01_frame_000732.png,365.0,"#476[476B]が#440[GcC]領有中のLv.2都市 #440(449,249)を攻撃し、陣営のために破壊宝箱×5を勝ち取りました"
#440,i-4,149,849,2026-6-20 20:13:4,#480,BgNa,Gcc,1,red,enemy,range01_frame_000733.png,366.0,"#480[BgNa]が#440[Gcc]領有中のLv.1都市 #440(149,849)を攻撃し、陣営のために破壊宝箱×2を勝ち取りました"
#523,b-2,49,149,2026-6-20 20:16:0,#440,GoDs,EDFS,1,blue,ally,range01_frame_000733.png,366.0,"#440[GoDs]が#523[EDFS]領有中のLv.1都市 #523(49,149)を攻撃し、陣営のために破壊宝箱×2を勝ち取りました"
#534,c-2,49,249,2026-6-20 20:20:2,#476,476C,n09,1,red,enemy,range01_frame_000733.png,366.0,"#476[476C]が#534[n09]領有中のLv.1都市 #534(49,249)を攻撃し、陣営のために破壊宝箱×2を勝ち取りました"
#523,e-18,849,449,2026-6-20 20:21:3,#509,FHX,NBNH,1,blue,ally,range01_frame_000733.png,366.0,"#509[FHX]が#523[NBNH]領有中のLv.1都市 #523(849,449)を攻撃し、陣営のために破壊宝箱×2を勝ち取りました"
#440,c-10,449,249,2026-6-20 20:55:1,#476,476B,Gcc,2,red,enemy,range01_frame_000733.png,366.0,"#476[476B]が#440[Gcc]領有中のLv.2都市 #440(449,249)を攻撃し、陣営のために破壊宝箱×5を勝ち取りました"
#480,h-14,649,749,,#440,BAJ,UbUJ,2,blue,ally,range01_frame_000735.png,367.0,"Lv.2 X:649,Y:749 #440[BAJ] #480[UbUJ]"
#523,g-10,449,649,,#509,FHX,flrE,3,red,enemy,range01_frame_000735.png,367.0,"Lv.3 X:449,Y:649 #509[FHX] #523[flrE]"
#523,g-4,149,649,,#534,unknown,unknown,unknown,blue,ally,range01_frame_000735.png,367.0,#534[?] #523[?]
#523,e-18,849,449,,#509,FHX,NBNH,1,red,enemy,range01_frame_000735.png,367.0,"Lv.1 X:849,Y:449 #509[FHX] #523[NBNH]"
#523,h-10,449,749,,#534,JDX,flrE,2,blue,ally,range01_frame_000735.png,367.0,"Lv.2 X:449,Y:749 #534[JDX] #523[flrE]"
#523,g-4,149,649,,#523,SDU,unknown,1,red,enemy,range01_frame_000735.png,367.0,"Lv.1 X:149,Y:649 #534[KTVS] #523[SDU]"
